iteration,float32_us,scalar_int8_us,simd_int8_us
1,1.9360,1.9082,2.0128
2,1.9337,1.8930,1.9637
3,1.9916,2.4854,1.9647
4,1.9049,2.7292,1.9568
5,1.8573,2.6054,1.9549
6,1.8572,2.7337,1.9899
7,1.8548,2.6220,1.9641
8,1.9067,2.6261,1.9453
9,1.8558,2.6708,1.9500
10,1.8535,2.7409,1.9542
11,1.8470,2.6401,1.9506
12,1.8470,2.6554,1.9800
13,1.8838,2.4063,1.9510
14,1.8469,2.0254,1.9560
15,1.8446,1.8786,1.9545
16,1.7826,1.8724,1.9515
17,1.7818,2.0120,1.9829
18,1.7750,1.8559,1.9645
19,1.8140,1.9119,1.9587
20,1.7654,1.8542,1.9422
21,1.7710,1.8569,1.9521
22,1.7646,1.8555,1.9742
23,1.7690,1.8531,1.9488
24,1.7926,1.8917,1.9505
25,1.8963,1.8586,1.9545
26,1.7771,1.8606,1.9526
27,1.7617,1.8591,1.9902
28,1.7764,1.8597,1.9477
29,1.7632,1.8584,1.9558
30,2.0709,1.8918,1.9617
31,1.7779,1.8579,1.9685
32,1.7772,1.8566,1.9801
33,1.7802,1.8547,1.9552
34,1.7803,1.8527,1.9568
35,1.8529,1.8855,1.9627
36,1.7747,1.8514,1.9655
37,1.7790,1.8523,1.9841
38,1.7780,1.8526,1.9567
39,1.7744,1.8519,1.9706
40,1.7808,1.8863,1.9622
41,1.8268,1.8566,1.9669
42,1.7067,1.8594,1.9808
43,1.7119,1.8596,1.9548
44,1.7114,1.8666,1.9553
45,1.7103,1.8562,1.9555
46,1.7139,1.8806,1.9529
47,1.8449,1.8502,1.9708
48,1.1642,1.8508,1.9578
49,1.1652,1.8527,1.9552
50,0.8310,1.8481,1.9512
51,0.8186,1.8843,1.9575
52,0.8168,1.8727,1.9687
53,0.8219,1.8823,1.9582
54,0.8221,1.8577,1.9562
55,0.8169,1.8585,1.9679
56,0.8221,1.8564,1.9482
57,0.8562,1.8773,1.9736
58,0.8086,1.8504,1.9730
59,0.8042,1.8520,1.9932
60,0.8022,1.8523,1.9533
61,0.7996,1.8466,1.9947
62,0.8018,1.8822,1.9571
63,0.7990,1.8571,1.9830
64,0.7971,1.8540,1.9595
65,0.7973,1.8571,1.9639
66,0.8017,1.8569,1.9576
67,0.8026,1.8844,1.9526
68,0.7990,1.8685,1.9757
69,0.7970,2.2852,1.9554
70,0.8645,2.3335,1.9613
71,0.9586,2.2025,1.9598
72,0.9921,1.9096,1.9501
73,0.9811,1.8559,1.9761
74,0.9760,1.8552,1.9613
75,0.9724,1.8570,1.9615
76,0.9716,1.8627,1.9685
77,0.9771,1.8972,1.9519
78,0.9759,1.8538,1.9644
79,0.9754,1.8579,1.9475
80,1.0270,1.8589,1.9562
81,0.9799,1.8595,1.9606
82,0.9828,1.8585,1.9690
83,0.9571,1.8961,2.0071
84,0.9173,1.8525,1.9677
85,0.9199,1.8530,1.9687
86,0.9337,1.8522,1.9770
87,0.8942,1.8541,1.9718
88,0.8944,1.8853,2.0029
89,0.8915,1.8563,1.9592
90,0.8919,1.8564,1.9834
91,0.9797,1.8573,1.9738
92,0.8883,1.8563,1.9677
93,0.8910,1.9124,1.9878
94,0.8983,1.8565,1.9535
95,0.8584,1.8680,1.9619
96,0.8427,1.8596,1.9580
97,0.8461,1.8563,1.9516
98,0.8428,1.8577,1.9837
99,0.8183,1.9045,1.9620
100,0.8182,1.8578,1.9734
101,0.8224,1.8587,1.9534
102,0.8189,1.8586,1.9599
103,0.8000,1.8628,1.9829
104,0.7980,1.8973,1.9825
105,0.7972,1.8608,1.9610
106,0.7987,1.8747,1.9590
107,0.7995,1.8560,1.9695
108,0.8005,1.8572,1.9783
109,0.8026,1.9469,1.9622
110,0.8034,2.0183,1.9590
111,0.7994,1.9887,1.9487
112,0.7974,2.1173,1.9637
113,0.7997,1.9987,1.9724
114,0.7983,1.9300,1.9636
115,0.8608,1.8622,1.9657
116,0.7855,1.8576,1.9607
117,0.7906,1.8573,1.9639
118,0.7945,1.8644,1.9875
119,0.7941,1.8590,1.9547
120,0.7944,1.8978,1.9544
121,0.7917,1.8613,1.9561
122,0.7903,1.8591,1.9470
123,0.7924,1.8680,1.9563
124,0.7920,1.8589,1.9730
125,0.7935,1.8848,1.9691
126,0.7915,1.8559,1.9613
127,0.7915,1.8559,1.9644
128,0.9399,1.8571,1.9684
129,0.7967,1.8558,1.9752
130,0.7959,1.8565,1.9570
131,0.7954,1.8773,1.9590
132,0.7967,1.8514,1.9540
133,0.7965,1.8518,1.9615
134,0.7955,1.8596,1.9769
135,0.7960,1.8576,1.9554
136,0.7941,1.8955,1.9565
137,0.7973,1.8850,1.9469
138,0.7956,1.9686,1.9558
139,0.7926,1.8613,1.9670
140,0.8595,1.9240,1.9509
141,0.7978,1.8932,1.9557
142,0.7947,1.8570,1.9511
143,0.7984,1.9179,1.9522
144,0.7989,1.8703,1.9730
145,0.7969,1.8642,1.9611
146,0.7970,1.9042,1.9656
147,0.7990,1.8623,1.9568
148,0.7994,1.8604,1.9578
149,0.7970,1.8594,1.9750
150,0.7964,1.8577,1.9562
151,0.7972,1.8570,1.9532
152,0.8172,1.9305,1.9410
153,0.7963,2.2052,1.9499
154,0.7976,2.0086,1.9786
155,0.7875,1.8567,1.9488
156,0.7885,1.8622,1.9527
157,0.7875,1.8958,1.9494
158,0.7883,1.8566,1.9383
159,0.7971,1.8554,1.9674
160,0.7975,1.8542,1.9652
161,0.7973,1.8540,1.9632
162,0.7983,1.8910,1.9601
163,0.7949,1.8553,1.9521
164,0.7977,1.8565,1.9758
165,0.8150,1.8575,1.9586
166,0.7893,1.8571,1.9534
167,0.7884,1.8577,1.9572
168,0.7994,1.8851,1.9681
169,0.7980,1.8489,1.9402
170,0.7992,1.8504,1.9772
171,0.7988,1.8565,1.9550
172,0.7988,1.9214,1.9520
173,0.7978,1.8962,1.9551
174,0.7953,1.8576,1.9588
175,0.7949,1.8584,1.9773
176,0.7912,1.8565,1.9598
177,0.8125,1.8579,1.9620
178,0.8193,1.9010,1.9675
179,0.8098,1.8564,1.9634
180,0.7943,1.8565,1.9765
181,0.7952,1.8578,1.9597
182,0.7942,1.8574,1.9661
183,0.7964,1.8576,1.9778
184,0.7957,1.9547,1.9630
185,0.7954,1.8566,1.9880
186,0.8091,1.8564,1.9629
187,0.7960,1.8562,1.9641
188,0.7970,1.8567,1.9688
189,0.7974,1.8769,1.9605
190,0.8218,1.8525,1.9855
191,0.7935,1.8502,1.9588
192,0.7933,1.8566,1.9592
193,0.7921,1.8505,1.9574
194,0.7919,1.8697,1.9588
195,0.7941,1.8543,1.9893
196,0.7921,1.8549,1.9677
197,0.7930,1.8556,1.9478
198,0.7912,1.8549,1.9513
199,0.7918,1.8560,1.9617
200,0.7916,1.8747,1.9947
201,0.7915,1.8661,1.9507
202,0.7915,1.8573,1.9560
203,0.8405,1.8561,1.9531
204,0.7942,1.8585,1.9615
205,0.7947,1.8800,2.0043
206,0.7943,1.8555,1.9597
207,0.7921,1.8548,1.9602
208,0.7937,1.8548,1.9478
209,0.7914,1.8535,1.9455
210,0.7929,1.8568,1.9862
211,0.7925,1.8830,1.9675
212,0.7922,1.8554,1.9608
213,0.7919,1.8556,1.9515
214,0.7925,1.8564,1.9435
215,0.8194,1.8573,1.9807
216,0.7921,1.8745,1.9642
217,0.7925,1.8509,1.9644
218,0.7927,1.8529,1.9667
219,0.7939,1.8520,1.9666
220,0.7937,1.8527,1.9889
221,0.7880,1.8833,1.9544
222,0.7879,1.8546,1.9551
223,0.7871,1.8556,1.9545
224,0.7884,1.8573,1.9650
225,0.7881,1.8566,1.9699
226,0.7873,1.8576,1.9548
227,0.7879,1.8822,1.9664
228,0.8083,1.8553,1.9530
229,0.7990,1.8702,1.9451
230,0.7975,1.8574,1.9478
231,0.8106,1.8575,2.0137
232,0.7995,1.8776,1.9817
233,0.7970,1.8551,1.9730
234,0.7970,1.8553,2.0082
235,0.7968,1.8567,2.0028
236,0.7962,1.8573,2.0161
237,0.7971,1.8749,1.9600
238,0.7978,1.9056,1.9742
239,0.7984,2.3596,1.9567
240,0.8423,1.8624,1.9670
241,0.7959,1.8581,2.0064
242,0.7963,1.9104,1.9535
243,0.7869,1.8575,1.9717
244,0.8098,1.8572,1.9639
245,0.7972,1.8548,1.9747
246,0.7962,1.8518,1.9819
247,0.7960,1.8552,1.9516
248,0.7951,1.8900,1.9603
249,0.7958,1.8569,1.9759
250,0.7956,1.8569,1.9761
251,0.7964,1.8587,1.9912
252,0.7965,1.8580,1.9663
253,0.8296,1.8860,1.9547
254,0.7960,1.8584,1.9563
255,0.7955,1.8577,1.9678
256,0.7953,1.8563,1.9777
257,0.7952,1.8579,1.9566
258,0.7961,1.8567,1.9568
259,0.7963,1.9003,1.9549
260,0.7953,1.8561,1.9508
261,0.7959,1.8510,1.9753
262,0.7956,1.8513,1.9595
263,0.7950,1.8571,1.9652
264,0.7960,1.8821,1.9664
265,0.8450,1.8540,1.9709
266,0.7957,1.8555,1.9866
267,0.7931,1.8560,1.9491
268,0.7930,1.8560,1.9572
269,0.7912,1.8761,1.9551
270,0.7912,1.8553,1.9598
271,0.7915,1.8555,1.9817
272,0.7895,1.8558,1.9584
273,0.7907,1.8565,1.9559
274,0.7898,1.8554,1.9708
275,0.7909,1.8726,1.9677
276,0.7901,1.8805,1.9863
277,0.7905,1.8548,1.9579
278,0.8418,1.8566,1.9597
279,0.7994,1.8579,1.9668
280,0.7999,1.8870,1.9722
281,0.7998,1.8553,1.9838
282,0.7994,1.8569,1.9558
283,0.7987,1.8571,1.9550
284,0.7994,1.8582,1.9570
285,0.7991,1.8871,1.9566
286,0.7999,1.8562,1.9764
287,0.7989,1.8567,1.9512
288,0.8000,1.8567,1.9572
289,0.7989,1.8551,1.9612
290,0.8301,1.8546,1.9674
291,0.7965,1.8763,1.9660
292,0.7955,1.8565,1.9934
293,0.7964,1.8572,1.9839
294,0.7958,1.8565,2.4765
295,0.7965,1.8566,2.0087
296,0.7976,1.8974,2.0302
297,0.7957,1.8547,1.9772
298,0.7976,1.8555,1.9846
299,0.7961,1.8544,1.9525
300,0.7964,1.8555,1.9744
301,0.7970,1.8554,2.0138
302,0.7973,1.8682,1.9881
303,0.8666,1.8568,1.9583
304,0.7999,1.8554,1.9997
305,0.7990,1.8568,1.9983
306,0.8002,1.8556,2.0390
307,0.7984,1.8690,1.9949
308,0.7988,1.8540,2.0008
309,0.7996,1.8547,2.0021
310,0.7986,1.8552,2.0003
311,0.7987,1.8552,2.0251
312,0.7992,1.8796,1.9838
313,0.7896,1.8546,2.0183
314,0.7886,1.8557,1.9944
315,0.8560,1.8555,1.9858
316,0.7971,1.8524,1.9838
317,0.7985,1.8566,1.9654
318,0.7974,1.8676,1.9666
319,0.7978,1.8545,1.9962
320,0.7984,1.8536,1.9992
321,0.7976,1.8524,2.0006
322,0.7981,1.8530,1.9758
323,0.7987,1.8768,1.9641
324,0.7969,1.9028,1.9666
325,0.7977,1.8567,1.9720
326,0.7987,1.8992,2.0040
327,0.7983,1.8562,1.9776
328,0.8477,1.8748,1.9813
329,0.7968,1.8561,1.9647
330,0.7954,1.8579,1.9631
331,0.7960,1.8581,1.9613
332,0.7880,1.8567,2.0087
333,0.7876,1.8579,1.9575
334,0.7903,1.8707,1.9592
335,0.7969,1.8528,1.9563
336,0.7972,1.8514,1.9469
337,0.7966,1.8521,1.9798
338,0.7967,1.8503,1.9480
339,0.7972,1.8757,1.9464
340,0.8513,1.8558,1.9487
341,0.7963,1.8557,1.9805
342,0.7980,1.8554,1.9900
343,0.7980,1.8566,1.9506
344,0.7984,1.8553,1.9585
345,0.7867,1.8702,1.9515
346,0.8118,1.8560,1.9563
347,0.7984,1.8556,1.9898
348,0.7980,1.8565,1.9559
349,0.7984,1.8561,1.9459
350,0.7986,1.8736,1.9502
351,0.7979,1.8558,1.9583
352,0.7983,1.8565,1.9854
353,0.8716,1.8547,1.9472
354,0.7933,1.8565,1.9412
355,0.7946,1.8748,1.9421
356,0.7935,1.8552,1.9423
357,0.7955,1.8553,1.9774
358,0.7962,1.8550,1.9591
359,0.7958,1.8557,1.9754
360,0.7955,1.8566,1.9597
361,0.7959,1.8882,1.9620
362,0.7960,1.8762,1.9858
363,0.7949,1.9095,1.9669
364,0.7939,1.8575,1.9492
365,0.8398,1.8567,1.9526
366,0.7967,1.8720,1.9587
367,0.7979,1.8549,1.9813
368,0.7975,1.8553,2.0567
369,0.7970,1.8563,2.5404
370,0.7978,1.8555,2.3522
371,0.7979,1.8684,2.0668
372,0.7981,1.8564,2.0419
373,0.7979,1.8565,1.9905
374,0.7989,1.8563,2.0045
375,0.7973,1.8559,1.9873
376,0.7973,1.8557,1.9951
377,0.7967,1.8876,2.0328
378,0.8365,1.8807,1.9869
379,0.7981,1.8809,1.9664
380,0.7994,1.8796,1.9683
381,0.7896,1.8794,1.9870
382,0.7990,1.8895,2.0161
383,0.7982,1.8797,1.9880
384,0.7990,1.8798,1.9663
385,0.7988,1.8788,1.9881
386,0.7986,1.8794,1.9638
387,0.7987,1.8903,2.0295
388,0.7981,1.8760,1.9825
389,0.8002,1.8765,1.9625
390,0.8450,1.8772,1.9835
391,0.7977,1.8777,1.9874
392,0.7993,1.8768,1.9941
393,0.7988,1.8881,1.9972
394,0.7978,1.8739,1.9644
395,0.7973,1.8736,1.9914
396,0.7982,1.8724,1.9604
397,0.7980,1.8739,2.0145
398,0.7874,1.8890,1.9831
399,0.7883,1.8534,1.9902
400,0.7870,1.8535,1.9607
401,0.7883,1.8540,1.9953
402,0.7876,1.8543,2.0046
403,0.8269,1.8705,2.0007
404,0.7984,1.8523,1.9975
405,0.7967,1.8504,1.9964
406,0.7970,1.8496,1.9932
407,0.7954,1.8494,2.0116
408,0.7965,1.8496,2.0019
409,0.7965,1.8660,1.9981
410,0.7973,1.8506,1.9882
411,0.7962,1.8507,1.9991
412,0.7972,1.8505,2.0069
413,0.7972,1.8497,1.9903
414,0.7972,1.8747,1.9877
415,0.8820,1.8500,1.9884
416,0.7975,1.8518,1.9870
417,0.7999,1.8513,2.0040
418,0.7992,1.8496,1.9808
419,0.7986,1.8490,1.9712
420,0.7991,1.8684,1.9886
421,0.7877,1.8462,2.0022
422,0.7885,1.8457,2.0088
423,0.7878,1.8459,1.9852
424,0.7887,1.8460,1.9885
425,0.7885,1.8650,1.9841
426,0.7886,1.8964,1.9900
427,0.7890,1.8568,2.0201
428,0.8564,1.8565,1.9949
429,0.7974,1.8990,1.9778
430,0.8103,1.8725,1.9705
431,0.7983,1.8563,1.9978
432,0.7978,1.8562,2.0050
433,0.7976,1.8547,1.9603
434,0.7980,1.8545,1.9772
435,0.7984,1.8537,1.9748
436,0.7978,1.8688,1.9696
437,0.7970,1.8514,1.9914
438,0.7962,1.8520,1.9650
439,0.7878,1.8478,1.9695
440,0.8453,1.8521,1.9703
441,0.7964,1.8697,1.9603
442,0.7964,1.8561,1.9726
443,0.7953,1.8562,1.9567
444,0.7961,1.8583,1.9402
445,0.7964,1.8559,1.9444
446,0.7964,1.8767,1.9471
447,0.7974,1.8534,1.9715
448,0.7960,1.8515,2.0335
449,0.7968,1.8804,2.3722
450,0.7959,1.8574,2.0049
451,0.7956,1.8581,1.9936
452,0.7951,1.8899,2.0403
453,0.8591,1.8590,1.9973
454,0.7974,1.8579,1.9900
455,0.7975,1.9293,1.9703
456,0.7961,1.8559,1.9713
457,0.7964,1.8783,2.0040
458,0.7873,1.8529,1.9712
459,0.7870,1.8580,1.9829
460,0.7874,1.8568,1.9711
461,0.7877,1.8564,1.9901
462,0.7881,1.8559,2.0213
463,0.7871,1.8758,1.9775
464,0.7879,1.8587,1.9726
465,0.8613,1.8583,1.9812
466,0.7968,1.8553,1.9721
467,0.7976,1.8559,1.9930
468,0.7982,1.8702,1.9870
469,0.7982,1.8456,1.9902
470,0.7976,1.8480,1.9883
471,0.7975,1.8457,1.9666
472,0.8202,1.8472,2.0076
473,0.7970,1.8628,1.9627
474,0.7987,1.8498,2.0007
475,0.7975,1.8510,2.0017
476,0.8134,1.8490,2.0004
477,0.8233,1.8492,2.0174
478,0.8033,1.8518,1.9912
479,0.7965,1.8802,1.9695
480,0.7964,1.8513,2.0023
481,0.7966,1.8510,1.9698
482,0.7968,1.8518,2.0078
483,0.7970,1.8509,1.9790
484,0.7968,1.8654,1.9968
485,0.7960,1.8508,1.9986
486,0.7966,1.8513,1.9920
487,0.7970,1.8517,1.9978
488,0.8003,1.8513,1.9900
489,0.7959,1.8644,1.9652
490,0.8250,1.9024,1.9719
491,0.7955,1.8574,1.9760
492,0.8000,1.8995,1.9834
493,0.7979,1.8552,1.9966
494,0.8107,1.8570,1.9977
495,0.7892,1.8704,1.9913
496,0.7992,1.8574,1.9977
497,0.7969,1.8569,2.0099
498,0.7937,1.8565,1.9982
499,0.7909,1.8566,1.9965
500,0.7886,2.0698,2.0040
501,0.7990,1.8499,2.0057
502,0.7977,1.8488,2.0130
503,0.8560,1.8504,1.9969
504,0.7981,1.8508,2.0148
505,0.7979,1.8650,2.0130
506,0.7989,1.8571,2.0113
507,0.7977,1.8578,2.0192
508,0.7983,1.8567,1.9964
509,0.7979,1.8569,1.9952
510,0.7959,1.8571,1.9936
511,0.7879,1.8740,1.9962
512,0.7886,1.8557,2.0116
513,0.7880,1.8579,1.9971
514,0.7874,1.8562,1.9966
515,0.8558,1.8567,1.9983
516,0.7935,1.8782,1.9749
517,0.7924,1.8771,1.9954
518,0.7955,1.8774,1.9654
519,0.7944,1.8772,1.9698
520,0.7953,1.8768,1.9706
521,0.7963,1.8770,1.9868
522,0.7963,1.8915,2.0016
523,0.7948,1.8791,1.9929
524,0.7941,1.8781,1.9889
525,0.7955,1.9001,1.9787
526,0.7962,1.8514,1.9962
527,0.7950,1.8878,2.0144
528,0.8241,1.8571,1.9817
529,0.7985,1.8568,2.1870
530,0.7961,1.8578,2.2563
531,0.7985,2.8659,1.9760
532,0.7990,3.2899,2.0940
533,0.7988,2.3082,1.9747
534,0.7988,1.9844,1.9838
535,0.7988,1.9863,1.9626
536,0.7980,2.0832,1.9717
537,0.7986,1.9654,2.0019
538,0.7976,1.9308,1.9996
539,0.7984,1.9346,1.9688
540,0.8443,1.9431,1.9694
541,0.7941,2.0345,1.9865
542,0.7950,1.9336,2.0097
543,0.7943,1.9321,1.9786
544,0.7919,1.9343,1.9795
545,0.7925,1.9349,1.9793
546,0.7950,2.0359,1.9660
547,0.7955,1.9640,1.9887
548,0.7899,1.9366,1.9730
549,0.7953,1.9260,1.9621
550,0.7939,1.9074,1.9845
551,0.7950,1.9626,1.9862
552,0.7943,1.8791,1.9852
553,0.8639,1.8805,1.9684
554,0.7894,1.8792,1.9688
555,0.7890,1.8799,1.9830
556,0.7885,1.8868,1.9720
557,0.7990,1.9103,1.9954
558,0.7993,1.8794,1.9742
559,0.7976,1.8804,1.9767
560,0.7986,1.8818,1.9735
561,0.7956,1.8814,1.9483
562,0.7987,1.9008,1.9914
563,0.7989,1.8782,1.9669
564,0.7982,1.8793,1.9845
565,0.8460,1.8789,1.9662
566,0.8002,1.8791,1.9829
567,0.8007,1.9048,1.9980
568,0.7996,1.8719,1.9815
569,0.7998,1.8727,1.9683
570,0.7992,1.8726,1.9587
571,0.8125,1.8724,1.9731
572,0.8003,1.8861,1.9856
573,0.8000,1.8790,1.9642
574,0.7992,1.8785,1.9763
575,0.7999,1.8789,1.9711
576,0.8001,1.8784,1.9681
577,0.8141,1.8785,1.9675
578,0.7958,1.8869,1.9934
579,0.7953,1.8733,1.9643
580,0.7956,1.8731,1.9883
581,0.7958,1.8718,1.9502
582,0.7954,1.8719,1.9631
583,0.7955,1.8914,1.9813
584,0.7963,1.9205,1.9638
585,0.7960,1.8721,1.9640
586,0.7962,1.8789,1.9619
587,0.7966,1.9237,1.9636
588,0.7973,1.8912,1.9849
589,0.7969,1.8713,1.9706
590,0.8152,1.8672,1.9940
591,0.7953,1.8665,1.9692
592,0.7955,1.8667,1.9670
593,0.7953,1.8674,1.9859
594,0.7963,1.8870,1.9933
595,0.7958,1.8714,1.9956
596,0.7953,1.8727,1.9724
597,0.7957,1.8725,1.9894
598,0.7952,1.8645,2.0051
599,0.7956,1.8833,1.9981
600,0.7949,1.8726,1.9863
601,0.7956,1.8731,1.9893
602,0.7957,1.8728,1.9933
603,0.8456,1.8728,2.0250
604,0.7977,1.8944,1.9808
605,0.7980,1.8664,1.9813
606,0.7986,1.8669,1.9830
607,0.7984,1.8682,1.9977
608,0.7892,1.8653,2.0231
609,0.7981,1.8666,1.9753
610,0.7964,1.9395,1.9626
611,0.7985,1.8780,1.9856
612,0.7989,1.9222,1.9724
613,0.7973,1.8786,1.9923
614,0.7983,1.8846,1.9659
615,0.8435,1.8931,1.9679
616,0.7985,1.8747,1.9716
617,0.7882,1.8776,1.9619
618,0.7887,1.8787,1.9996
619,0.7990,1.8790,1.9747
620,0.7984,1.9006,1.9857
621,0.7978,1.8786,1.9903
622,0.7982,1.8756,2.0028
623,0.7989,1.8776,1.9910
624,0.7984,1.8783,1.9684
625,0.7981,1.8755,1.9915
626,0.7984,1.9001,1.9732
627,0.8138,1.8790,1.9727
628,0.7939,1.8782,1.9827
629,0.7944,1.8798,1.9722
630,0.7888,1.8773,1.9823
631,0.7958,1.8943,1.9941
632,0.7936,1.8787,1.9760
633,0.7940,1.8756,1.9920
634,0.7944,1.8794,1.9700
635,0.7940,1.8778,1.9772
636,0.7944,1.9486,1.9881
637,0.7964,1.8839,1.9847
638,0.7943,1.8939,1.9989
639,0.7936,1.8873,1.9792
640,0.8377,1.8783,1.9931
641,0.7987,2.0305,1.9805
642,0.7995,1.8857,1.9708
643,0.7976,1.8808,1.9847
644,0.7985,1.8767,1.9857
645,0.7996,1.8741,1.9682
646,0.7990,1.8756,1.9748
647,0.7963,1.9244,1.9634
648,0.7993,1.8728,2.0018
649,0.7980,1.8737,1.9785
650,0.7995,1.8733,1.9601
651,0.7995,1.8752,1.9746
652,0.7988,1.9061,1.9741
653,0.8395,1.8795,2.1212
654,0.7976,1.8802,1.9630
655,0.7974,1.8833,1.9652
656,0.7985,1.9103,1.9624
657,0.7868,1.9555,1.9662
658,0.7965,1.8853,1.9860
659,0.7972,1.8797,1.9577
660,0.7957,1.8830,1.9497
661,0.7971,1.8799,1.9639
662,0.7971,1.8801,1.9547
663,0.7958,1.9092,1.9672
664,0.7884,1.8766,1.9482
665,0.8553,1.8723,1.9640
666,0.7983,1.8729,1.9640
667,0.7976,1.8764,1.9464
668,0.7975,1.9428,1.9660
669,0.8766,1.8759,1.9559
670,0.9202,1.8827,1.9565
671,0.9519,1.8778,1.9575
672,0.9266,1.8780,1.9506
673,1.0357,1.9312,1.9565
674,0.9562,1.8728,1.9913
675,0.9408,1.8743,1.9768
676,0.8587,1.8864,1.9795
677,0.7989,1.8732,1.9757
678,0.8410,1.8741,1.9774
679,0.7973,1.9434,2.0000
680,0.8003,1.8794,1.9829
681,0.7923,1.8806,1.9898
682,0.7976,1.8808,1.9928
683,0.7988,1.8805,1.9921
684,0.7995,1.9149,2.0073
685,0.8110,1.8842,1.9773
686,0.7968,1.8832,1.9743
687,0.7991,1.8854,1.9966
688,0.7990,1.8809,1.9700
689,0.8278,1.9025,1.9861
690,0.7966,1.8743,1.9404
691,0.7982,1.8738,1.9857
692,0.7975,1.8737,1.9623
693,0.7984,1.8710,1.9630
694,0.7983,1.9150,1.9700
695,0.7973,1.8936,1.9730
696,0.7981,1.8798,1.9748
697,0.7980,1.8795,1.9717
698,0.7979,1.9021,1.9676
699,0.7990,1.8795,1.9915
700,0.7988,1.9700,1.9605
701,0.8575,1.8795,1.9733
702,0.8114,1.8791,1.9784
703,0.7991,1.8801,1.9759
704,0.7978,1.8812,2.0069
705,0.7982,1.9360,1.9568
706,0.7973,1.8785,1.9516
707,0.7980,1.8793,1.9578
708,0.7985,1.8800,1.9533
709,0.7984,1.8794,1.9729
710,0.7968,1.9007,1.9539
711,0.7980,1.8731,1.9467
712,0.7979,1.8794,1.9516
713,0.7973,1.8792,1.9687
714,0.8302,1.8713,1.9692
715,0.7969,1.8706,1.9583
716,0.7986,1.9017,1.9569
717,0.7975,1.8794,1.9525
718,0.7966,1.8782,1.9742
719,0.7976,1.8786,1.9865
720,0.7978,1.8789,1.9532
721,0.7879,1.9132,1.9586
722,0.7869,1.8793,1.9653
723,0.7884,1.8803,1.9750
724,0.8013,1.8801,1.9777
725,0.7881,1.8801,1.9615
726,0.8091,1.9102,1.9593
727,0.7974,1.8753,1.9613
728,0.7979,1.8730,1.9608
729,0.7982,1.8750,1.9848
730,0.7972,1.8749,1.9602
731,0.7974,1.8745,1.9569
732,0.7976,1.9074,1.9479
733,0.7977,1.8819,1.9604
734,0.7970,1.8797,1.9982
735,0.7980,1.8798,1.9549
736,0.7974,1.8791,1.9717
737,0.7977,1.9025,1.9729
738,0.7984,1.8803,1.9680
739,0.8118,1.8810,1.9792
740,0.7952,1.8800,1.9847
741,0.7950,1.8808,1.9551
742,0.7956,1.9184,1.9643
743,0.7960,1.8807,1.9608
744,0.7955,1.8828,1.9556
745,0.7962,1.8825,2.0006
746,0.7956,1.8815,1.9639
747,0.7957,1.9140,1.9696
748,0.7963,1.8798,1.9691
749,0.7958,1.8800,1.9653
750,0.7959,1.8807,1.9755
751,0.8563,1.9045,1.9571
752,0.7951,1.8806,1.9567
753,0.7959,1.8979,1.9527
754,0.7951,1.8823,1.9497
755,0.7958,1.8813,1.9855
756,0.7961,1.8809,1.9673
757,0.7887,1.8769,1.9550
758,0.7880,1.9305,1.9764
759,0.7883,1.8804,1.9709
760,0.7891,1.8831,2.0057
761,0.7881,1.8805,1.9532
762,0.7881,1.8852,1.9527
763,0.7894,1.9369,1.9548
764,0.8234,1.8811,1.9552
765,0.7882,1.8817,1.9859
766,0.7888,1.8983,1.9549
767,0.7881,1.8818,1.9496
768,0.7942,1.8813,1.9513
769,0.7944,1.9271,1.9621
770,0.7951,1.8803,1.9750
771,0.7955,1.8794,1.9601
772,0.7950,1.8754,1.9695
773,0.7927,1.8747,1.9501
774,0.7942,1.8936,1.9736
775,0.7946,1.8800,1.9769
776,0.8285,1.8788,1.9570
777,0.7986,1.8785,1.9529
778,0.7991,1.8791,1.9560
779,0.7999,1.9379,1.9616
780,0.7964,1.8748,1.9688
781,0.7947,1.8739,1.9532
782,0.7877,1.8773,1.9470
783,0.7882,1.8747,1.9465
784,0.7970,1.8910,1.9542
785,0.7887,1.9141,1.9644
786,0.7892,1.8803,1.9564
787,0.7887,1.8787,1.9618
788,0.7877,1.8809,1.9669
789,0.8150,1.8801,1.9639
790,0.7985,1.9431,1.9721
791,0.7979,1.8792,1.9593
792,0.8000,1.8829,1.9571
793,0.7985,1.8805,1.9574
794,0.7999,1.8809,1.9470
795,0.7901,1.9447,1.9595
796,0.7894,1.8793,2.0036
797,0.7901,1.8755,1.9816
798,0.7895,1.8798,1.9725
799,0.7887,1.8787,1.9898
800,0.7892,1.9383,1.9763
801,0.8199,1.8730,1.9898
802,0.7937,1.8725,1.9656
803,0.7946,1.8750,1.9547
804,0.7945,1.8746,1.9583
805,0.7877,1.8747,1.9561
806,0.7947,1.9400,1.9766
807,0.7951,1.8790,1.9703
808,0.7946,1.8771,1.9647
809,0.7950,1.8786,1.9828
810,0.7946,1.8816,1.9730
811,0.7946,1.9255,1.9809
812,0.7962,1.8800,1.9669
813,0.7933,1.8788,1.9682
814,0.8818,1.8737,1.9767
815,0.7941,1.8777,1.9813
816,0.7933,1.8932,1.9975
817,0.7942,1.8754,1.9833
818,0.7924,1.8718,1.9825
819,0.7928,1.8720,1.9904
820,0.7921,1.8715,1.9887
821,0.7924,1.8720,2.0112
822,0.7925,1.9241,1.9900
823,0.7931,1.8805,1.9893
824,0.7912,1.8813,1.9758
825,0.7931,1.8776,1.9922
826,0.8410,1.8746,1.9948
827,0.7940,1.9290,1.9691
828,0.7970,1.8777,1.9632
829,0.7946,1.8757,1.9685
830,0.7955,1.8798,1.9673
831,0.7944,1.8816,1.9782
832,0.7949,1.9400,1.9691
833,0.7941,1.8789,1.9949
834,0.7935,1.8813,1.9746
835,0.7945,1.8785,1.9707
836,0.7947,1.8800,2.0031
837,0.7949,1.9229,1.9849
838,0.7939,1.8815,1.9729
839,0.8141,1.8718,1.9656
840,0.7925,1.8721,1.9578
841,0.7951,1.8743,1.9837
842,0.7922,1.8751,1.9669
843,0.7918,1.9267,1.9680
844,0.7953,1.8784,1.9693
845,0.7935,1.8759,1.9665
846,0.7929,1.8804,1.9841
847,0.7930,1.8795,1.9718
848,0.7931,2.0262,1.9898
849,0.7924,1.8843,1.9759
850,0.7932,1.8828,1.9743
851,0.7929,1.8832,2.0013
852,0.8171,1.8805,1.9831
853,0.7990,1.9228,1.9638
854,0.7991,1.8818,1.9716
855,0.7993,1.8826,2.0054
856,0.7991,1.8772,1.9952
857,0.8000,1.8814,1.9587
858,0.7984,1.8807,1.9536
859,0.7985,1.8984,1.9803
860,0.7976,1.8725,1.9556
861,0.7984,1.8776,1.9710
862,0.7984,1.8780,1.9609
863,0.7981,1.8773,1.9531
864,0.8194,1.9408,1.9788
865,0.7957,1.8779,1.9763
866,0.7946,1.8771,1.9788
867,0.8356,1.8773,1.9605
868,0.8937,1.8800,1.9732
869,0.9482,1.9235,1.9763
870,0.8116,1.8804,1.9734
871,0.7953,1.8792,1.9850
872,0.7940,1.8779,1.9611
873,0.7951,1.8778,1.9600
874,0.7967,1.8806,1.9542
875,0.7937,1.9208,1.9457
876,0.8757,1.8816,1.9548
877,0.7899,2.1676,1.9824
878,0.7932,2.2616,1.9696
879,0.7942,2.1133,1.9663
880,0.7905,2.1319,1.9827
881,0.7920,1.9118,1.9661
882,0.7905,1.8755,1.9880
883,0.7904,1.8766,1.9591
884,0.7972,1.9256,1.9583
885,0.7838,1.8800,1.9516
886,0.7847,1.8810,1.9563
887,0.7846,1.8838,1.9770
888,0.7840,1.8809,1.9565
889,0.8205,1.8813,1.9586
890,0.7950,1.9115,1.9536
891,0.7946,1.8810,1.9531
892,0.7941,1.8810,1.9963
893,0.7948,1.8805,1.9565
894,0.7948,1.8752,1.9553
895,0.7946,1.9121,1.9546
896,0.7950,1.8869,1.9487
897,0.7951,1.8840,1.9729
898,0.7951,1.8827,1.9639
899,0.7966,1.8835,1.9631
900,0.7949,1.9083,1.9605
901,0.8187,1.8851,1.9587
902,0.7972,1.8848,1.9724
903,0.7982,1.8820,1.9611
904,0.7985,1.8832,1.9665
905,0.7989,1.8785,1.9527
906,0.7987,1.9415,1.9489
907,0.7980,1.8836,1.9701
908,0.7983,1.8817,1.9501
909,0.7980,1.8955,1.9511
910,0.8116,1.8756,1.9580
911,0.7877,1.9258,1.9530
912,0.7874,1.8827,1.9802
913,0.7871,1.8793,1.9577
914,0.8280,1.8798,1.9526
915,0.8031,1.8810,1.9581
916,0.7973,1.9323,1.9574
917,0.7984,1.8795,1.9815
918,0.7978,1.8806,1.9482
919,0.7976,1.8785,1.9521
920,0.7974,1.8815,1.9569
921,0.7968,1.8805,1.9709
922,0.7974,1.9304,1.9973
923,0.7966,1.8801,1.9681
924,0.7970,1.8747,1.9703
925,0.7970,1.8800,1.9708
926,0.8231,1.8798,1.9721
927,0.7925,1.9296,1.9951
928,0.8287,1.8960,1.9650
929,0.7949,1.8807,1.9761
930,0.7941,1.8800,1.9652
931,0.7939,1.8809,1.9647
932,0.7955,1.9270,1.9690
933,0.7955,1.8803,2.0047
934,0.7947,1.8817,1.9864
935,0.7956,1.8811,1.9864
936,0.7955,1.8814,1.9868
937,0.7961,1.9258,2.0005
938,0.7954,1.8801,1.9973
939,0.8242,1.8801,1.9823
940,0.7943,1.8807,1.9811
941,0.7929,1.8928,1.9781
942,0.7920,1.8779,1.9814
943,0.7926,1.9071,1.9763
944,0.7937,1.8791,1.9602
945,0.7927,1.8823,1.9496
946,0.7866,1.8807,1.9536
947,0.7872,1.8810,1.9648
948,0.7860,1.9146,1.9789
949,0.7863,1.8804,1.9703
950,0.7858,1.8804,1.9656
951,0.8092,1.8813,1.9696
952,0.7966,1.8813,1.9670
953,0.7976,1.9066,1.9808
954,0.7964,1.8817,1.9730
955,0.7983,1.8813,1.9755
956,0.7977,1.8800,1.9604
957,0.7978,1.8809,1.9734
958,0.7978,1.8802,1.9810
959,0.7980,1.9046,1.9701
960,0.7982,1.8762,1.9735
961,0.7974,2.0772,1.9746
962,0.7982,2.1740,1.9752
963,0.7987,1.8816,1.9946
964,0.8513,1.9402,1.9653
965,0.8627,1.8865,1.9683
966,0.7951,1.8948,1.9760
967,0.7955,1.8806,1.9732
968,0.7952,2.0244,1.9878
969,0.7954,1.9673,1.9678
970,0.7943,1.8866,1.9685
971,0.7925,1.8806,1.9663
972,0.7929,1.8788,1.9628
973,0.7932,1.8821,1.9819
974,0.7941,1.9184,1.9699
975,0.8385,1.8788,1.9560
976,0.8044,1.8806,1.9556
977,0.7954,1.8825,1.9681
978,0.7948,1.8802,2.1573
979,0.7886,1.8972,1.9392
980,0.7885,1.8776,1.9377
981,0.8354,1.8778,1.9539
982,0.7895,1.8908,1.9466
983,0.7880,1.8785,1.9830
984,0.7894,1.8808,1.9623
985,0.7892,1.9158,1.9755
986,0.7881,1.9255,1.9450
987,0.7899,1.8793,1.9780
988,0.7907,1.9241,1.9850
989,0.8094,1.8794,1.9483
990,0.7985,1.9586,1.9501
991,0.7977,1.8846,1.9467
992,0.7981,1.8690,1.9485
993,0.7967,1.8773,1.9648
994,0.7975,1.8747,1.9482
995,0.7987,1.8973,1.9509
996,0.7974,1.8814,1.9563
997,0.7979,1.8793,1.9529
998,0.7897,1.8794,1.9714
999,0.7880,1.8804,1.9559
1000,0.7902,1.8809,1.9512
1001,0.8033,1.8918,1.9521
1002,0.7976,1.9232,1.9524
1003,0.8436,1.8778,1.9466
1004,0.7969,1.9211,1.9693
1005,0.7990,1.8766,1.9466
1006,0.7977,1.9377,1.9441
1007,0.7974,1.8782,1.9468
1008,0.8449,1.8804,1.9457
1009,0.7977,1.8810,1.9746
1010,0.7988,1.8811,1.9461
1011,0.7976,1.9325,1.9497
1012,0.7980,1.8782,1.9418
1013,0.7968,1.8793,1.9723
1014,0.8136,1.8820,1.9750
1015,0.7934,1.8798,1.9572
1016,0.7925,1.8927,1.9487
1017,0.7917,1.8800,1.9376
1018,0.7920,1.8856,1.9414
1019,0.7921,1.8786,1.9655
1020,0.7907,1.8788,1.9438
1021,0.7920,1.8775,1.9490
1022,0.7917,1.9034,1.9455
1023,0.7927,1.8793,1.9500
1024,0.7911,1.8741,1.9689
1025,0.7916,1.8801,1.9581
1026,0.8083,1.8802,1.9548
1027,0.8443,1.8943,1.9577
1028,0.7986,1.8740,1.9441
1029,0.7972,1.8747,1.9668
1030,0.7975,1.8742,1.9571
1031,0.7986,1.8723,1.9476
1032,0.8432,1.8891,1.9499
1033,0.7980,1.8781,1.9580
1034,0.7970,1.8769,1.9721
1035,0.7982,1.8796,1.9436
1036,0.7980,1.8792,1.9440
1037,0.7973,1.8795,1.9462
1038,0.7979,1.9094,1.9421
1039,0.8088,1.9025,1.9745
1040,0.7940,1.8958,1.9514
1041,0.8330,1.8967,1.9546
1042,0.7944,1.8921,1.9542
1043,0.7886,1.9084,1.9578
1044,0.7907,1.8914,1.9703
1045,0.7896,1.8912,1.9477
1046,0.8349,2.0683,1.9510
1047,0.7901,2.1729,1.9424
1048,0.7898,1.9382,1.9518
1049,0.7897,1.8755,1.9465
1050,0.7889,1.8801,1.9809
1051,0.8076,1.8786,1.9514
1052,0.8001,1.8921,1.9532
1053,0.7985,1.9024,1.9591
1054,0.8438,1.8791,1.9569
1055,0.7990,1.8789,1.9817
1056,0.7980,1.8786,1.9649
1057,0.7988,1.8786,1.9633
1058,0.7989,1.8781,1.9615
1059,0.8450,1.9072,1.9656
1060,0.7980,1.8812,1.9898
1061,0.7995,1.8826,1.9534
1062,0.7986,1.8820,1.9431
1063,0.7989,1.8935,1.9639
1064,0.8117,1.9018,1.9569
1065,0.7939,1.8754,1.9656
1066,0.7930,1.8755,1.9470
1067,0.8380,1.8770,1.9364
1068,0.8747,1.8766,1.9583
1069,0.9374,1.9572,1.9481
1070,0.8397,1.8895,1.9679
1071,0.8125,1.9425,1.9573
1072,0.7948,1.8974,1.9644
1073,0.7922,1.9390,1.9429
1074,0.7909,1.9281,1.9546
1075,0.7918,1.8829,1.9686
1076,0.8624,1.8848,1.9669
1077,0.8071,1.8953,1.9588
1078,0.7955,1.8858,1.9640
1079,0.7957,1.8841,1.9518
1080,0.8001,1.9151,1.9930
1081,0.7962,1.8811,1.9574
1082,0.7963,1.8850,1.9601
1083,0.7938,1.8815,1.9557
1084,0.7944,1.8939,1.9583
1085,0.7953,2.0113,1.9854
1086,0.7960,1.8911,1.9823
1087,0.7960,1.8834,1.9835
1088,0.8207,1.8823,1.9776
1089,0.7928,1.8807,1.9857
1090,0.7950,1.9498,1.9883
1091,0.7955,1.8809,1.9622
1092,0.7954,1.8831,1.9635
1093,0.7950,1.8830,1.9638
1094,0.7944,1.8820,1.9645
1095,0.7951,1.9105,1.9869
1096,0.7960,1.8809,1.9639
1097,0.7960,1.8813,1.9622
1098,0.7946,1.8789,1.9627
1099,0.7953,1.8799,1.9709
1100,0.7950,1.8804,1.9687
1101,0.8129,1.8924,2.0191
1102,0.7980,1.8784,1.9758
1103,0.7981,1.8782,1.9743
1104,0.7982,1.8930,1.9690
1105,0.7975,1.8788,1.9771
1106,0.7989,1.8923,1.9900
1107,0.7973,1.8776,1.9704
1108,0.7983,1.8773,1.9683
1109,0.8110,1.8779,1.9675
1110,0.7977,1.8775,1.9599
1111,0.7982,1.8913,1.9714
1112,0.7980,1.8774,1.9628
1113,0.8097,1.8780,1.9619
1114,0.7977,1.8773,1.9620
1115,0.7966,1.8776,1.9560
1116,0.7944,1.8785,1.9876
1117,0.7973,1.9393,1.9677
1118,0.7961,1.8798,1.9631
1119,0.7969,1.8806,1.9625
1120,0.7975,1.8808,1.9591
1121,0.7976,1.8818,2.0011
1122,0.7976,1.9081,1.9562
1123,0.7968,1.8798,1.9527
1124,0.7974,1.8838,1.9539
1125,0.7972,1.8816,1.9500
1126,0.8215,1.8802,1.9747
1127,0.7929,1.9069,1.9530
1128,0.7923,1.8806,2.1223
1129,0.7910,1.8803,2.5021
1130,0.7910,1.8811,2.6378
1131,0.7919,1.8806,1.9865
1132,0.7903,1.8805,1.9632
1133,0.7922,1.9389,1.9584
1134,0.7923,1.8778,1.9895
1135,0.7932,1.8789,2.0121
1136,0.7916,1.9233,1.9967
1137,0.7940,1.8788,1.9886
1138,0.8171,1.8841,1.9961
1139,0.7960,1.8687,1.9941
1140,0.7973,1.8760,2.0256
1141,0.7977,1.8677,1.9667
1142,0.7974,1.8673,1.9806
1143,0.7973,1.8869,1.9797
1144,0.7971,1.8743,1.9679
1145,0.7975,1.8744,2.0166
1146,0.7980,1.8731,1.9759
1147,0.7978,1.8741,1.9869
1148,0.7977,1.8743,1.9754
1149,0.7975,1.9214,1.9875
1150,0.7980,1.9027,2.0377
1151,0.8092,1.9014,1.9678
1152,0.7955,1.9039,1.9664
1153,0.7982,1.9024,1.9604
1154,0.7961,1.9188,1.9613
1155,0.7971,1.9055,1.9923
1156,0.7968,1.9046,1.9737
1157,0.7974,1.9035,1.9582
1158,0.7961,1.9034,1.9810
1159,0.7971,1.9104,1.9728
1160,0.7966,1.8830,1.9688
1161,0.7963,1.8715,1.9865
1162,0.7967,1.8731,1.9802
1163,0.7966,1.8735,1.9695
1164,0.8113,1.9370,1.9706
1165,0.7972,1.8805,1.9780
1166,0.7975,1.9418,2.0343
1167,0.7977,1.9074,1.9688
1168,0.7967,1.8836,2.0199
1169,0.7971,1.8857,1.9720
1170,0.7963,1.9474,1.9773
1171,0.7977,1.8843,1.9871
1172,0.7969,1.8845,1.9864
1173,0.7962,1.8797,1.9547
1174,0.7960,1.8834,1.9512
1175,0.7970,1.9986,1.9533
1176,0.8063,1.8796,1.9993
1177,0.7945,1.8760,1.9747
1178,0.7938,1.8783,1.9613
1179,0.7922,1.8789,1.9653
1180,0.7939,2.0218,1.9951
1181,0.7928,1.8796,1.9954
1182,0.7945,1.8752,1.9741
1183,0.7930,1.8784,1.9918
1184,0.7949,1.8799,1.9875
1185,0.7931,1.9147,1.9578
1186,0.7931,1.8953,1.9900
1187,0.7931,1.8979,1.9854
1188,0.7937,1.8957,1.9861
1189,0.8071,1.8990,1.9851
1190,0.7949,1.8937,1.9896
1191,0.7950,1.9361,1.9885
1192,0.7944,1.8796,1.9962
1193,0.7950,1.8801,1.9621
1194,0.7939,1.8744,1.9671
1195,0.7945,1.8788,1.9688
1196,0.7948,1.9859,1.9951
1197,0.7894,1.8789,1.9924
1198,0.7893,1.8888,1.9871
1199,0.7877,1.8755,1.9944
1200,0.7880,1.8753,1.9848
1201,0.8036,1.9593,1.9932
1202,0.7971,1.8786,1.9770
1203,0.7977,1.8801,1.9680
1204,0.7950,1.8807,1.9743
1205,0.7947,1.8743,1.9835
1206,0.7986,1.9361,1.9987
1207,0.7873,1.8730,1.9679
1208,0.7870,1.8744,2.1984
1209,0.7870,1.8757,2.3177
1210,0.7872,1.8750,1.9728
1211,0.7859,1.8753,2.0106
1212,0.7876,1.9527,1.9834
1213,0.7881,1.8785,1.9923
1214,0.8085,1.8794,1.9753
1215,0.7935,1.8799,1.9715
1216,0.7936,1.8802,2.0471
1217,0.7944,1.9376,1.9928
1218,0.7942,1.8966,1.9625
1219,0.7951,1.8802,1.9808
1220,0.7943,1.8809,1.9707
1221,0.7955,1.8808,2.0130
1222,0.7940,1.8962,1.9926
1223,0.7939,1.8771,1.9989
1224,0.7945,1.8770,1.9990
1225,0.7951,1.8781,1.9966
1226,0.8054,1.8781,2.0067
1227,0.7958,1.8784,1.9601
1228,0.7948,1.9286,1.9585
1229,0.7944,1.8796,1.9526
1230,0.7947,1.8806,1.9485
1231,0.7954,1.8826,2.0070
1232,0.7943,1.8807,1.9930
1233,0.7951,1.9148,2.0042
1234,0.7863,1.8806,1.9891
1235,0.7865,1.8811,1.9885
1236,0.7865,1.8798,2.0057
1237,0.7858,1.8784,1.9745
1238,0.7867,1.9160,1.9681
1239,0.8034,1.8820,2.0085
1240,0.7943,1.8796,1.9983
1241,0.7944,1.8801,2.0616
1242,0.7930,1.8800,1.9889
1243,0.7875,1.8980,1.9864
1244,0.7876,1.8859,1.9886
1245,0.7879,1.8814,1.9893
1246,0.7882,1.8817,2.0123
1247,0.7885,1.8806,1.9774
1248,0.7876,1.8803,1.9902
1249,0.7863,1.9008,1.9927
1250,0.7893,1.8793,1.9892
1251,0.7869,1.8804,1.9850
1252,0.7990,1.8790,1.9618
1253,0.7867,1.8807,1.9643
1254,0.7862,1.8943,1.9602
1255,0.7931,1.8792,1.9477
1256,0.7847,1.8798,1.9940
1257,0.7848,1.8775,1.9606
1258,0.7843,1.8788,1.9560
1259,0.7841,1.8941,1.9528
1260,0.7844,1.8753,1.9660
1261,0.7836,1.8730,1.9821
1262,0.7845,1.8746,1.9524
1263,0.7843,1.8748,1.9546
1264,0.8003,1.8754,1.9518
1265,0.7843,1.8904,1.9487
1266,0.7840,1.8793,1.9715
1267,0.7933,1.8807,1.9483
1268,0.7947,1.8790,1.9555
1269,0.7945,1.8798,1.9517
1270,0.7937,1.8942,1.9577
1271,0.7928,1.8796,1.9864
1272,0.7845,1.8782,1.9658
1273,0.7843,1.8805,1.9756
1274,0.7851,1.8794,1.9635
1275,0.7842,1.8953,1.9669
1276,0.7843,1.8779,1.9987
1277,0.8022,1.8773,1.9614
1278,0.7974,1.8786,1.9545
1279,0.7932,1.8797,1.9533
1280,0.7931,1.8779,1.9672
1281,0.7940,1.8896,1.9784
1282,0.7925,1.9073,1.9489
1283,0.7935,1.8795,1.9436
1284,0.7932,1.8807,1.9482
1285,0.7939,1.8814,1.9522
1286,0.7934,1.8921,1.9439
1287,0.7944,1.8783,1.9744
1288,0.7935,1.8773,1.9521
1289,0.7931,1.8783,2.2459
1290,0.8125,1.8779,2.2529
1291,0.7927,1.8888,2.0315
1292,0.7935,1.8655,2.0037
1293,0.7933,1.8659,1.9725
1294,0.7927,1.8664,1.9666
1295,0.7923,1.8662,1.9815
1296,0.7919,1.8663,2.0341
1297,0.7934,1.8800,1.9662
1298,0.7911,1.8667,1.9594
1299,0.7918,1.8665,1.9516
1300,0.7913,1.8657,1.9584
1301,0.7916,1.8655,1.9983
1302,0.8125,1.8822,2.0001
1303,0.7958,1.8666,1.9841
1304,0.7956,1.8665,1.9746
1305,0.7958,1.8659,2.0022
1306,0.7963,1.8654,2.0212
1307,0.7962,1.8830,1.9969
1308,0.7970,1.8765,1.9723
1309,0.7961,1.8780,2.0029
1310,0.7958,1.8775,2.0186
1311,0.7950,1.8772,2.0017
1312,0.7954,1.8774,2.0175
1313,0.7950,1.8902,1.9661
1314,0.7957,1.8783,2.0131
1315,0.8088,1.8779,1.9966
1316,0.7963,1.8783,1.9933
1317,0.7871,1.8763,1.9901
1318,0.7971,1.8892,1.9952
1319,0.7967,1.8787,1.9905
1320,0.7884,1.8787,1.9946
1321,0.7871,1.8780,1.9887
1322,0.7881,1.8791,1.9950
1323,0.7871,1.8903,1.9681
1324,0.7868,1.9239,1.9926
1325,0.7872,1.8791,1.9900
1326,0.7873,1.9269,1.9874
1327,0.8008,1.8802,1.9982
1328,0.7945,1.8797,1.9834
1329,0.8419,1.8958,1.9733
1330,0.7962,1.8802,1.9615
1331,0.7955,1.8790,1.9672
1332,0.7955,1.8782,1.9851
1333,0.7957,1.8791,1.9588
1334,0.8413,1.8901,1.9854
1335,0.7850,1.8738,1.9819
1336,0.7857,1.8728,1.9614
1337,0.7862,1.8734,1.9847
1338,0.7853,1.8723,1.9755
1339,0.7847,1.8885,1.9795
1340,0.8017,1.8771,1.9658
1341,0.7933,1.8784,1.9528
1342,0.7921,1.8789,1.9911
1343,0.7934,1.8784,1.9496
1344,0.7924,1.8794,1.9864
1345,0.7941,1.8859,1.9768
1346,0.7932,1.8730,1.9867
1347,0.7867,1.8739,2.0777
1348,0.7863,1.8733,1.9718
1349,0.7858,1.8738,1.9585
1350,0.7850,1.8879,1.9646
1351,0.7866,1.8777,1.9965
1352,0.7851,1.8778,1.9951
1353,0.7987,1.8783,1.9528
1354,0.7843,1.8778,1.9649
1355,0.7862,1.8900,1.9616
1356,0.7842,1.8770,1.9481
1357,0.7840,1.8767,1.9783
1358,0.7852,1.8785,1.9537
1359,0.7840,1.8786,1.9612
1360,0.7836,1.9051,1.9599
1361,0.7846,1.8794,1.9689
1362,0.7837,1.8785,1.9811
1363,0.7849,1.8777,1.9616
1364,0.7852,1.8706,1.9545
1365,0.8048,1.8717,1.9580
1366,0.7937,1.8898,1.9647
1367,0.7952,1.8798,1.9633
1368,0.7943,1.8781,1.9482
1369,0.7929,1.8795,1.9468
1370,0.7933,1.8786,1.9458
1371,0.7844,1.8952,1.9631
1372,0.7864,1.8774,1.9618
1373,0.7861,1.8795,1.9499
1374,0.7843,1.8789,1.9538
1375,0.7846,1.8776,1.9565
1376,0.7977,1.9018,1.9574
1377,0.8001,1.8787,1.9760
1378,0.8698,1.8803,1.9546
1379,0.7950,1.8729,1.9770
1380,0.7940,1.8732,1.9679
1381,0.7954,1.8735,1.9622
1382,0.7920,1.8909,1.9632
1383,0.7968,1.8760,1.9525
1384,0.7910,1.8767,1.9483
1385,0.7900,1.8758,1.9548
1386,0.7893,1.8790,1.9515
1387,0.7886,1.9386,1.9463
1388,0.7878,1.9047,1.9898
1389,0.7914,1.8772,1.9536
1390,0.8305,1.8774,1.9505
1391,0.8019,1.8799,1.9530
1392,0.7903,1.9097,1.9497
1393,0.8043,1.8795,1.9772
1394,0.7922,1.8794,1.9580
1395,0.7928,1.8778,1.9638
1396,0.7889,1.8775,1.9576
1397,0.7893,1.8810,1.9571
1398,0.7921,1.8965,1.9892
1399,0.7889,1.8796,1.9612
1400,0.7883,1.8783,1.9621
1401,0.7888,1.8791,1.9635
1402,0.7927,1.8796,1.9650
1403,0.8326,1.9387,1.9717
1404,0.7966,1.8792,1.9671
1405,0.7982,1.9242,1.9659
1406,0.7994,1.8783,1.9636
1407,0.7990,1.8781,1.9622
1408,0.7928,1.8949,1.9782
1409,0.7925,1.8786,1.9628
1410,0.7910,1.8777,1.9640
1411,0.7947,1.8811,1.9663
1412,0.7933,1.8747,1.9688
1413,0.7934,1.8790,1.9736
1414,0.7940,1.8887,1.9558
1415,0.7938,1.8733,1.9553
1416,0.8155,1.8742,1.9495
1417,0.7899,1.8737,1.9527
1418,0.7902,1.8732,1.9765
1419,0.7875,1.9089,1.9538
1420,0.7918,1.9001,1.9566
1421,0.7905,1.9048,1.9584
1422,0.7890,1.9026,1.9617
1423,0.7891,1.9030,1.9768
1424,0.7880,1.9089,1.9696
1425,0.7902,1.8780,1.9677
1426,0.7819,1.8778,1.9686
1427,0.7809,1.8786,1.9575
1428,0.8559,1.8807,1.9704
1429,0.7956,1.8955,1.9623
1430,0.7933,1.8779,1.9538
1431,0.7946,1.8781,1.9649
1432,0.7953,1.8772,1.9535
1433,0.7933,1.8795,1.9678
1434,0.7953,1.8792,1.9583
1435,0.7942,1.8898,1.9561
1436,0.7900,1.8773,1.9496
1437,0.7911,1.8777,1.9539
1438,0.7880,1.8777,1.9704
1439,0.7883,1.8766,1.9773
1440,0.7877,1.8904,1.9656
1441,0.8176,1.8777,1.9673
1442,0.7916,1.8792,1.9632
1443,0.7906,1.8779,1.9676
1444,0.7906,1.8783,1.9790
1445,0.7904,1.8903,1.9576
1446,0.7909,1.8783,1.9555
1447,0.7922,1.8789,1.9526
1448,0.7912,1.8779,1.9614
1449,0.7940,1.8787,1.9750
1450,0.7926,1.8784,1.9517
1451,0.7937,1.8901,1.9549
1452,0.7903,1.8787,1.9503
1453,0.8174,1.8789,1.9553
1454,0.7947,1.8782,1.9940
1455,0.7945,1.8781,1.9790
1456,0.7953,1.8905,1.9816
1457,0.7936,1.8787,1.9831
1458,0.7944,1.8788,1.9949
1459,0.7941,1.8797,1.9961
1460,0.7945,1.8777,1.9850
1461,0.7939,1.8908,1.9779
1462,0.7954,1.8786,1.9841
1463,0.7938,1.8777,1.9831
1464,0.7952,1.8789,1.9857
1465,0.7862,1.8762,1.9590
1466,0.8135,1.8779,1.9848
1467,0.7967,1.8885,1.9579
1468,0.7873,1.8695,1.9548
1469,0.7977,1.8703,1.9721
1470,0.7965,1.8682,1.9509
1471,0.7965,1.8688,1.9625
1472,0.7963,1.8911,1.9720
1473,0.7966,1.8776,1.9684
1474,0.7968,1.8787,1.9844
1475,0.7969,1.8779,1.9593
1476,0.7966,1.8783,1.9563
1477,0.7963,1.8947,1.9698
1478,0.8475,1.8789,1.9519
1479,0.8073,1.8778,1.9854
1480,0.7990,1.8788,1.9706
1481,0.7980,1.8780,1.9667
1482,0.7982,1.8782,1.9662
1483,0.7985,1.8880,1.9827
1484,0.7986,1.9218,1.9878
1485,0.7984,1.8744,1.9841
1486,0.7978,1.8715,1.9917
1487,0.7983,1.8716,1.9911
1488,0.7955,1.8919,1.9742
1489,0.7964,1.8779,1.9911
1490,0.8098,1.8795,1.9872
1491,0.8102,1.8796,1.9750
1492,0.7892,1.8799,1.9647
1493,0.7902,1.9032,1.9874
1494,0.7997,1.8751,1.9788
1495,0.7990,1.8726,2.0114
1496,0.8000,1.8735,1.9583
1497,0.7890,1.8745,2.0273
1498,0.7890,1.8727,1.9633
1499,0.7893,1.8990,1.9907
1500,0.7904,1.8800,1.9645
1501,0.7893,1.9905,1.9789
1502,0.7900,1.8729,1.9812
1503,0.8045,1.8757,1.9535
1504,0.7967,1.8986,1.9929
1505,0.7973,1.8784,1.9515
1506,0.7977,1.8797,1.9856
1507,0.7972,1.8789,1.9888
1508,0.7907,1.8795,1.9607
1509,0.7916,1.8984,1.9827
1510,0.7921,1.8795,1.9663
1511,0.7911,1.8793,1.9686
1512,0.7928,1.8794,1.9708
1513,0.7967,1.8795,1.9683
1514,0.7967,1.8962,1.9847
1515,0.7965,1.8797,1.9740
1516,0.8158,1.8783,1.9665
1517,0.7979,1.8788,1.9764
1518,0.7978,1.8790,1.9744
1519,0.7978,1.8789,1.9917
1520,0.7968,1.8946,1.9949
1521,0.7969,1.8795,1.9864
1522,0.7989,1.8794,1.9907
1523,0.7980,1.8784,1.9914
1524,0.7990,1.8803,1.9925
1525,0.7989,1.8925,1.9749
1526,0.7987,1.8800,1.9749
1527,0.7990,1.8797,1.9578
1528,0.8427,1.8786,1.9747
1529,0.8079,1.8803,1.9700
1530,0.7975,1.9094,1.9939
1531,0.7984,1.8787,1.9784
1532,0.7973,1.8782,1.9832
1533,0.7972,1.8785,1.9733
1534,0.8019,1.8765,1.9745
1535,0.8015,1.8761,1.9914
1536,0.8017,1.9187,1.9821
1537,0.8009,1.8810,1.9751
1538,0.8009,1.8766,1.9755
1539,0.7906,1.8769,1.9934
1540,0.7901,1.8767,1.9902
1541,0.8198,1.8975,1.9691
1542,0.7949,1.8744,1.9795
1543,0.7963,1.8733,1.9683
1544,0.7957,1.8739,1.9705
1545,0.7961,1.8732,1.9907
1546,0.7958,1.8907,1.9790
1547,0.7958,1.8790,1.9552
1548,0.7965,1.8796,1.9740
1549,0.7972,1.8779,1.9562
1550,0.7932,1.8802,1.9773
1551,0.7930,1.8807,1.9683
1552,0.7923,1.9515,1.9636
1553,0.8294,1.8776,1.9666
1554,0.8199,1.8781,1.9779
1555,0.7971,1.8780,1.9931
1556,0.7968,1.8756,1.9713
1557,0.7994,1.8924,1.9442
1558,0.7982,1.8764,1.9460
1559,0.8071,1.8867,1.9657
1560,0.7975,1.8747,1.9735
1561,0.7980,1.8737,1.9552
1562,0.7974,1.8972,1.9862
1563,0.7978,1.8796,1.9837
1564,0.7978,1.8794,1.9833
1565,0.7964,1.8781,1.9988
1566,0.8297,1.8773,1.9813
1567,0.8002,1.8798,1.9765
1568,0.8002,1.9018,1.9737
1569,0.7996,1.8789,1.9732
1570,0.8008,1.8787,1.9856
1571,0.7897,1.8769,1.9650
1572,0.7901,1.8784,1.9812
1573,0.8003,1.9364,1.9742
1574,0.8002,1.8801,1.9462
1575,0.8006,1.8818,1.9770
1576,0.8007,1.8829,1.9697
1577,0.8011,1.8806,1.9642
1578,1.1293,1.9061,1.9560
1579,0.7969,1.8800,1.9652
1580,0.7978,1.8757,1.9785
1581,0.7961,1.8782,1.9753
1582,0.7973,1.8791,1.9687
1583,0.7962,1.8968,1.9624
1584,0.7976,1.8804,1.9656
1585,0.7979,1.8797,1.9981
1586,0.7980,1.8784,1.9569
1587,0.7978,1.8800,1.9655
1588,0.7980,1.8799,1.9607
1589,0.7975,1.9049,1.9641
1590,0.7974,1.8788,1.9801
1591,0.8481,1.8776,1.9564
1592,0.7965,1.8727,1.9598
1593,0.7958,1.8773,1.9541
1594,0.7973,1.9459,1.9577
1595,0.7957,1.8802,1.9897
1596,0.7951,1.8780,1.9572
1597,0.7958,1.8817,1.9579
1598,0.7965,1.8801,1.9583
1599,0.7948,1.8991,1.9656
1600,0.7960,1.8795,1.9700
1601,0.7963,1.8812,1.9696
1602,0.7957,1.8802,1.9435
1603,0.8362,1.8786,1.9518
1604,0.7988,1.8803,1.9553
1605,0.8120,1.8988,1.9517
1606,0.7984,1.8758,1.9821
1607,0.7993,1.8737,1.9732
1608,0.7989,1.8760,1.9723
1609,0.7992,1.8790,1.9634
1610,0.7977,1.9271,1.9688
1611,0.8111,1.8801,1.9873
1612,0.7990,1.8762,1.9741
1613,0.7983,1.8781,1.9745
1614,0.7991,1.8769,1.9720
1615,0.8404,1.9770,1.9704
1616,0.7950,1.8830,1.9849
1617,0.7932,1.8827,1.9547
1618,0.7935,1.8803,1.9625
1619,0.7928,1.8816,1.9625
1620,0.7931,1.8799,1.9826
1621,0.7955,1.9467,2.0064
1622,0.7955,1.8799,1.9927
1623,0.7951,1.8808,1.9888
1624,0.7965,1.8801,1.9796
1625,0.7947,1.8808,1.9798
1626,0.7958,1.9049,2.7539
1627,0.7944,1.8789,2.9047
1628,0.8471,1.8783,3.1463
1629,0.7976,1.8779,3.0289
1630,0.7992,1.8790,2.9170
1631,0.7987,1.9281,2.8503
1632,0.7999,1.8797,2.9057
1633,0.7991,1.8822,2.2353
1634,0.7975,1.8817,1.9907
1635,0.7993,1.8938,1.9950
1636,0.7986,1.9225,2.0017
1637,0.7989,1.8831,2.0077
1638,0.7980,1.8824,2.3508
1639,0.7982,1.8818,2.2701
1640,0.8284,1.8765,2.2160
1641,0.8137,1.8748,2.0038
1642,0.7961,1.8919,2.0227
1643,0.8096,1.8794,1.9854
1644,0.7966,1.8795,1.9799
1645,0.7965,1.8769,1.9807
1646,0.7962,1.8773,1.9854
1647,0.7962,1.8905,2.0113
1648,0.7964,1.8756,1.9678
1649,0.7972,1.8782,1.9584
1650,0.7975,1.8754,1.9731
1651,0.7978,1.8764,1.9904
1652,0.7960,1.9178,2.0220
1653,0.8321,1.8805,1.9740
1654,0.7984,1.8818,1.9697
1655,0.7979,1.8797,1.9770
1656,0.7988,1.8817,1.9659
1657,0.7982,1.8811,1.9868
1658,0.7883,1.9221,1.9756
1659,0.7974,1.8787,1.9672
1660,0.7985,1.8796,1.9589
1661,0.7984,1.8813,1.9419
1662,0.7992,1.8778,2.0001
1663,0.7978,1.8932,1.9597
1664,0.7980,1.9754,1.9490
1665,0.8211,2.2859,1.9739
1666,0.8393,2.3509,1.9783
1667,0.7964,2.1349,1.9950
1668,0.7879,1.9464,1.9515
1669,0.7947,1.8806,1.9546
1670,0.7936,1.8935,1.9561
1671,0.7927,1.8804,1.9566
1672,0.8406,1.8815,1.9722
1673,0.7881,1.9098,1.9943
1674,0.7882,1.8739,1.9637
1675,0.7881,1.8758,1.9495
1676,0.7881,1.8761,1.9418
1677,0.7880,1.8760,1.9492
1678,0.8310,1.9502,1.9705
1679,0.7977,1.8833,1.9458
1680,0.7963,1.8808,1.9450
1681,0.7954,1.8828,1.9433
1682,0.7966,1.8813,1.9525
1683,0.7984,1.9121,1.9718
1684,0.7970,1.8796,1.9474
1685,0.7979,1.8786,1.9532
1686,0.7962,1.8798,1.9544
1687,0.7979,1.8800,1.9494
1688,0.7953,1.8801,1.9914
1689,0.7950,1.9143,1.9851
1690,0.8300,1.8806,1.9805
1691,0.7973,1.8817,1.9726
1692,0.7967,1.8793,1.9726
1693,0.7971,1.8851,2.0070
1694,0.7972,1.9068,1.9823
1695,0.7951,1.8812,1.9683
1696,0.7959,1.9047,1.9802
1697,0.7949,1.8935,1.9683
1698,0.7969,1.8825,2.0066
1699,0.7960,1.9359,1.9861
1700,0.7962,1.8752,1.9918
1701,0.7967,1.8730,1.9901
1702,0.7956,1.8750,1.9892
1703,0.8264,1.8751,1.9992
1704,0.7962,1.8775,1.9682
1705,0.7960,1.9025,1.9635
1706,0.7951,1.8789,1.9617
1707,0.7957,1.8802,1.9650
1708,0.7966,1.8841,1.9958
1709,0.7973,1.9257,1.9766
1710,0.7981,1.9019,1.9701
1711,0.7982,1.8816,1.9808
1712,0.7974,1.8813,1.9709
1713,0.7976,1.8857,1.9861
1714,0.7972,1.8908,1.9670
1715,0.8296,1.9119,1.9669
1716,0.7967,1.8813,1.9695
1717,0.7955,1.8804,1.9709
1718,0.7954,1.8808,1.9840
1719,0.7970,1.8760,1.9630
1720,0.7957,1.8739,1.9649
1721,0.7960,1.9265,1.9658
1722,0.7952,1.8803,1.9579
1723,0.7960,1.8823,1.9980
1724,0.7964,1.8809,1.9672
1725,0.7969,1.8831,1.9678
1726,0.7971,1.9737,1.9660
1727,0.7954,1.8947,1.9615
1728,0.8440,1.8944,2.0007
1729,0.7982,1.9001,1.9563
1730,0.7981,1.9078,1.9522
1731,0.7985,1.9215,1.9532
1732,0.7984,1.8800,1.9550
1733,0.7978,1.8796,1.9817
1734,0.7970,1.8805,1.9590
1735,0.7981,1.8952,1.9699
1736,0.7982,1.8923,1.9622
1737,0.7980,1.8716,1.9610
1738,0.7977,1.8727,1.9751
1739,0.7979,1.8740,1.9712
1740,0.8898,1.8727,1.9707
1741,0.7970,1.8725,1.9741
1742,0.7969,1.9665,1.9768
1743,0.7972,1.8795,1.9695
1744,0.7965,1.8807,2.0094
1745,0.7969,1.8812,1.9504
1746,0.7977,1.8926,1.9573
1747,0.7980,1.9447,1.9586
1748,0.7972,2.1755,1.9496
1749,0.7955,2.0565,1.9993
1750,0.7969,1.8893,1.9538
1751,0.7968,1.8855,1.9665
1752,0.7965,1.9179,1.9602
1753,0.8660,1.8802,1.9652
1754,0.7975,1.8887,1.9876
1755,0.7984,1.8743,1.9672
1756,0.7968,1.8756,1.9533
1757,0.7958,1.9774,1.9432
1758,0.7957,1.8781,1.9510
1759,0.8103,1.8787,1.9714
1760,0.7976,1.8795,1.9797
1761,0.7965,1.8791,1.9557
1762,0.7968,1.8804,1.9593
1763,0.7973,1.9361,1.9520
1764,0.7972,1.8779,1.9746
1765,0.8272,1.8768,1.9539
1766,0.7971,1.8776,1.9515
1767,0.7969,1.8793,1.9538
1768,0.7987,1.9523,1.9544
1769,0.7975,1.8817,1.9814
1770,0.7973,1.8818,1.9633
1771,0.7964,1.8791,1.9674
1772,0.7967,1.8900,1.9694
1773,0.7949,1.9114,1.9550
1774,0.7965,1.8794,1.9758
1775,0.7962,1.8799,1.9593
1776,0.7958,1.8808,1.9584
1777,0.7964,1.8820,1.9585
1778,0.8495,1.8984,1.9634
1779,0.7985,1.8778,1.9865
1780,0.7965,1.8779,1.9617
1781,0.7978,1.8780,1.9647
1782,0.7880,1.8781,1.9566
1783,0.7876,1.8783,1.9627
1784,0.7880,1.9523,1.9717
1785,0.7932,1.8796,1.9661
1786,0.7894,1.8800,1.9607
1787,0.7874,1.8812,1.9663
1788,0.7878,1.8811,1.9676
1789,0.7881,1.9413,1.9841
1790,0.8134,1.8824,1.9552
1791,0.7956,1.8822,1.9558
1792,0.7883,1.8854,1.9476
1793,0.7885,1.8810,1.9501
1794,0.7891,1.9101,1.9666
1795,0.7969,1.8775,1.9602
1796,0.7945,1.8782,2.0033
1797,0.7977,1.8910,1.9596
1798,0.7977,1.8771,2.0114
1799,0.7935,1.8755,1.9758
1800,0.7878,1.9209,1.9614
1801,0.7887,1.8791,1.9591
1802,0.7874,1.8814,1.9532
1803,0.8118,1.8815,1.9647
1804,0.7879,1.8800,1.9509
1805,0.7876,1.9495,1.9849
1806,0.7871,1.8816,1.9686
1807,0.8013,1.8823,1.9677
1808,0.8009,1.8816,1.9603
1809,0.8004,1.8794,1.9535
1810,0.7872,1.9561,1.9691
1811,0.7997,1.8810,1.9529
1812,0.7877,1.8793,1.9570
1813,0.8004,1.8800,1.9569
1814,0.7871,1.9075,1.9454
1815,0.7995,1.9132,1.9804
1816,0.8320,1.8780,1.9564
1817,0.7879,1.8793,1.9562
1818,0.7893,1.8800,1.9626
1819,0.7887,1.8799,1.9631
1820,0.7991,1.8801,1.9808
1821,0.7983,1.9034,1.9513
1822,0.7880,1.8798,1.9421
1823,0.7988,1.8784,1.9505
1824,0.7991,1.8792,1.9598
1825,0.7983,1.8786,1.9664
1826,0.7989,1.9312,1.9551
1827,0.7989,1.8802,1.9614
1828,0.8158,1.8801,1.9550
1829,0.8013,1.8795,1.9586
1830,0.8021,1.8826,1.9732
1831,0.8006,1.9453,1.9632
1832,0.8015,1.9485,1.9538
1833,0.8013,2.2069,1.9527
1834,0.8010,1.9776,1.9613
1835,0.8003,1.8883,1.9899
1836,0.8005,1.9397,1.9593
1837,0.8019,1.8852,1.9546
1838,0.8012,1.8845,1.9540
1839,0.8021,1.8764,1.9535
1840,0.8009,1.8895,1.9761
1841,0.8170,1.8754,1.9707
1842,0.7898,1.9083,1.9587
1843,0.7899,1.8819,1.9587
1844,0.7896,1.8805,1.9660
1845,0.8000,1.8820,1.9744
1846,0.7882,1.8823,1.9547
1847,0.7887,1.9237,1.9503
1848,0.7885,1.8801,1.9479
1849,0.7884,1.8805,1.9510
1850,0.7902,1.8805,1.9794
1851,0.7891,1.8933,1.9563
1852,0.7891,2.0107,1.9635
1853,0.8076,1.8780,1.9631
1854,0.7968,1.8737,1.9637
1855,0.7970,1.8723,1.9565
1856,0.7979,1.8720,1.9784
1857,0.7898,1.9013,1.9526
1858,0.7886,1.8788,1.9503
1859,0.7893,1.8716,1.9598
1860,0.7886,1.8731,1.9437
1861,0.7893,1.8730,1.9855
1862,0.7900,1.8718,1.9723
1863,0.7902,1.9094,1.9602
1864,0.7900,1.8744,1.9609
1865,0.7897,1.8732,1.9568
1866,0.8128,1.8740,1.9709
1867,0.7955,1.8735,1.9664
1868,0.7972,1.9007,1.9661
1869,0.7974,2.1139,1.9774
1870,0.7972,3.0462,1.9648
1871,0.7985,2.8009,1.9760
1872,0.7976,4.5501,1.9570
1873,0.7963,2.1380,1.9596
1874,0.7970,2.1363,1.9538
1875,0.7974,2.1378,1.9583
1876,0.7980,2.1906,1.9678
1877,0.7980,2.0729,1.9502
1878,0.8125,2.0701,1.9560
1879,0.7979,2.0623,1.9503
1880,0.7985,2.0502,1.9614
1881,0.7995,2.0149,1.9817
1882,0.7991,2.0428,1.9691
1883,0.7988,2.0165,2.3790
1884,0.7997,1.9804,2.3847
1885,0.7976,2.0117,2.5002
1886,0.7983,1.9584,1.9764
1887,0.7988,1.9659,1.9806
1888,0.7983,1.9019,1.9935
1889,0.7983,1.9046,1.9752
1890,0.7978,1.9051,2.0315
1891,0.8238,1.9447,1.9722
1892,0.8001,1.9060,1.9702
1893,0.7992,1.9055,1.9717
1894,0.7999,1.9060,1.9719
1895,0.7996,1.9047,1.9619
1896,0.7985,1.9224,2.0326
1897,0.7999,1.9057,1.9860
1898,0.7991,1.9053,1.9709
1899,0.8003,1.9052,1.9871
1900,0.7988,1.9060,1.9982
1901,0.8006,1.9233,2.0329
1902,0.7987,1.8710,1.9682
1903,0.8749,1.8543,1.9809
1904,0.8042,1.8550,1.9967
1905,0.7963,1.8560,1.9839
1906,0.7977,1.8766,2.0040
1907,0.7991,1.8520,1.9595
1908,0.7980,1.8530,1.9625
1909,0.7983,1.8523,1.9720
1910,0.7965,1.8514,1.9707
1911,0.7977,1.8531,1.9675
1912,0.7983,1.8719,1.9440
1913,0.7973,1.8520,1.9637
1914,0.7970,1.8527,1.9649
1915,0.7977,1.8520,1.9738
1916,0.8140,1.8517,1.9828
1917,0.7928,1.8662,1.9561
1918,0.7935,1.8540,1.9548
1919,0.8058,1.8535,1.9508
1920,0.7953,1.8525,1.9567
1921,0.7946,1.8542,2.0046
1922,0.7954,1.8532,1.9687
1923,0.7935,1.8694,1.9662
1924,0.7938,1.8527,1.9541
1925,0.7960,1.8536,1.9525
1926,0.7949,1.8522,1.9725
1927,0.7949,1.8531,1.9570
1928,0.8155,1.8727,1.9700
1929,0.7943,1.8563,1.9715
1930,0.7941,1.8567,1.9781
1931,0.7938,1.8563,1.9935
1932,0.7936,1.8568,1.9677
1933,0.7927,1.8760,1.9652
1934,0.7934,1.8545,1.9644
1935,0.7927,1.8564,1.9621
1936,0.7928,1.8570,1.9864
1937,0.7928,1.8563,1.9534
1938,0.7921,1.8558,1.9823
1939,0.8054,1.8701,1.9570
1940,0.7927,1.8552,1.9581
1941,0.8122,1.8550,1.9680
1942,0.7868,1.8545,1.9551
1943,0.7885,1.8540,1.9538
1944,0.7860,1.9403,1.9539
1945,0.7865,1.8560,1.9494
1946,0.7863,1.8558,2.1019
1947,0.7864,1.8566,1.9527
1948,0.7869,1.8981,1.9534
1949,0.7862,1.8712,1.9515
1950,0.7878,1.8563,1.9543
1951,0.7860,1.8562,1.9672
1952,0.7861,1.8552,1.9569
1953,0.8286,1.8567,1.9667
1954,0.8135,1.8560,1.9657
1955,0.7964,1.8684,1.9657
1956,0.7966,1.8530,1.9753
1957,0.7965,1.8523,1.9742
1958,0.7967,1.8518,1.9710
1959,0.7960,1.8520,1.9669
1960,0.7950,1.8686,1.9791
1961,0.7970,1.8545,1.9828
1962,0.7958,1.8558,1.9507
1963,0.7963,1.8561,1.9986
1964,0.7962,1.8566,2.4051
1965,0.7970,1.8565,2.0035
1966,0.8085,1.8703,2.0488
1967,0.7945,1.8560,1.9992
1968,0.7934,1.8561,2.0031
1969,0.7930,1.8561,2.0007
1970,0.7885,1.8570,2.0156
1971,0.7875,1.8704,2.0308
1972,0.7881,1.8567,1.9790
1973,0.7869,1.8562,1.9864
1974,0.7873,1.8559,1.9845
1975,0.7873,1.8562,1.9972
1976,0.7879,1.8704,2.0144
1977,0.7874,1.8565,1.9964
1978,0.7876,1.8556,1.9929
1979,0.8470,1.8567,1.9960
1980,0.7955,1.8553,2.0119
1981,0.7950,1.8550,2.0219
1982,0.7959,1.8677,1.9705
1983,0.7969,1.8517,1.9613
1984,0.7960,1.8526,1.9811
1985,0.7882,1.8648,1.9717
1986,0.7879,1.8509,1.9945
1987,0.7952,1.8704,1.9680
1988,0.7950,1.8539,1.9918
1989,0.7957,1.8559,1.9789
1990,0.7953,1.8558,1.9900
1991,0.8136,1.8551,1.9851
1992,0.7960,1.8710,1.9828
1993,0.7963,1.8547,1.9796
1994,0.7963,1.8530,1.9720
1995,0.7960,1.8518,1.9599
1996,0.7978,1.8662,1.9875
1997,0.7974,1.8524,1.9800
1998,0.7977,1.8691,1.9642
1999,0.7980,1.8984,1.9862
2000,0.7975,1.8522,1.9641
2001,0.7978,1.8983,1.9963
2002,0.7980,1.8519,1.9901
2003,0.7976,1.8729,1.9702
2004,0.8473,1.8553,1.9589
2005,0.7992,1.8547,1.9574
2006,0.7980,1.8549,1.9908
2007,0.7973,1.8555,1.9941
2008,0.7984,1.8551,1.9611
2009,0.7986,1.8680,1.9661
2010,0.7973,1.8998,1.9804
2011,0.7984,1.8565,1.9529
2012,0.7972,1.8996,1.9868
2013,0.7972,1.8562,1.9503
2014,0.7975,1.8760,1.9516
2015,0.7983,1.8524,1.9753
2016,0.8300,1.8521,1.9691
2017,0.7895,1.8525,2.0162
2018,0.7874,1.8536,2.0039
2019,0.7881,1.8671,1.9938
2020,0.7883,1.8533,1.9905
2021,0.7965,1.8505,1.9841
2022,0.7975,1.8515,1.9903
2023,0.7964,1.8516,1.9644
2024,0.7961,1.8507,1.9587
2025,0.7962,1.8618,1.9492
2026,0.7969,1.8459,1.9561
2027,0.7977,1.8479,1.9939
2028,0.7960,1.8456,1.9751
2029,0.8120,1.8457,1.9707
2030,0.7963,1.8640,1.9530
2031,0.7963,1.8527,1.9478
2032,0.7960,1.8517,1.9675
2033,0.7962,1.8513,1.9645
2034,0.7954,1.8522,1.9632
2035,0.8080,1.8707,1.9747
2036,0.7957,1.8513,1.9716
2037,0.7949,1.8511,1.9878
2038,0.7956,1.8516,1.9773
2039,0.7942,1.8505,1.9788
2040,0.7956,1.8515,1.9771
2041,0.8228,1.9007,1.9745
2042,0.7976,1.8706,1.9864
2043,0.7980,1.8722,1.9638
2044,0.7980,1.8769,1.9928
2045,0.7985,1.8724,2.3557
2046,0.7978,1.8985,2.0032
2047,0.7976,1.8600,2.0618
2048,0.7977,1.8567,1.9977
2049,0.7977,1.8550,2.0015
2050,0.7982,1.8581,2.0114
2051,0.7980,1.8589,1.9692
2052,0.7967,1.9138,2.0090
2053,0.7977,1.8554,1.9927
2054,0.8354,1.8576,1.9884
2055,0.8110,1.8598,1.9425
2056,0.7991,1.8585,1.9471
2057,0.7990,1.8899,1.9972
2058,0.7988,1.9257,1.9743
2059,0.7977,1.8761,1.9848
2060,0.7983,1.8570,1.9715
2061,0.7995,1.8587,2.0100
2062,0.7981,1.8854,2.0005
2063,0.7989,1.8543,1.9847
2064,0.7980,1.8543,1.9891
2065,0.7996,1.8563,1.9818
2066,0.8272,1.8547,1.9733
2067,0.8023,1.8516,2.0157
2068,0.8000,1.8709,1.9980
2069,0.8007,1.8558,2.0035
2070,0.7925,1.8543,1.9770
2071,0.7904,1.8559,1.9710
2072,0.7904,1.8555,1.9958
2073,0.7925,1.8715,1.9726
2074,0.7915,1.8548,1.9902
2075,0.7911,1.8562,1.9644
2076,0.7908,1.8558,1.9749
2077,0.7906,1.8557,1.9817
2078,0.7915,1.9296,1.9678
2079,0.8148,1.8547,1.9489
2080,0.7987,1.8554,1.9442
2081,0.7989,1.8581,1.9678
2082,0.7889,1.8580,1.9660
2083,0.7888,1.8572,1.9707
2084,0.7891,1.8729,1.9547
2085,0.7893,1.8556,1.9699
2086,0.7882,1.8557,1.9843
2087,0.7895,1.8550,2.0016
2088,0.7874,1.8555,1.9872
2089,0.7888,1.8708,1.9904
2090,0.7880,1.8545,1.9815
2091,0.8035,1.8553,1.9868
2092,0.7952,1.8560,2.0063
2093,0.7963,1.8555,1.9744
2094,0.7952,1.8708,1.9732
2095,0.7953,1.8797,1.9758
2096,0.7899,1.8783,1.9887
2097,0.7900,1.8807,1.9879
2098,0.7894,1.8789,1.9707
2099,0.7894,1.8795,1.9846
2100,0.7907,1.8958,1.9502
2101,0.7897,1.8794,1.9829
2102,0.7903,1.8786,2.0024
2103,0.7894,1.8789,1.9718
2104,0.8142,1.8786,1.9618
2105,0.8006,1.8820,1.9707
2106,0.7996,1.8554,1.9863
2107,0.7998,1.8552,1.9929
2108,0.7993,1.8550,1.9773
2109,0.8009,1.8569,1.9829
2110,0.8007,1.8673,1.9614
2111,0.7996,1.8557,1.9745
2112,0.8011,1.8560,1.9961
2113,0.8007,1.8557,1.9584
2114,0.7995,1.8566,1.9625
2115,0.8002,1.8558,1.9667
2116,0.8191,1.8734,1.9597
2117,0.7972,1.8562,1.9782
2118,0.7968,1.8564,1.9707
2119,0.7965,1.8557,1.9676
2120,0.7973,1.8553,1.9716
2121,0.7965,1.9166,1.9693
2122,0.7975,1.8562,1.9752
2123,0.7978,1.8806,1.9788
2124,0.7968,1.9010,1.9642
2125,0.7957,1.8569,1.9673
2126,0.7973,1.8565,1.9689
2127,0.7974,1.8880,1.9704
2128,0.7964,1.8575,1.9997
2129,0.8522,1.9290,2.0070
2130,0.7962,1.8569,1.9720
2131,0.7945,1.8581,1.9958
2132,0.7961,1.8836,1.9998
2133,0.7957,1.8559,2.0177
2134,0.7964,1.8589,1.9910
2135,0.7951,2.6902,1.9927
2136,0.7960,5.8011,1.9881
2137,0.7908,4.0384,1.9906
2138,0.7905,4.0569,2.0325
2139,0.7914,3.9534,1.9742
2140,0.7907,3.9009,1.9766
2141,0.8075,3.9306,1.9718
2142,0.7932,3.8674,1.9925
2143,0.7940,3.9047,2.0447
2144,0.7957,3.8505,1.9925
2145,0.7944,3.7921,2.0086
2146,0.7878,4.7324,1.9744
2147,0.7873,2.6134,1.9803
2148,0.7885,1.9997,2.0066
2149,0.7882,1.8567,1.9838
2150,0.7884,1.8987,1.9728
2151,0.7875,1.8561,1.9716
2152,0.7881,1.8561,1.9597
2153,0.7884,1.8556,1.9735
2154,0.8083,1.8549,1.9488
2155,0.8000,1.8759,1.9493
2156,0.7985,1.8545,1.9491
2157,0.7973,1.8537,1.9515
2158,0.7995,1.8547,1.9920
2159,0.7985,1.8534,1.9659
2160,0.7990,1.8715,1.9666
2161,0.7988,1.9010,1.9642
2162,0.7992,1.8559,1.9742
2163,0.7988,1.9007,1.9946
2164,0.7882,1.8563,1.9653
2165,0.7904,1.8546,1.9931
2166,0.7892,1.8934,1.9683
2167,0.8093,1.8567,1.9682
2168,0.7987,1.8571,2.0014
2169,0.7986,1.8572,1.9692
2170,0.7980,1.8567,1.9612
2171,0.7970,1.8693,1.9706
2172,0.7980,1.8552,1.9905
2173,0.7981,1.8543,1.9839
2174,0.7893,1.8552,1.9657
2175,0.7887,1.8562,1.9878
2176,0.7894,1.8735,1.9905
2177,0.7886,1.8541,1.9865
2178,0.7892,1.8539,1.9986
2179,0.8043,1.8536,1.9863
2180,0.7989,1.8544,1.9801
2181,0.7987,1.8558,1.9877
2182,0.7984,1.8827,1.9641
2183,0.7884,1.8552,2.0046
2184,0.7889,1.8546,1.9678
2185,0.7891,1.8554,1.9682
2186,0.7884,1.8565,1.9738
2187,0.7884,1.8701,1.9442
2188,0.7890,1.8535,1.9778
2189,0.7889,1.8559,1.9621
2190,0.7883,1.8556,1.9879
2191,0.7877,1.8762,1.9892
2192,0.8084,1.8729,1.9770
2193,0.7976,1.8542,2.0029
2194,0.7976,1.8522,1.9839
2195,0.7984,1.8526,1.9759
2196,0.7972,1.8518,1.9836
2197,0.7975,1.8540,1.9962
2198,0.7978,1.8682,1.9899
2199,0.7974,1.8561,1.9643
2200,0.7978,1.8509,1.9585
2201,0.7972,1.8564,1.9857
2202,0.7891,1.8561,1.9705
2203,0.7874,1.8657,1.9874
2204,0.8025,1.8586,1.9591
2205,0.7958,1.8539,1.9560
2206,0.7959,1.8525,1.9614
2207,0.7957,1.8523,1.9624
2208,0.7958,1.8556,1.9723
2209,0.7967,1.9647,1.9619
2210,0.7955,2.2816,1.9585
2211,0.7961,2.3028,1.9598
2212,0.7956,2.2913,1.9626
2213,0.7956,2.3247,1.9918
2214,0.7875,2.5713,1.9601
2215,0.7886,2.6086,1.9541
2216,0.7879,2.6155,1.9532
2217,0.8059,2.3829,1.9603
2218,0.7984,2.3629,1.9598
2219,0.7981,2.3319,2.0032
2220,0.7979,2.6240,1.9643
2221,0.7974,2.7324,1.9535
2222,0.7969,2.7310,1.9585
2223,0.7973,2.5852,1.9767
2224,0.8047,2.5096,1.9870
2225,0.8680,2.8755,1.9579
2226,0.8235,2.4701,1.9631
2227,0.8006,2.2020,1.9566
2228,0.7995,2.1234,1.9867
2229,0.8185,1.8963,1.9987
2230,0.8456,1.8557,1.9572
2231,0.7884,1.8998,1.9623
2232,0.8012,1.8515,1.9635
2233,0.8006,1.8528,1.9606
2234,0.8003,1.8525,2.0002
2235,0.8017,1.8788,1.9743
2236,0.8474,1.8602,1.9660
2237,0.8010,1.9615,1.9604
2238,0.8007,1.8618,1.9834
2239,0.8014,1.8570,1.9883
2240,0.8012,1.9028,1.9572
2241,0.8013,1.8974,1.9585
2242,0.8131,1.9695,1.9522
2243,0.7975,1.8795,1.9507
2244,0.7972,1.8995,1.9779
2245,0.7980,1.9383,1.9505
2246,0.7970,1.8966,1.9563
2247,0.7973,1.8699,1.9523
2248,0.7971,1.8556,1.9544
2249,0.7959,1.8584,2.0134
2250,0.7987,1.9087,1.9533
2251,0.7979,1.8663,1.9503
2252,0.7971,1.8618,1.9626
2253,0.7983,1.8637,1.9785
2254,0.8121,1.8651,1.9876
2255,0.8006,1.8602,1.9504
2256,0.7923,1.9155,1.9617
2257,0.7913,1.8621,1.9745
2258,0.7916,1.8596,1.9675
2259,0.7923,1.8590,1.9763
2260,0.7915,1.8586,1.9564
2261,0.7925,1.8858,1.9543
2262,0.7915,1.8549,1.9633
2263,0.7918,1.8602,1.9620
2264,0.7931,1.8575,1.9827
2265,0.7912,1.8557,1.9525
2266,0.7913,1.8817,1.9679
2267,0.8120,1.8690,1.9802
2268,0.7989,1.8622,1.9805
2269,0.7907,1.8603,2.0451
2270,0.7990,1.8648,1.9633
2271,0.7906,1.8566,1.9644
2272,0.7902,1.8964,1.9657
2273,0.7903,1.8558,1.9680
2274,0.7897,1.8555,1.9874
2275,0.7887,1.8568,1.9634
2276,0.7898,1.8548,1.9581
2277,0.7902,1.9484,1.9534
2278,0.7894,1.8614,1.9523
2279,0.8044,1.8583,1.9629
2280,0.7969,1.8583,1.9753
2281,0.7971,1.8583,1.9504
2282,0.7898,1.8584,1.9578
2283,0.7902,1.8888,1.9549
2284,0.7902,1.8553,1.9641
2285,0.7916,1.8549,2.0312
2286,0.7921,1.8548,1.9478
2287,0.7923,1.8554,1.9502
2288,0.7910,1.8815,1.9496
2289,0.7908,1.8551,1.9526
2290,0.7917,1.8555,1.9655
2291,0.7916,1.8695,1.9481
2292,0.8064,1.8569,1.9483
2293,0.7979,1.8825,1.9512
2294,0.7991,1.8554,1.9584
2295,0.7968,1.8524,1.9666
2296,0.7957,1.8503,1.9488
2297,0.7975,1.8513,1.9538
2298,0.7958,1.8521,1.9601
2299,0.7970,1.9117,1.9567
2300,0.7959,1.8601,1.9885
2301,0.7965,1.8616,1.9524
2302,0.7969,1.8626,1.9542
2303,0.7964,1.8634,1.9573
2304,0.8100,1.8782,1.9585
2305,0.7967,1.8548,1.9720
2306,0.7996,1.8552,1.9500
2307,0.7971,1.8772,1.9593
2308,0.7994,1.8573,1.9515
2309,0.7993,1.8766,1.9490
2310,0.7920,1.8577,1.9736
2311,0.7921,1.8553,1.9543
2312,0.7904,1.8599,1.9574
2313,0.7911,1.8593,1.9571
2314,0.7917,1.8583,1.9564
2315,0.7903,1.8757,1.9653
2316,0.7919,1.8564,1.9514
2317,0.8097,1.8570,1.9440
2318,0.7963,1.8560,1.9513
2319,0.7974,1.8545,1.9451
2320,0.7968,1.8755,1.9642
2321,0.7974,1.8567,1.9572
2322,0.7979,1.8560,1.9640
2323,0.7881,1.8564,1.9658
2324,0.7890,1.8576,1.9630
2325,0.7884,1.8945,1.9793
2326,0.7883,1.8650,1.9792
2327,0.7875,1.8630,1.9565
2328,0.7877,1.8593,1.9671
2329,0.7883,1.8568,1.9630
2330,0.8109,1.8561,1.9604
2331,0.7979,1.8829,1.9828
2332,0.7972,1.8663,1.9628
2333,0.7963,1.8524,1.9638
2334,0.7967,1.8510,1.9558
2335,0.7966,1.8510,1.9645
2336,0.7976,1.8909,1.9717
2337,0.7967,1.8622,1.9561
2338,0.7977,1.8606,1.9453
2339,0.7952,1.8584,1.9547
2340,0.7955,1.8591,1.9528
2341,0.7953,1.8583,1.9737
2342,0.8521,1.8898,1.9701
2343,0.8003,1.8591,1.9563
2344,0.7975,1.8700,1.9551
2345,0.7965,1.8590,1.9627
2346,0.7974,1.8614,1.9893
2347,0.7975,1.8831,1.9646
2348,0.7968,1.8534,1.9627
2349,0.7965,1.8546,1.9698
2350,0.7974,1.8535,1.9733
2351,0.7970,1.8557,1.9811
2352,0.7967,1.8823,1.9731
2353,0.7968,1.8584,1.9723
2354,0.7977,1.8544,1.9742
2355,0.8395,1.8520,1.9729
2356,0.7980,1.8755,1.9781
2357,0.7976,2.5134,1.9589
2358,0.7978,2.4311,1.9643
2359,0.7981,1.9272,1.9635
2360,0.7973,1.8538,1.9617
2361,0.7973,1.8556,2.0373
2362,0.7967,1.8904,1.9933
2363,0.7974,1.8566,1.9628
2364,0.7985,1.8572,1.9625
2365,0.7964,1.8570,1.9900
2366,0.7989,1.8556,2.0008
2367,0.8107,1.8559,1.9864
2368,0.7986,1.8771,1.9554
2369,0.7977,1.8518,1.9572
2370,0.7968,1.8512,1.9600
2371,0.7977,1.8505,1.9899
2372,0.7968,1.8506,1.9483
2373,0.7977,1.8732,1.9439
2374,0.7973,1.9010,1.9544
2375,0.7979,1.8565,1.9470
2376,0.8124,1.9018,1.9746
2377,0.7978,1.8563,1.9581
2378,0.7871,1.8865,1.9533
2379,0.7871,1.8547,1.9704
2380,0.8701,1.8502,1.9678
2381,0.7965,1.8530,2.0583
2382,0.7956,1.8514,2.0033
2383,0.7956,1.8524,1.9993
2384,0.7943,1.8863,1.9916
2385,0.7925,1.8513,1.9892
2386,0.7937,1.8517,2.0131
2387,0.7934,1.8512,1.9783
2388,0.7953,1.8506,1.9775
2389,0.7955,1.8689,1.9929
2390,0.7955,1.8504,2.0043
2391,0.7952,1.8509,1.9885
2392,0.9517,1.8503,1.9661
2393,0.7958,1.8516,1.9546
2394,0.7932,1.8504,1.9542
2395,0.7936,1.8625,1.9534
2396,0.7922,1.8485,1.9814
2397,0.7925,1.8488,1.9535
2398,0.7945,1.8491,1.9529
2399,0.7908,1.8500,1.9555
2400,0.7915,1.9165,1.9518
2401,0.7952,1.9059,1.9602
2402,0.7959,1.8587,2.0053
2403,0.7962,1.9034,1.9689
2404,0.7957,1.8582,1.9679
2405,0.8348,1.8757,1.9676
2406,0.7954,1.8507,1.9680
2407,0.7959,1.8537,1.9746
2408,0.7951,1.8514,1.9575
2409,0.7966,1.8519,1.9631
2410,0.7952,1.8531,1.9700
2411,0.7952,1.8800,1.9708
2412,0.7954,1.8581,1.9709
2413,0.7966,1.8537,1.9578
2414,0.7969,1.8521,1.9500
2415,0.7948,1.8527,1.9543
2416,0.7959,1.8684,1.9500
2417,0.8110,1.8564,1.9718
2418,0.7919,1.8565,1.9521
2419,0.7937,1.8560,1.9521
2420,0.7925,1.8561,1.9530
2421,0.7944,1.8993,1.9575
2422,0.7937,2.2353,1.9780
2423,0.7937,2.1297,1.9626
2424,0.7936,1.8513,1.9669
2425,0.7934,1.8521,1.9624
2426,0.7948,1.9104,1.9491
2427,0.7924,1.8734,1.9693
2428,0.7925,1.8515,1.9517
2429,0.7940,1.8657,1.9559
2430,0.8579,1.8518,1.9528
2431,0.7981,1.8525,1.9529
2432,0.7986,1.8769,1.9648
2433,0.7987,1.8525,1.9506
2434,0.7985,1.8565,1.9483
2435,0.7975,1.8562,1.9484
2436,0.7981,1.8556,1.9537
2437,0.7982,1.9318,1.9708
2438,0.7875,1.8568,1.9543
2439,0.7880,1.8574,1.9547
2440,0.7890,1.8580,1.9562
2441,0.7886,1.8557,1.9468
2442,0.8421,2.5228,1.9761
2443,0.8002,1.8568,1.9564
2444,0.8000,1.8539,1.9548
2445,0.7990,1.8570,1.9511
2446,0.7990,1.8619,1.9517
2447,0.7886,1.8603,1.9843
2448,0.7993,1.9719,1.9574
2449,0.7886,1.8759,1.9602
2450,0.7898,1.8730,1.9590
2451,0.7884,1.8705,1.9522
2452,0.7897,1.8557,1.9587
2453,0.8018,1.8966,1.9658
2454,0.7881,1.8578,1.9517
2455,0.8104,1.8575,1.9515
2456,0.7966,1.8594,1.9478
2457,0.7962,1.8576,1.9511
2458,0.7989,1.8789,1.9942
2459,0.7968,1.8564,1.9825
2460,0.7956,1.8561,1.9858
2461,0.7983,1.8562,1.9824
2462,0.7961,1.8538,2.0018
2463,0.7968,1.8543,1.9782
2464,0.7979,1.9408,1.9593
2465,0.7983,1.8568,1.9545
2466,0.7953,1.8568,1.9591
2467,0.8107,1.8569,1.9612
2468,0.7953,1.8578,1.9802
2469,0.7942,1.9125,1.9496
2470,0.7948,1.8580,1.9569
2471,0.7946,1.8560,1.9500
2472,0.7944,1.8573,1.9635
2473,0.7940,1.8574,2.0014
2474,0.7945,1.9124,1.9944
2475,0.7962,1.8582,1.9934
2476,0.7936,1.8557,1.9946
2477,0.7955,1.8564,1.9954
2478,0.7941,1.8594,1.9885
2479,0.7957,1.8574,1.9628
2480,0.8129,1.8728,1.9736
2481,0.7964,1.8550,1.9616
2482,0.7959,1.8530,1.9593
2483,0.7964,1.8509,1.9874
2484,0.7959,1.8509,1.9610
2485,0.7965,1.8646,1.9640
2486,0.7965,1.8550,1.9640
2487,0.7966,1.8521,1.9682
2488,0.7969,1.8544,1.9770
2489,0.7956,1.8545,1.9539
2490,0.7966,1.8694,1.9596
2491,0.7961,1.8526,1.9634
2492,0.8379,1.8538,1.9628
2493,0.7941,1.8531,1.9751
2494,0.7954,1.8533,1.9549
2495,0.7951,1.8553,1.9551
2496,0.7951,1.8656,1.9709
2497,0.7966,1.8526,1.9562
2498,0.7937,1.8526,1.9782
2499,0.7961,1.8546,1.9542
2500,0.7954,1.8547,1.9643
2501,0.7956,1.8678,1.9635
2502,0.7959,1.8550,1.9638
2503,0.7955,1.8549,1.9799
2504,0.7949,1.8529,1.9467
2505,0.8059,1.8553,1.9522
2506,0.7887,1.8560,1.9506
2507,0.7887,1.8868,1.9618
2508,0.7975,1.8780,1.9780
2509,0.7962,1.8750,1.9677
2510,0.7945,1.8755,1.9468
2511,0.7954,1.8756,1.9437
2512,0.7951,1.9232,1.9492
2513,0.7950,1.8512,1.9525
2514,0.7954,1.8505,1.9639
2515,0.7954,1.8519,1.9533
2516,0.7943,1.8557,1.9520
2517,0.8115,1.9953,1.9562
2518,0.7887,1.8506,1.9660
2519,0.7881,1.8516,1.9588
2520,0.7881,1.8516,1.9479
2521,0.7975,1.8515,1.9447
2522,0.7993,1.8531,1.9476
2523,0.8096,1.8723,1.9468
2524,0.7944,1.8563,1.9636
2525,0.7932,1.8558,1.9486
2526,0.7942,1.8552,1.9488
2527,0.7949,1.8550,1.9540
2528,0.7947,2.2395,1.9531
2529,0.7963,2.0196,1.9752
2530,0.8328,1.8907,1.9582
2531,0.7974,1.9304,1.9635
2532,0.7972,1.8893,1.9638
2533,0.7991,1.9529,1.9606
2534,0.7972,1.8550,1.9746
2535,0.7984,1.8556,1.9479
2536,0.7966,1.8687,1.9509
2537,0.7986,1.8570,1.9496
2538,0.7970,1.9149,1.9510
2539,0.7978,1.8574,1.9732
2540,0.7976,1.8591,2.0192
2541,0.7975,1.8595,1.9691
2542,0.8350,1.8610,2.0196
2543,0.8012,1.8611,1.9604
2544,0.7946,1.9963,1.9819
2545,0.7945,1.8578,1.9774
2546,0.8174,1.8581,1.9621
2547,0.8886,1.9893,1.9632
2548,0.9490,1.8792,1.9628
2549,0.9791,1.8724,1.9762
2550,0.9653,1.8558,1.9514
2551,0.9536,1.8562,1.9511
2552,0.8555,1.8574,1.9590
2553,0.8173,1.8567,1.9553
2554,0.8683,1.9334,1.9741
2555,0.7999,1.8681,1.9491
2556,0.7993,1.8559,1.9499
2557,0.8005,1.8583,1.9453
2558,0.7994,1.8567,1.9492
2559,0.8002,1.8575,1.9570
2560,0.8000,1.9098,1.9864
2561,0.8136,1.8560,1.9856
2562,0.7990,1.8583,1.9820
2563,0.7990,1.8555,1.9844
2564,0.7990,1.8661,2.0088
2565,0.7984,1.9205,1.9706
2566,0.8747,1.8587,1.9700
2567,0.8056,1.8583,1.9714
2568,0.7969,1.8576,1.9714
2569,0.7967,1.8583,1.9722
2570,0.7966,1.8850,1.9753
2571,0.7977,1.8567,1.9516
2572,0.7969,1.8576,1.9523
2573,0.7973,1.8565,1.9528
2574,0.7969,1.8577,1.9517
2575,0.7971,1.8574,1.9715
2576,0.7968,1.8816,1.9607
2577,0.7971,1.8535,1.9557
2578,0.7964,1.8542,1.9638
2579,0.8074,1.8551,1.9654
2580,0.7959,1.8563,1.9758
2581,0.7949,1.8933,1.9598
2582,0.7937,1.8587,1.9574
2583,0.7940,1.8569,1.9471
2584,0.7940,1.8563,1.9561
2585,0.7938,1.8570,1.9705
2586,0.7933,1.8869,1.9672
2587,0.7942,1.8561,1.9593
2588,0.7943,1.8562,1.9597
2589,0.7939,1.8564,1.9567
2590,0.7945,1.8576,1.9722
2591,0.8564,1.8580,1.9512
2592,0.7936,1.8913,1.9545
2593,0.7956,1.8499,1.9623
2594,0.7962,1.8530,1.9505
2595,0.7956,1.8534,2.3071
2596,0.7975,1.8533,1.9634
2597,0.7963,1.8699,1.9626
2598,0.7967,1.8538,1.9602
2599,0.7958,1.8537,1.9617
2600,0.7966,1.8522,1.9733
2601,0.7962,1.8508,1.9524
2602,0.7970,1.8546,1.9536
2603,0.7963,1.8698,1.9667
2604,0.8112,1.8557,1.9572
2605,0.7970,1.8567,2.0022
2606,0.8089,1.8573,1.9663
2607,0.7961,1.8555,1.9615
2608,0.7957,1.8662,1.9638
2609,0.7951,1.8470,1.9678
2610,0.7963,1.8466,1.9868
2611,0.7908,1.8451,1.9541
2612,0.7905,1.8456,1.9646
2613,0.7894,1.8631,1.9517
2614,0.7891,2.1452,1.9671
2615,0.7898,2.0867,1.9847
2616,0.8066,1.8929,1.9483
2617,0.7964,1.8779,1.9776
2618,0.7972,1.9477,1.9839
2619,0.7978,1.8784,1.9907
2620,0.7973,1.8672,1.9983
2621,0.7890,1.8711,1.9652
2622,0.7890,1.8564,1.9573
2623,0.7882,1.8530,1.9757
2624,0.7882,1.9187,1.9629
2625,0.7886,1.8569,2.0112
2626,0.7882,1.8576,1.9571
2627,0.7888,1.8574,1.9551
2628,0.7885,1.8562,1.9558
2629,0.8322,1.9282,1.9657
2630,0.7975,1.8499,2.0146
2631,0.7980,1.8551,1.9546
2632,0.7970,1.8509,1.9499
2633,0.7972,1.8519,1.9502
2634,0.7978,1.9146,1.9521
2635,0.7970,1.8559,1.9557
2636,0.7972,1.8569,1.9765
2637,0.7970,1.8556,1.9482
2638,0.7954,1.8565,1.9578
2639,0.7963,1.8576,1.9569
2640,0.7962,1.8956,1.9573
2641,0.8227,1.8526,1.9771
2642,0.7959,1.8560,1.9751
2643,0.7882,1.8498,2.3557
2644,0.7878,1.8511,2.4321
2645,0.7882,1.8853,2.4274
2646,0.7973,1.8560,1.9963
2647,0.7970,1.8572,2.4078
2648,0.7998,1.8584,2.0066
2649,0.8024,1.8567,2.0080
2650,0.7979,1.8800,2.0553
2651,0.7940,1.8639,1.9737
2652,0.7962,1.8592,1.9750
2653,0.8022,1.8606,1.9667
2654,0.8818,1.8579,1.9851
2655,0.7973,1.8777,2.0761
2656,0.7879,2.0214,1.9627
2657,0.7892,1.9313,2.0078
2658,0.7995,1.8771,2.0125
2659,0.8097,1.9236,1.9981
2660,0.8042,1.8781,2.0368
2661,0.7975,2.0507,1.9831
2662,0.7999,1.8707,1.9655
2663,0.8048,1.8668,1.9915
2664,0.8015,1.8814,1.9883
2665,0.8892,1.9104,1.9854
2666,1.0359,1.9365,1.9560
2667,0.9877,1.8639,1.9587
2668,0.9851,1.8578,1.9610
2669,0.9854,1.8562,1.9620
2670,0.9802,1.8586,1.9893
2671,0.9863,1.8748,1.9607
2672,0.9615,1.8986,1.9662
2673,0.9895,1.8564,1.9768
2674,0.9775,1.8673,1.9610
2675,0.9702,1.8585,1.9773
2676,1.0691,1.8578,1.9557
2677,0.9798,1.8751,1.9568
2678,0.9475,1.8535,1.9596
2679,0.8772,1.8562,1.9622
2680,0.7950,1.8547,1.9916
2681,0.7941,1.8561,1.9520
2682,0.7962,1.8808,1.9497
2683,0.7933,1.8547,1.9837
2684,0.7926,1.8572,1.9595
2685,0.7947,1.8563,1.9881
2686,0.7940,1.8696,1.9659
2687,0.7942,1.8574,1.9677
2688,0.8637,1.8677,1.9713
2689,0.7940,1.8495,1.9728
2690,0.7941,1.8511,1.9842
2691,0.7943,1.8510,1.9568
2692,0.7905,1.8501,1.9509
2693,0.7929,1.9345,1.9525
2694,0.7929,1.8579,1.9527
2695,0.7948,1.8586,1.9724
2696,0.7948,1.8597,1.9712
2697,0.7973,1.8579,1.9729
2698,0.7986,1.9096,1.9665
2699,0.7961,1.8574,1.9706
2700,0.9317,1.8576,1.9838
2701,0.9649,1.8591,1.9659
2702,0.9943,1.8598,1.9601
2703,0.9686,1.8577,1.9678
2704,0.9578,1.9018,1.9629
2705,0.9437,1.8570,1.9627
2706,1.9449,1.8567,2.0059
2707,1.7444,1.8564,1.9646
2708,1.1685,1.8577,1.9624
2709,1.2655,1.8727,1.9631
2710,1.1744,1.8565,1.9688
2711,1.0194,1.8582,1.9746
2712,0.8251,1.8558,1.9552
2713,0.8294,1.8577,1.9541
2714,0.8357,1.8604,1.9529
2715,0.8422,1.9044,1.9551
2716,0.8183,1.8577,1.9726
2717,0.8186,1.8572,1.9618
2718,0.8173,1.8578,1.9688
2719,0.8210,1.8603,1.9559
2720,0.8723,1.8874,1.9531
2721,0.8258,1.8502,1.9947
2722,0.8226,1.8513,1.9588
2723,0.8207,1.8520,2.2671
2724,0.8281,1.8520,2.2797
2725,0.7999,1.9040,1.9909
2726,0.7881,1.8779,2.0093
2727,0.7890,1.8837,1.9625
2728,0.8026,1.8855,1.9814
2729,0.7970,1.8793,1.9818
2730,0.7885,1.8798,1.9870
2731,0.7957,1.9246,2.0129
2732,0.8273,1.8632,1.9477
2733,0.8078,1.8520,1.9463
2734,0.8134,1.8522,1.9522
2735,0.8137,1.8525,1.9545
2736,0.8884,1.9117,2.0001
2737,0.8059,1.8567,1.9788
2738,0.9422,1.8661,1.9734
2739,0.9438,1.8704,1.9722
2740,0.8206,1.8671,1.9740
2741,0.8023,1.9355,1.9922
2742,0.7960,1.8878,1.9710
2743,0.8005,1.8640,1.9629
2744,0.8380,1.8577,1.9753
2745,0.8006,1.8569,1.9684
2746,0.7940,1.8565,1.9911
2747,0.7939,1.9229,1.9627
2748,0.7938,1.8630,1.9693
2749,0.7939,1.8598,1.9801
2750,0.7952,1.8593,1.9859
2751,0.7957,1.8651,2.0100
2752,0.8100,1.8991,1.9667
2753,0.8250,1.8755,1.9583
2754,0.8301,1.8634,1.9638
2755,0.8276,1.8613,1.9582
2756,0.8786,1.8607,1.9806
2757,0.8189,1.9463,1.9628
2758,0.8428,1.8584,1.9796
2759,0.9118,1.8700,1.9530
2760,0.7987,1.8580,1.9819
2761,0.7944,1.8575,1.9861
2762,0.7968,1.8582,1.9655
2763,0.7966,1.9194,1.9881
2764,0.7954,1.8563,1.9549
2765,0.7970,1.8534,1.9460
2766,0.8003,1.8556,1.9883
2767,0.7961,1.8579,1.9851
2768,0.7967,1.8783,1.9863
2769,0.8244,1.8573,1.9639
2770,0.7928,1.8558,1.9615
2771,0.7933,1.8614,1.9913
2772,0.7927,1.8586,1.9473
2773,0.7941,1.9252,1.9525
2774,0.7961,1.8745,1.9529
2775,0.8004,1.8628,1.9525
2776,0.7933,1.8647,1.9772
2777,0.7925,1.8581,1.9578
2778,0.7934,1.8578,1.9629
2779,0.7943,1.9313,1.9613
2780,0.7947,1.8582,1.9589
2781,0.8314,1.8560,1.9847
2782,0.7960,1.8587,1.9512
2783,0.7975,1.8583,1.9544
2784,0.7963,1.8972,1.9550
2785,0.7977,1.8566,1.9547
2786,0.8007,1.8554,1.9676
2787,0.7994,1.8555,1.9618
2788,0.7979,1.8588,1.9595
2789,0.7975,1.8788,1.9562
2790,0.7950,1.9014,1.9735
2791,0.7967,1.8581,1.9543
2792,0.7968,1.8581,1.9723
2793,0.7968,1.8591,1.9497
2794,0.8345,1.8607,1.9577
2795,0.7945,1.8962,1.9442
2796,0.7935,1.8737,1.9608
2797,0.7932,1.8574,1.9840
2798,0.7957,1.8587,1.9483
2799,0.8161,1.8542,1.9537
2800,0.8157,1.8863,1.9496
2801,0.7980,1.8555,1.9502
2802,0.7986,1.8561,1.9897
2803,0.7985,1.8565,1.9562
2804,0.7997,1.8572,2.0535
2805,0.7999,1.8724,2.3854
2806,0.8439,1.8559,2.6006
2807,0.7971,1.8555,2.0086
2808,0.7958,1.8569,2.0313
2809,0.7961,1.8571,1.9866
2810,0.7974,1.8576,1.9759
2811,0.7968,1.8795,2.0072
2812,0.7959,1.8565,1.9767
2813,0.7959,1.8684,1.9993
2814,0.7963,1.8664,1.9941
2815,0.7968,1.8559,1.9950
2816,0.7967,1.8935,2.0242
2817,0.7967,1.8583,1.9695
2818,0.7974,1.8557,1.9632
2819,0.8359,1.8565,1.9617
2820,0.7997,1.8564,1.9900
2821,0.7998,1.8520,1.9940
2822,0.7999,1.8816,1.9705
2823,0.8002,1.8576,1.9678
2824,0.8005,1.8572,1.9859
2825,0.8001,1.8525,1.9765
2826,0.8010,1.8566,2.0161
2827,0.8009,1.8724,1.9982
2828,0.8006,1.8548,1.9727
2829,0.7999,1.8571,2.0027
2830,0.7992,1.8556,2.0021
2831,0.8174,1.8548,2.0376
2832,0.7989,1.8659,1.9991
2833,0.7983,1.8496,1.9835
2834,0.7890,1.8497,1.9924
2835,0.8010,1.8495,1.9783
2836,0.8001,1.8508,2.0257
2837,0.8020,1.8495,1.9823
2838,0.8013,1.8613,1.9788
2839,0.8017,1.8508,1.9661
2840,0.8014,1.8499,1.9848
2841,0.8097,1.8502,2.0135
2842,0.8035,1.8514,1.9748
2843,0.8361,1.8803,1.9644
2844,0.8000,1.8749,1.9689
2845,0.8030,1.8734,1.9624
2846,0.7953,1.8742,1.9913
2847,0.7968,1.8740,1.9585
2848,0.7940,1.8931,1.9614
2849,0.7963,1.8763,1.9553
2850,0.7963,1.8775,1.9573
2851,0.7982,1.8782,1.9604
2852,0.7967,1.8779,2.0119
2853,0.7955,1.8769,1.9781
2854,0.7976,2.0114,1.9690
2855,0.7950,1.8556,1.9749
2856,0.8255,1.8549,1.9760
2857,0.7929,1.8546,1.9943
2858,0.7923,1.8540,1.9628
2859,0.7929,1.8672,1.9689
2860,0.7927,1.8553,1.9667
2861,0.7920,1.8529,1.9633
2862,0.7917,1.8549,1.9938
2863,0.7923,1.8655,1.9850
2864,0.7927,1.8958,1.9903
2865,0.7926,1.8549,1.9907
2866,0.7914,1.8544,1.9785
2867,0.7922,1.8549,1.9746
2868,0.7915,1.8551,1.9791
2869,0.8145,1.8554,1.9838
2870,0.7938,1.8709,1.9423
2871,0.7952,1.8556,1.9825
2872,0.7962,1.8536,1.9865
2873,0.7958,1.8551,1.9638
2874,0.7956,1.8543,1.9808
2875,0.7945,1.8708,1.9526
2876,0.7938,1.8567,1.9623
2877,0.7941,1.8548,2.0125
2878,0.7943,1.8544,1.9682
2879,0.7959,1.8544,1.9667
2880,0.7956,1.8554,1.9640
2881,0.8139,1.8710,1.9621
2882,0.7942,1.8552,1.9958
2883,0.7937,1.8542,1.9811
2884,0.7926,1.8548,2.0156
2885,0.7953,1.8563,2.3460
2886,0.7946,1.8679,1.9968
2887,0.7935,1.8553,2.0190
2888,0.7932,1.8561,1.9587
2889,0.7947,1.8558,1.9859
2890,0.7956,1.8563,1.9620
2891,0.7948,1.8671,1.9592
2892,0.7962,1.8553,2.0505
2893,0.7944,1.8547,2.0041
2894,0.8234,1.8557,2.0043
2895,0.8014,1.8558,1.9998
2896,0.8008,1.8548,1.9688
2897,0.7993,1.8675,2.0214
2898,0.8000,1.8540,1.9891
2899,0.8011,1.8543,1.9881
2900,0.8008,1.8550,1.9938
2901,0.8001,1.8532,1.9898
2902,0.8001,1.8728,2.0361
2903,0.8022,1.8553,1.9493
2904,0.8019,1.8553,1.9545
2905,0.8015,1.8551,1.9564
2906,0.8170,1.8574,1.9492
2907,0.7904,1.8735,2.0015
2908,0.7897,1.8515,1.9771
2909,0.7989,1.8512,1.9927
2910,0.7992,1.8505,1.9942
2911,0.7996,1.8516,1.9977
2912,0.8000,1.8515,2.0212
2913,0.7994,1.8662,1.9711
2914,0.7906,1.8537,1.9813
2915,0.7899,1.8549,1.9927
2916,0.7913,1.8537,1.9698
2917,0.7904,1.8540,2.0901
2918,0.7913,1.8713,1.9624
2919,0.8110,1.8726,1.9646
2920,0.7963,1.8730,1.9662
2921,0.7966,1.8733,1.9608
2922,0.7964,1.8727,1.9817
2923,0.7974,1.8723,1.9582
2924,0.7958,1.8886,1.9534
2925,0.7959,1.8776,1.9536
2926,0.7968,1.8768,1.9579
2927,0.7952,1.8766,1.9784
2928,0.7953,1.8767,1.9554
2929,0.7963,1.8887,1.9665
2930,0.7959,1.8799,1.9632
2931,0.8145,1.8798,1.9527
2932,0.7976,1.8809,1.9793
2933,0.8113,1.8794,1.9546
2934,0.7947,1.8993,1.9600
2935,0.7929,1.8524,1.9573
2936,0.8883,1.8513,1.9568
2937,0.9664,1.8512,1.9812
2938,0.8663,1.8511,1.9578
2939,0.8368,1.8520,1.9480
2940,0.8844,1.8686,1.9484
2941,0.8011,1.8566,1.9389
2942,0.8017,1.8568,1.9703
2943,0.8552,1.8538,1.9530
2944,0.7928,1.8567,1.9557
2945,0.7908,1.8731,1.9530
2946,0.7924,1.8564,1.9513
2947,0.7923,1.8568,1.9585
2948,0.7908,1.8551,1.9652
2949,0.7918,1.8558,1.9575
2950,0.7920,1.8752,1.9465
2951,0.7927,1.8548,1.9489
2952,0.7993,1.8525,1.9547
2953,0.7945,1.8536,1.9859
2954,0.7944,1.8529,1.9624
2955,0.7944,1.8530,1.9643
2956,0.8233,1.9381,1.9635
2957,0.7941,1.8569,1.9633
2958,0.7928,1.8548,1.9781
2959,0.7907,1.8576,1.9487
2960,0.7922,1.8558,1.9516
2961,0.7907,1.8827,1.9509
2962,0.7929,1.8545,1.9618
2963,0.7918,1.8527,1.9790
2964,0.7915,1.8536,1.9567
2965,0.7959,1.8545,1.9621
2966,0.7906,1.8829,2.2980
2967,0.7876,1.8878,2.1966
2968,0.8079,1.8571,2.0355
2969,0.7973,1.8555,1.9956
2970,0.7949,1.8574,2.0248
2971,0.7973,1.8591,1.9935
2972,0.7960,1.8719,1.9941
2973,0.7976,1.8553,2.0410
2974,0.7974,1.8557,1.9649
2975,0.7973,1.8561,1.9626
2976,0.7978,1.8523,1.9846
2977,0.7981,1.9014,1.9672
2978,0.7967,1.8578,2.0232
2979,0.7972,1.8583,1.9796
2980,0.7970,1.8584,1.9453
2981,0.8125,1.8576,1.9713
2982,0.8003,1.8571,2.0053
2983,0.7990,1.8723,2.0034
2984,0.7995,1.8580,1.9615
2985,0.7985,1.8575,1.9558
2986,0.7997,1.8548,1.9800
2987,0.7989,1.8564,1.9672
2988,0.7988,1.8911,2.0309
2989,0.7992,1.8588,1.9712
2990,0.7986,1.8586,1.9854
2991,0.7990,1.8624,1.9899
2992,0.7996,1.8584,1.9669
2993,0.8274,1.8765,2.0323
2994,0.7939,1.8579,1.9578
2995,0.7945,1.8583,1.9952
2996,0.7958,1.8542,1.9958
2997,0.7937,1.8567,1.9982
2998,0.7947,1.8562,2.0005
2999,0.7931,1.8712,1.9859
3000,0.7941,1.8566,1.9483
3001,0.7942,1.8562,1.9792
3002,0.7934,1.8553,1.9552
3003,0.7944,1.8561,1.9873
3004,0.7937,1.8696,1.9708
3005,0.7949,1.8456,1.9652
3006,0.8275,1.8452,1.9784
3007,0.7969,1.8471,1.9756
3008,0.7966,1.8463,1.9963
3009,0.7963,1.8685,1.9873
3010,0.7960,1.8561,1.9863
3011,0.7973,1.8564,1.9890
3012,0.7959,1.8570,1.9895
3013,0.7957,1.8562,1.9860
3014,0.7970,1.8578,1.9773
3015,0.7963,1.8754,1.9669
3016,0.7976,1.8537,1.9548
3017,0.7962,1.8514,1.9619
3018,0.8152,1.8523,1.9990
3019,0.7961,1.8532,1.9558
3020,0.7979,1.8683,1.9522
3021,0.7981,1.8553,1.9584
3022,0.7986,1.8532,1.9500
3023,0.7973,1.8550,1.9804
3024,0.7984,1.8564,1.9702
3025,0.7895,1.8560,1.9555
3026,0.7884,1.8670,1.9619
3027,0.7897,1.8557,1.9659
3028,0.7882,1.8578,1.9871
3029,0.7891,1.8560,1.9767
3030,0.7879,1.8519,1.9637
3031,0.8096,1.8807,1.9592
3032,0.7950,1.8782,1.9604
3033,0.7962,1.8791,1.9921
3034,0.7958,1.8772,1.9625
3035,0.7965,1.8800,1.9640
3036,0.7962,1.9393,1.9614
3037,0.7958,1.8570,1.9658
3038,0.7957,1.8694,1.9883
3039,0.7971,1.8582,1.9759
3040,0.7962,1.8561,1.9811
3041,0.7969,1.8570,1.9853
3042,0.7964,1.8814,1.9784
3043,0.8136,1.8561,1.9965
3044,0.7954,1.8552,1.9645
3045,0.7952,1.8591,1.9676
3046,0.7968,1.8584,1.9670
3047,0.7964,1.8694,1.9604
3048,0.7975,1.8548,1.9981
3049,0.7966,1.8552,1.9523
3050,0.7964,1.8557,1.9483
3051,0.7979,1.8562,1.9510
3052,0.7975,1.8839,1.9479
3053,0.7970,1.8555,1.9502
3054,0.7968,1.8550,1.9679
3055,0.7958,1.8561,1.9516
3056,0.8112,1.8548,1.9574
3057,0.7966,1.8542,1.9530
3058,0.7970,1.8734,1.9582
3059,0.7951,1.8496,1.9903
3060,0.7963,1.8501,1.9564
3061,0.7963,1.8507,1.9501
3062,0.7959,1.8502,1.9521
3063,0.7965,1.8804,1.9510
3064,0.7962,1.8790,1.9660
3065,0.7959,1.8786,1.9717
3066,0.7963,1.8783,1.9661
3067,0.7965,1.8783,1.9576
3068,0.7968,1.8910,1.9600
3069,0.8193,1.8759,1.9714
3070,0.8006,1.8757,1.9537
3071,0.8001,1.8766,1.9563
3072,0.7999,1.8791,1.9471
3073,0.8005,1.8789,1.9557
3074,0.8020,1.8919,1.9679
3075,0.8005,1.8801,1.9560
3076,0.8022,1.8784,1.9587
3077,0.8008,1.8790,1.9576
3078,0.8014,1.8788,1.9533
3079,0.8018,1.8851,1.9677
3080,0.8019,1.8561,1.9579
3081,0.8175,1.8536,1.9560
3082,0.7965,1.8514,1.9552
3083,0.7975,1.8516,1.9580
3084,0.7958,1.8699,1.9771
3085,0.7959,1.8550,1.9658
3086,0.7969,1.9715,1.9665
3087,0.7955,1.8640,1.9680
3088,0.7955,1.8579,1.9620
3089,0.7964,1.8571,1.9844
3090,0.7967,1.8713,1.9700
3091,0.7958,1.8554,1.9672
3092,0.7966,1.8560,1.9611
3093,0.7970,1.8560,1.9748
3094,0.8113,1.8553,1.9855
3095,0.7967,1.8850,1.9569
3096,0.7969,1.8621,1.9585
3097,0.7967,1.8608,1.9805
3098,0.7967,1.8622,1.9564
3099,0.7969,1.8609,1.9704
3100,0.7974,1.8686,1.9609
3101,0.7974,1.9062,1.9828
3102,0.7971,1.8581,1.9629
3103,0.7974,1.8574,1.9621
3104,0.7967,1.9032,1.9763
3105,0.7980,1.8573,1.9587
3106,0.8127,1.8680,1.9487
3107,0.7957,1.8539,1.9511
3108,0.7955,1.8542,1.9605
3109,0.7952,1.8556,1.9562
3110,0.7968,1.8553,1.9778
3111,0.7951,1.8819,1.9557
3112,0.7964,1.8788,1.9545
3113,0.7965,1.8775,1.9569
3114,0.7960,1.8764,1.9576
3115,0.7961,1.8742,1.9703
3116,0.7970,1.8734,1.9427
3117,0.7966,1.8773,1.9497
3118,0.7970,1.8569,1.9607
3119,0.8135,1.8545,1.9614
3120,0.7986,1.8562,1.9683
3121,0.7975,1.8560,1.9548
3122,0.7977,1.8719,1.9488
3123,0.7984,1.8543,1.9471
3124,0.7977,1.8531,1.9489
3125,0.7974,1.8529,1.9647
3126,0.7992,1.8548,1.9486
3127,0.7972,1.8675,1.9517
3128,0.7987,1.8621,1.9521
3129,0.7977,1.8578,1.9571
3130,0.7990,1.8572,1.9694
3131,0.8567,1.8554,1.9533
3132,0.7929,1.8558,1.9553
3133,0.7952,1.9462,1.9543
3134,0.7938,1.8719,1.9506
3135,0.8325,1.8567,1.9677
3136,0.9268,1.8602,1.9642
3137,0.8909,1.8602,1.9625
3138,0.7943,1.8753,1.9636
3139,0.7927,1.8551,1.9739
3140,0.7939,1.8823,1.9793
3141,0.7930,1.8552,1.9690
3142,0.7925,1.8563,1.9664
3143,0.8368,1.8794,1.9671
3144,0.7939,1.8564,1.9693
3145,0.7948,1.8571,1.9838
3146,0.7914,1.8555,1.9644
3147,0.7922,1.8545,1.9509
3148,0.7943,1.8551,1.9559
3149,0.7939,1.8721,1.9609
3150,0.7954,1.8512,1.9731
3151,0.7982,1.8531,1.9549
3152,0.7957,1.8517,1.9475
3153,0.7946,1.8516,1.9566
3154,0.7948,1.9159,1.9503
3155,0.8277,1.8553,1.9831
3156,0.8888,1.8602,1.9811
3157,0.7911,1.8575,1.9731
3158,0.7934,1.8565,1.9783
3159,0.7947,1.8898,1.9761
3160,0.7971,1.8527,1.9794
3161,0.7925,1.8517,2.0487
3162,0.7936,1.8514,1.9826
3163,0.7940,1.8539,1.9683
3164,0.7940,1.8565,1.9655
3165,0.7939,1.9033,1.9736
3166,0.7939,1.8549,2.1260
3167,0.7950,1.8549,1.9706
3168,0.8337,1.8556,1.9682
3169,0.7962,1.8557,1.9652
3170,0.7961,1.8735,1.9700
3171,0.7969,1.8557,1.9898
3172,0.7958,1.8558,1.9664
3173,0.7954,1.8552,1.9483
3174,0.7867,1.8561,1.9550
3175,0.7973,1.8569,1.9547
3176,0.7845,1.9051,1.9791
3177,0.7851,1.8571,1.9534
3178,0.7853,1.8689,1.9575
3179,0.7953,1.8584,1.9515
3180,0.7863,1.8567,1.9578
3181,0.8219,1.9037,1.9699
3182,0.7968,1.8573,1.9562
3183,0.7959,1.8580,1.9582
3184,0.7980,1.8573,1.9582
3185,0.7974,1.8588,1.9629
3186,0.7973,1.8732,1.9829
3187,0.7969,1.8544,1.9615
3188,0.7978,1.8556,1.9622
3189,0.7973,1.8557,1.9618
3190,0.8022,1.8563,1.9569
3191,0.7965,1.8558,1.9754
3192,0.7950,1.8659,1.9556
3193,0.8202,1.8550,1.9496
3194,0.7976,1.8546,1.9448
3195,0.7981,1.8562,1.9517
3196,0.7957,1.8563,1.9698
3197,0.7970,1.9022,1.9581
3198,0.7991,1.8575,1.9591
3199,0.7970,1.8563,1.9630
3200,0.7977,1.8578,1.9639
3201,0.7882,1.8602,1.9739
3202,0.7984,1.8948,1.9565
3203,0.7961,1.8605,1.9589
3204,0.7984,1.8582,1.9606
3205,0.7969,1.8621,1.9545
3206,0.8121,1.8591,1.9847
3207,0.7979,1.8562,1.9551
3208,0.7969,1.9034,1.9462
3209,0.7990,1.8665,1.9550
3210,0.7968,1.8532,1.9643
3211,0.7972,1.8553,1.9776
3212,0.7966,1.8524,1.9609
3213,0.7893,1.9280,1.9617
3214,0.7889,1.8571,1.9649
3215,0.7901,1.8585,1.9600
3216,0.7894,1.8575,1.9764
3217,0.7891,1.8573,1.9449
3218,0.8072,1.9004,1.9439
3219,0.7982,1.8672,1.9487
3220,0.7976,1.8559,1.9513
3221,0.7967,1.8540,1.9456
3222,0.7971,1.8555,1.9695
3223,0.7975,1.8580,1.9522
3224,0.7980,1.8808,1.9508
3225,0.7984,1.8578,1.9690
3226,0.7981,1.8561,1.9568
3227,0.7984,1.8566,1.9711
3228,0.7976,1.8677,1.9479
3229,0.7976,1.8894,1.9499
3230,0.7968,1.8591,1.9518
3231,0.8495,1.8597,1.9578
3232,0.7982,1.8568,1.9869
3233,0.7980,1.8574,1.9506
3234,0.7987,1.8569,1.9536
3235,0.7974,1.8716,1.9615
3236,0.7982,1.8549,1.9498
3237,0.7899,1.8542,1.9670
3238,0.7985,1.8569,1.9389
3239,0.7980,1.8552,1.9430
3240,0.7977,1.8700,1.9416
3241,0.7982,1.8552,1.9360
3242,0.7985,1.8556,1.9814
3243,0.8167,1.9707,1.9566
3244,0.7954,2.2756,1.9520
3245,0.7873,2.2972,1.9495
3246,0.7873,2.1637,1.9654
3247,0.7870,1.8588,1.9767
3248,0.7870,1.8570,2.0007
3249,0.7941,1.8582,1.9641
3250,0.7942,1.9067,2.0014
3251,0.7951,1.8550,1.9951
3252,0.7945,1.8729,2.0140
3253,0.7944,1.8573,1.9673
3254,0.7942,1.8580,1.9739
3255,0.7936,1.9375,1.9668
3256,0.8119,1.8563,1.9816
3257,0.7978,1.8563,1.9940
3258,0.7985,1.8581,1.9569
3259,0.7980,1.8602,1.9489
3260,0.7988,1.8577,1.9572
3261,0.7992,1.9205,1.9615
3262,0.7993,1.8575,1.9931
3263,0.7996,1.8561,1.9586
3264,0.7984,1.8583,1.9546
3265,0.7974,1.8571,1.9555
3266,0.7984,1.9736,1.9483
3267,0.7991,1.8562,1.9667
3268,0.8126,1.8565,1.9538
3269,0.7977,1.8568,1.9592
3270,0.7962,1.8566,1.9649
3271,0.7957,1.9091,1.9616
3272,0.7971,1.8563,1.9863
3273,0.7982,1.8577,1.9512
3274,0.7978,1.8800,1.9554
3275,0.7974,1.8572,1.9575
3276,0.7972,1.8581,1.9435
3277,0.7972,1.9017,1.9584
3278,0.7968,1.8596,1.9964
3279,0.7975,1.8564,1.9773
3280,0.7966,1.8573,1.9729
3281,0.8222,1.8570,1.9629
3282,0.7978,1.8883,1.9570
3283,0.7983,1.8582,1.9854
3284,0.7977,1.8595,1.9457
3285,0.7982,1.8598,1.9472
3286,0.7981,1.8938,1.9508
3287,0.7979,1.9251,1.9469
3288,0.7980,1.8625,1.9714
3289,0.7983,1.8574,1.9457
3290,0.7984,1.8643,1.9438
3291,0.7982,1.8624,1.9474
3292,0.7990,1.8575,1.9505
3293,0.8256,1.9176,1.9839
3294,0.7946,1.8562,1.9505
3295,0.7938,1.8519,1.9546
3296,0.7955,1.8563,1.9585
3297,0.7940,1.8583,1.9566
3298,0.7935,1.9135,1.9781
3299,0.7953,1.8581,1.9494
3300,0.7952,1.8578,1.9539
3301,0.7952,1.8609,1.9499
3302,0.7949,1.8577,1.9452
3303,0.7953,1.9167,1.9772
3304,0.7930,1.8933,1.9717
3305,0.7952,1.8601,1.9776
3306,0.8125,1.8627,1.9485
3307,0.7977,1.8603,1.9582
3308,0.7961,1.8587,1.9967
3309,0.7959,1.9150,1.9719
3310,0.7954,1.8679,1.9680
3311,0.7940,1.8656,1.9638
3312,0.7935,1.8610,1.9680
3313,0.7934,1.8540,1.9841
3314,0.7930,1.9351,1.9580
3315,0.7943,1.8662,1.9563
3316,0.7941,1.8545,1.9632
3317,0.7940,1.8521,1.9671
3318,0.7949,1.8539,2.0012
3319,0.8093,1.9119,1.9586
3320,0.7974,1.8652,1.9601
3321,0.7951,1.8580,1.9593
3322,0.7957,1.8604,1.9682
3323,0.7961,1.8579,1.9856
3324,0.7964,1.8573,1.9573
3325,0.7950,1.8725,1.9712
3326,0.7971,1.8572,1.9689
3327,0.7970,1.8552,1.9682
3328,0.7959,2.1384,1.9875
3329,0.7963,2.1636,1.9652
3330,0.7959,1.9179,1.9682
3331,0.8126,1.8700,1.9655
3332,0.7951,1.8576,1.9687
3333,0.7946,1.8559,1.9721
3334,0.7949,1.8572,1.9655
3335,0.8372,1.9286,1.9557
3336,0.9192,1.8565,1.9571
3337,0.9619,1.8571,1.9626
3338,0.8505,1.8586,1.9643
3339,0.7936,1.8582,1.9802
3340,0.7939,1.8596,1.9682
3341,0.7967,1.9234,1.9713
3342,0.7939,1.8596,1.9693
3343,0.8575,1.8590,1.9655
3344,0.7960,1.8592,1.9743
3345,0.7950,1.8580,1.9533
3346,0.7960,1.9870,1.9564
3347,0.7953,1.8870,1.9559
3348,0.7953,1.8563,1.9567
3349,0.7950,1.8562,1.9711
3350,0.8000,1.8583,1.9563
3351,0.7948,1.9093,1.9517
3352,0.7949,1.8562,1.9538
3353,0.7961,1.8720,1.9589
3354,0.7939,1.8577,1.9693
3355,0.7961,1.8569,1.9538
3356,0.8233,1.8541,1.9562
3357,0.7930,1.8896,1.9673
3358,0.7932,1.8560,1.9509
3359,0.7934,1.8543,1.9717
3360,0.7930,1.8585,1.9563
3361,0.7944,1.8572,1.9577
3362,0.7934,1.8759,1.9597
3363,0.7934,1.8514,1.9630
3364,0.7941,1.8505,1.9820
3365,0.7936,1.8513,1.9556
3366,0.7936,1.8516,1.9569
3367,0.7935,1.8983,1.9542
3368,0.8226,1.8545,1.9665
3369,0.7930,1.8533,1.9804
3370,0.7939,1.8549,1.9511
3371,0.8202,1.8538,1.9664
3372,0.7936,1.8547,1.9579
3373,0.7948,1.9140,1.9512
3374,0.7919,1.8565,1.9826
3375,0.7919,1.9021,1.9534
3376,0.7939,1.8559,1.9540
3377,0.7951,1.8538,1.9617
3378,0.7938,1.8794,1.9623
3379,0.7935,1.8556,1.9810
3380,0.7955,1.8554,1.9517
3381,0.8212,1.8551,1.9526
3382,0.7995,1.8561,1.9524
3383,0.7883,1.8784,1.9532
3384,0.7897,1.8553,1.9597
3385,0.7990,1.8563,1.9723
3386,0.7883,1.8564,1.9484
3387,0.7993,1.8558,1.9455
3388,0.7890,1.8562,1.9590
3389,0.8009,1.8723,1.9531
3390,0.7971,1.8549,1.9756
3391,0.7982,1.8563,1.9516
3392,0.7965,1.8554,1.9557
3393,0.8167,1.8567,1.9540
3394,0.7990,1.8778,1.9632
3395,0.7991,1.8551,1.9738
3396,0.7987,1.8542,1.9569
3397,0.7986,1.8541,1.9563
3398,0.7993,1.8543,1.9553
3399,0.7980,1.8549,1.9567
3400,0.7989,1.8714,1.9869
3401,0.7990,1.8856,1.9565
3402,0.7989,1.8491,1.9487
3403,0.7989,1.8491,1.9533
3404,0.7988,1.8516,1.9569
3405,0.7988,1.8684,1.9706
3406,0.8149,1.8501,1.9575
3407,0.7968,1.8493,1.9567
3408,0.7970,1.8470,1.9583
3409,0.7970,1.8468,1.9517
3410,0.7954,1.8678,1.9969
3411,0.7968,1.8500,1.9553
3412,0.7974,1.8502,1.9510
3413,0.7963,1.8494,1.9458
3414,0.7955,2.0949,1.9461
3415,0.7964,2.1764,1.9760
3416,0.7963,1.8612,1.9518
3417,0.7966,1.8652,1.9362
3418,0.8133,1.8654,1.9443
3419,0.7990,1.8800,1.9454
3420,0.7971,1.8605,1.9614
3421,0.7975,1.9049,1.9419
3422,0.7962,1.8572,1.9420
3423,0.7967,1.8577,1.9461
3424,0.7964,1.8582,1.9396
3425,0.7977,1.8559,1.9629
3426,0.7974,1.8827,1.9671
3427,0.7974,1.8551,1.9577
3428,0.7977,1.8530,1.9603
3429,0.7973,1.8552,1.9646
3430,0.7973,1.8702,1.9785
3431,0.8281,1.8983,1.9591
3432,0.7975,1.8512,1.9669
3433,0.7965,1.8498,1.9640
3434,0.7981,1.8503,1.9624
3435,0.7976,1.8496,1.9627
3436,0.7975,1.8497,1.9763
3437,0.7972,1.8710,1.9649
3438,0.7981,1.8514,1.9665
3439,0.7972,1.8503,1.9666
3440,0.7986,1.8506,1.9733
3441,0.7978,1.8507,1.9747
3442,0.7972,1.8764,1.9478
3443,0.8038,1.8540,1.9507
3444,0.8003,1.8523,1.9454
3445,0.8004,1.8525,1.9428
3446,0.8005,1.8515,1.9613
3447,0.7915,1.8513,1.9490
3448,0.7902,1.8735,1.9498
3449,0.7893,1.8562,1.9573
3450,0.7907,1.8560,1.9541
3451,0.7903,1.8577,1.9678
3452,0.7899,1.8570,1.9552
3453,0.7911,1.8835,1.9553
3454,0.7899,1.8838,1.9632
3455,0.7900,1.8822,1.9589
3456,0.8114,1.8818,1.9719
3457,0.7969,1.8833,1.9511
3458,0.7975,1.8922,1.9555
3459,0.7969,1.8827,1.9545
3460,0.7977,1.8823,1.9628
3461,0.7947,1.8823,1.9724
3462,0.7944,1.8830,1.9507
3463,0.7931,1.8835,1.9577
3464,0.7931,1.8931,1.9511
3465,0.7938,1.8826,1.9520
3466,0.7945,1.8830,1.9809
3467,0.7936,1.8829,1.9582
3468,0.8095,1.8814,2.3884
3469,0.7990,1.8965,2.5048
3470,0.7984,1.8748,2.1827
3471,0.7983,1.8739,2.0354
3472,0.7975,1.8760,1.9831
3473,0.7976,1.8769,1.9951
3474,0.7983,1.8897,1.9690
3475,0.7983,1.9026,1.9599
3476,0.7983,1.8549,1.9944
3477,0.7984,1.9010,1.9606
3478,0.7991,1.8564,1.9647
3479,0.7982,1.8553,1.9524
3480,0.7975,1.8780,1.9692
3481,0.8130,1.8557,1.9932
3482,0.7978,1.8549,1.9669
3483,0.7982,1.8554,1.9659
3484,0.7987,1.8553,1.9712
3485,0.7979,1.9641,1.9596
3486,0.7974,1.8563,1.9940
3487,0.7986,1.8570,1.9597
3488,0.7972,1.8554,1.9486
3489,0.7971,1.8571,1.9573
3490,0.7977,1.8866,1.9516
3491,0.7967,1.8557,1.9841
3492,0.7961,1.8562,1.9873
3493,0.7967,1.8574,1.9912
3494,0.8109,1.8575,1.9788
3495,0.7978,1.8594,1.9760
3496,0.7987,1.8692,1.9936
3497,0.7979,1.8543,1.9851
3498,0.7969,1.8551,1.9823
3499,0.7981,1.8552,1.9970
3500,0.7976,1.8546,1.9923
3501,0.7980,1.8907,1.9957
3502,0.7889,1.8536,1.9576
3503,0.7881,1.8534,1.9595
3504,0.7876,1.8529,1.9597
3505,0.7890,1.8532,1.9600
3506,0.8065,1.9074,1.9755
3507,0.7977,1.8558,1.9688
3508,0.7974,1.8571,1.9577
3509,0.7975,1.8578,1.9671
3510,0.7981,1.8587,1.9536
3511,0.7980,1.8576,1.9733
3512,0.7976,1.9049,1.9587
3513,0.7976,1.8563,1.9551
3514,0.7988,1.8565,1.9654
3515,0.7981,1.8576,1.9651
3516,0.7970,1.8578,1.9745
3517,0.7975,1.8739,1.9537
3518,0.7975,1.8587,1.9565
3519,0.8123,1.8568,1.9505
3520,0.7969,1.8566,1.9522
3521,0.8002,1.8578,1.9675
3522,0.7993,1.8726,1.9600
3523,0.7985,1.8567,1.9510
3524,0.7983,1.8562,1.9529
3525,0.7973,1.8560,1.9503
3526,0.7975,1.8573,1.9474
3527,0.7979,1.8567,1.9742
3528,0.7972,1.9338,1.9450
3529,0.7975,1.8554,1.9397
3530,0.7990,1.8568,1.9363
3531,0.8118,1.8563,1.9421
3532,0.7955,1.8570,1.9864
3533,0.7964,1.8973,1.9657
3534,0.7962,1.8566,1.9634
3535,0.7962,1.8575,1.9620
3536,0.7954,1.8592,1.9647
3537,0.7963,1.8576,1.9779
3538,0.7954,1.8574,1.9402
3539,0.7968,2.2680,1.9566
3540,0.7965,1.9024,1.9521
3541,0.7965,1.8559,1.9588
3542,0.7953,1.9022,1.9806
3543,0.7959,1.8524,1.9704
3544,0.8113,1.8676,1.9653
3545,0.7982,1.8514,1.9735
3546,0.7985,1.8525,1.9714
3547,0.7987,1.8521,1.9835
3548,0.7985,1.8508,2.0225
3549,0.7980,1.8667,2.3302
3550,0.7981,1.8505,1.9943
3551,0.7979,1.8516,1.9979
3552,0.7991,1.8514,2.0344
3553,0.7983,1.8526,1.9830
3554,0.7982,1.8650,1.9846
3555,0.7991,1.8533,1.9501
3556,0.8130,1.8555,2.0016
3557,0.7978,1.8548,2.0037
3558,0.7983,1.8542,1.9734
3559,0.7966,1.8559,1.9818
3560,0.7920,1.8659,1.9792
3561,0.7908,1.8507,1.9860
3562,0.7906,1.8516,2.0128
3563,0.7924,1.8505,1.9768
3564,0.7912,1.8509,1.9869
3565,0.7916,1.8654,1.9960
3566,0.7927,1.8550,2.0097
3567,0.7919,1.8548,2.0225
3568,0.7921,1.8535,1.9690
3569,0.8125,1.8554,1.9747
3570,0.8017,1.8612,1.9762
3571,0.7989,1.9175,1.9601
3572,0.8012,1.8573,2.0084
3573,0.7999,1.8586,1.9932
3574,0.7996,1.8575,1.9748
3575,0.7919,1.8589,1.9764
3576,0.7914,1.8756,1.9649
3577,0.7921,1.8542,2.0035
3578,0.7909,1.8554,1.9940
3579,0.7924,1.8675,1.9927
3580,0.7915,1.8575,1.9853
3581,0.8052,1.8767,1.9809
3582,0.7986,1.8544,2.0009
3583,0.7972,1.8550,1.9880
3584,0.7971,1.8545,1.9667
3585,0.7963,1.8555,1.9704
3586,0.7976,1.8558,1.9862
3587,0.7966,1.8836,1.9825
3588,0.7977,1.8507,1.9656
3589,0.7973,1.8505,1.9700
3590,0.7970,1.8514,1.9610
3591,0.7975,1.8509,1.9766
3592,0.7981,1.9079,1.9928
3593,0.7883,1.8559,1.9908
3594,0.8100,1.8555,1.9708
3595,0.7977,1.8572,1.9682
3596,0.7961,1.8578,1.9913
3597,0.7965,1.8836,2.0007
3598,0.7958,1.8571,1.9862
3599,0.7966,1.8568,1.9874
3600,0.7960,1.8567,1.9872
3601,0.7968,1.8568,1.9922
3602,0.7893,1.8573,2.0070
3603,0.7882,1.9298,1.9843
3604,0.7885,1.8571,1.9910
3605,0.7884,1.9041,1.9909
3606,0.8046,1.8554,1.9923
3607,0.7981,1.8564,2.0066
3608,0.8362,1.8816,1.9846
3609,0.8005,1.8512,1.9874
3610,0.8012,1.8538,1.9894
3611,0.8008,1.8526,1.9901
3612,0.7997,1.8522,2.0004
3613,0.8286,1.8518,1.9886
3614,0.7981,1.9150,1.9909
3615,0.7892,1.8563,1.9872
3616,0.7984,1.8554,1.9807
3617,0.7988,1.8583,1.9916
3618,0.7980,1.8573,1.9905
3619,0.8304,1.8829,1.9652
3620,0.7985,1.8522,1.9845
3621,0.7979,1.8526,1.9869
3622,0.7987,1.8528,1.9969
3623,0.7881,1.9051,1.9620
3624,0.7983,1.9685,1.9691
3625,0.7981,1.8564,1.9526
3626,0.7976,1.8550,1.9681
3627,0.7995,1.8550,1.9781
3628,0.7976,1.8568,1.9728
3629,0.7980,1.8575,2.3553
3630,0.7978,1.8855,2.1330
3631,0.8114,1.8573,1.9882
3632,0.7991,1.8577,2.0368
3633,0.7988,1.8563,1.9909
3634,0.7983,1.8590,1.9778
3635,0.7992,1.8736,1.9898
3636,0.7985,1.8582,2.0081
3637,0.7995,1.8570,2.0186
3638,0.7986,1.8563,1.9685
3639,0.7989,1.8571,1.9927
3640,0.7987,1.8721,1.9823
3641,0.7978,1.8598,1.9920
3642,0.7990,1.8567,2.0064
3643,0.7987,1.8576,2.0093
3644,0.8098,1.8574,1.9947
3645,0.7965,1.8586,1.9913
3646,0.7966,1.8871,1.9812
3647,0.7984,1.8552,2.0132
3648,0.7970,1.8562,1.9773
3649,0.7985,1.8553,1.9788
3650,0.7969,1.8557,1.9722
3651,0.7977,1.9236,1.9806
3652,0.7970,1.8556,2.0030
3653,0.7967,1.8574,1.9647
3654,0.7975,1.8545,1.9619
3655,0.7958,1.9001,1.9659
3656,0.8098,1.8702,1.9618
3657,0.7981,1.8558,1.9981
3658,0.7969,1.8578,1.9857
3659,0.7961,1.8561,1.9934
3660,0.7977,1.8550,1.9915
3661,0.7982,1.8550,1.9911
3662,0.7970,1.8729,2.0173
3663,0.7987,1.8529,1.9978
3664,0.7972,1.9603,1.9948
3665,0.7904,2.6109,1.9736
3666,0.7896,1.9401,2.0167
3667,0.7899,1.9935,2.0219
3668,0.7905,1.9058,2.0050
3669,0.8348,1.8740,1.9946
3670,0.7971,1.8666,1.9950
3671,0.7969,1.8630,2.0051
3672,0.7974,2.0026,2.0376
3673,0.7966,1.8571,1.9627
3674,0.7966,1.8659,1.9663
3675,0.7971,1.8619,1.9631
3676,0.7974,1.8633,1.9838
3677,0.7964,1.8897,2.0232
3678,0.7963,1.8550,1.9851
3679,0.7971,1.8575,2.0111
3680,0.7961,1.8593,1.9740
3681,0.8099,1.8553,1.9693
3682,0.8271,1.8553,2.0210
3683,0.7954,1.9044,1.9818
3684,0.7953,1.8568,1.9723
3685,0.7949,1.8611,1.9898
3686,0.7948,1.8709,1.9918
3687,0.7945,1.8590,2.0182
3688,0.8348,2.0057,1.9893
3689,0.7977,2.8470,1.9881
3690,0.7976,2.8435,1.9892
3691,0.7975,2.8786,1.9572
3692,0.7983,3.0140,1.9979
3693,0.7982,3.0055,1.9801
3694,0.8152,3.4993,1.9868
3695,0.7893,3.3302,1.9824
3696,0.7888,3.1594,1.9911
3697,0.7883,2.7587,1.9933
3698,0.7992,2.5144,1.9681
3699,0.7992,1.8899,1.9853
3700,0.7986,1.8590,2.0053
3701,0.7992,1.8603,1.9640
3702,0.7990,1.8646,1.9954
3703,0.7990,1.9327,1.9854
3704,0.7870,1.8625,1.9820
3705,0.7983,1.8628,1.9724
3706,0.8052,1.8683,1.9682
3707,0.7876,1.8637,1.9910
3708,0.7977,1.8713,1.9824
3709,0.7971,1.8932,1.9613
3710,0.7985,1.8644,1.9787
3711,0.7981,1.9000,1.9571
3712,0.7984,1.8739,1.9766
3713,0.7976,1.8545,2.0012
3714,0.7987,1.9320,1.9796
3715,0.7975,1.8522,1.9859
3716,0.7978,1.8553,1.9645
3717,0.7880,1.8546,1.9706
3718,0.7887,1.8547,1.9974
3719,0.8109,1.9061,1.9518
3720,0.8008,1.8580,1.9582
3721,0.8001,1.8604,1.9726
3722,0.7999,1.8575,1.9702
3723,0.7993,1.8575,1.9779
3724,0.7995,1.8568,1.9609
3725,0.7999,1.9159,1.9675
3726,0.7898,1.8578,1.9568
3727,0.7895,1.8602,1.9855
3728,0.7904,1.8609,2.0060
3729,0.7900,1.8804,1.9919
3730,0.7912,1.8973,1.9881
3731,0.8016,1.8608,1.9723
3732,0.8003,1.8621,1.9693
3733,0.7994,1.8602,2.0160
3734,0.7994,1.8619,1.9875
3735,0.8005,1.9544,1.9806
3736,0.7989,1.8587,1.9859
3737,0.7990,1.8619,1.9700
3738,0.7985,1.8587,2.0177
3739,0.7997,1.8586,2.0009
3740,0.7993,1.8565,1.9990
3741,0.7993,1.9298,1.9998
3742,0.7994,1.8646,1.9995
3743,0.8001,1.8631,2.0071
3744,0.8120,1.8587,1.9785
3745,0.7992,1.8658,1.9621
3746,0.7910,1.9342,1.9817
3747,0.8001,1.8575,1.9713
3748,0.7990,1.8569,1.9830
3749,0.7992,1.8569,1.9636
3750,0.7903,1.8581,1.9572
3751,0.7906,1.9239,1.9498
3752,0.7910,1.8568,1.9641
3753,0.7913,1.8551,1.9847
3754,0.7912,1.8576,1.9554
3755,0.7907,1.8545,1.9498
3756,0.7906,1.8575,1.9740
3757,0.8164,1.9124,1.9572
3758,0.7973,1.8570,2.0048
3759,0.7981,1.8575,1.9756
3760,0.7987,1.8578,1.9871
3761,0.7985,1.8591,1.9663
3762,0.7978,1.9441,1.9568
3763,0.7983,1.8575,1.9871
3764,0.7983,1.8552,1.9695
3765,0.7989,1.8573,1.9758
3766,0.7976,1.8590,1.9985
3767,0.7981,1.9160,1.9873
3768,0.7980,1.8577,2.0082
3769,0.8156,1.8584,1.9842
3770,0.7991,1.8582,1.9678
3771,0.8004,1.8582,1.9662
3772,0.7989,1.8570,1.9879
3773,0.7999,1.9110,2.0008
3774,0.7987,1.8561,1.9747
3775,0.7994,1.8571,1.9557
3776,0.7995,1.8581,1.9793
3777,0.7991,1.8573,1.9813
3778,0.7993,1.9024,1.9958
3779,0.8004,1.8557,1.9836
3780,0.7993,1.8568,1.9627
3781,0.8000,1.8587,1.9580
3782,0.8086,1.8584,1.9537
3783,0.7956,1.9102,1.9912
3784,0.7950,1.8567,1.9872
3785,0.7941,1.8568,1.9945
3786,0.7948,1.8571,2.0054
3787,0.7946,1.8518,2.0027
3788,0.7956,1.8548,2.0137
3789,0.7963,1.9166,1.9747
3790,0.7950,1.8569,1.9797
3791,0.7948,1.8562,1.9755
3792,0.7944,1.8555,1.9714
3793,0.7956,1.8564,1.9944
3794,0.8088,1.9270,1.9766
3795,0.7986,1.8592,1.9610
3796,0.7987,1.8579,1.9733
3797,0.7982,1.8596,1.9892
3798,0.7987,1.8593,1.9973
3799,0.7986,1.8966,1.9884
3800,0.7986,1.8575,1.9561
3801,0.7982,1.8571,1.9564
3802,0.7990,1.8588,1.9592
3803,0.7981,1.8571,1.9883
3804,0.7985,1.8567,1.9622
3805,0.7983,1.8720,1.9533
3806,0.7987,1.8562,1.9583
3807,0.8111,1.8528,1.9650
3808,0.7985,1.8554,1.9711
3809,0.7990,1.8547,1.9677
3810,0.7985,1.8682,1.9547
3811,0.7990,1.8982,1.9569
3812,0.7982,1.8517,1.9646
3813,0.7979,1.8971,1.9654
3814,0.7976,1.8523,1.9729
3815,0.7989,1.8505,1.9542
3816,0.7996,1.9103,1.9498
3817,0.7978,1.8558,1.9586
3818,0.7991,1.8595,1.9646
3819,0.8170,1.8575,1.9847
3820,0.7960,1.8589,1.9672
3821,0.7977,1.8830,1.9666
3822,0.7884,1.8559,1.9626
3823,0.7878,1.8582,1.9660
3824,0.7962,1.8573,1.9758
3825,0.7968,1.8580,1.9590
3826,0.7980,1.8789,1.9678
3827,0.7960,1.8539,1.9693
3828,0.7966,1.8530,1.9631
3829,0.7978,1.8529,1.9786
3830,0.7953,1.8523,1.9565
3831,0.7968,1.8520,1.9479
3832,0.8112,1.8716,1.9543
3833,0.7947,1.8533,1.9543
3834,0.7944,1.8507,1.9716
3835,0.7948,1.8509,1.9561
3836,0.7948,1.8505,1.9537
3837,0.7943,1.8655,1.9557
3838,0.7943,1.8535,1.9577
3839,0.7948,1.8546,1.9821
3840,0.7940,1.8519,1.9613
3841,0.7886,1.8548,1.9642
3842,0.7892,1.8700,1.9662
3843,0.7878,1.8545,1.9687
3844,0.8051,1.8532,1.9948
3845,0.7968,1.8543,1.9513
3846,0.7977,1.8544,1.9536
3847,0.7962,1.8545,1.9550
3848,0.7951,1.8709,1.9570
3849,0.7953,1.8557,1.9673
3850,0.7897,1.8545,1.9556
3851,0.7904,1.8554,1.9531
3852,0.7896,1.8554,1.9576
3853,0.7902,1.8712,1.9689
3854,0.7902,1.8565,1.9750
3855,0.7914,1.8547,1.9587
3856,0.7907,1.8546,1.9601
3857,0.8001,1.8544,1.9584
3858,0.7882,1.8565,1.9678
3859,0.7873,1.8722,1.9778
3860,0.7964,1.8524,1.9504
3861,0.7875,1.8534,1.9640
3862,0.7879,1.8548,1.9625
3863,0.7880,1.8553,1.9577
3864,0.7881,1.8694,1.9599
3865,0.7877,1.8549,1.9866
3866,0.7879,1.8549,1.9638
3867,0.7880,1.8542,1.9581
3868,0.7877,1.8560,1.9556
3869,0.8054,1.8675,1.9579
3870,0.7971,1.8548,1.9732
3871,0.7976,1.8527,1.9550
3872,0.7971,1.8522,1.9608
3873,0.7971,1.8513,1.9629
3874,0.7977,1.8503,1.9592
3875,0.7887,1.8778,1.9759
3876,0.7872,1.8549,1.9548
3877,0.7876,1.8513,1.9546
3878,0.7865,1.8529,1.9540
3879,0.7885,1.8510,1.9559
3880,0.7865,1.8703,1.9707
3881,0.7883,1.8553,1.9562
3882,0.8035,1.8512,1.9543
3883,0.7940,1.8533,1.9685
3884,0.7950,1.8517,1.9709
3885,0.7939,1.8559,1.9723
3886,0.7956,1.9126,1.9475
3887,0.7950,1.8579,1.9505
3888,0.7936,1.8573,1.9456
3889,0.7938,1.8558,1.9435
3890,0.7951,1.8568,1.9691
3891,0.7943,1.8841,1.9549
3892,0.7943,1.8599,1.9385
3893,0.7939,1.8579,1.9459
3894,0.7949,1.8585,1.9480
3895,0.8085,1.8578,1.9605
3896,0.7940,1.8696,1.9690
3897,0.7931,1.8539,1.9554
3898,0.7946,1.8556,1.9611
3899,0.8001,1.8561,1.9576
3900,0.7997,1.8559,1.9796
3901,0.7976,1.8565,1.9615
3902,0.7909,1.8717,1.9604
3903,0.7969,1.8557,1.9617
3904,0.7955,1.8557,1.9666
3905,0.7945,1.8555,1.9686
3906,0.7946,1.8551,1.9658
3907,0.8417,1.8875,1.9637
3908,0.7957,1.8564,1.9560
3909,0.7950,1.8553,1.9596
3910,0.7959,1.8542,1.9680
3911,0.7951,1.8527,1.9636
3912,0.7960,1.8696,1.9642
3913,0.7948,1.8598,1.9660
3914,0.8215,1.8563,1.9660
3915,0.7916,1.8569,1.9651
3916,0.7964,1.8580,1.9792
3917,0.7932,1.8591,1.9542
3918,0.7887,1.8926,1.9513
3919,0.7896,1.8556,1.9525
3920,0.8524,1.8554,1.9561
3921,0.7964,1.8544,1.9817
3922,0.7968,1.8556,1.9570
3923,0.8028,1.8792,1.9504
3924,0.7981,1.8486,1.9703
3925,0.7977,1.8463,1.9526
3926,0.7980,1.8470,1.9735
3927,0.7996,1.8471,1.9581
3928,0.7982,1.8469,1.9667
3929,0.7985,1.9289,1.9633
3930,0.7921,1.8574,1.9623
3931,0.7933,1.8584,1.9826
3932,0.8189,1.8577,1.9510
3933,0.7960,1.8882,1.9603
3934,0.7970,1.8889,1.9555
3935,0.7961,1.8696,1.9551
3936,0.7970,1.8520,1.9669
3937,0.7862,1.8530,1.9567
3938,0.7966,1.8523,1.9569
3939,0.7853,1.8716,1.9569
3940,0.7959,1.8505,1.9616
3941,0.7967,1.8509,1.9729
3942,0.7946,1.8515,1.9541
3943,0.7945,1.8500,1.9574
3944,0.7945,1.8497,1.9654
3945,0.8114,1.8870,1.9591
3946,0.7962,1.8514,1.9842
3947,0.7948,1.8519,1.9553
3948,0.7947,1.8531,1.9583
3949,0.7955,1.8546,1.9613
3950,0.7963,1.9229,1.9666
3951,0.7959,1.8560,1.9717
3952,0.7970,1.8598,1.9768
3953,0.7873,1.8567,1.9547
3954,0.7870,1.8566,1.9662
3955,0.7880,1.8756,1.9617
3956,0.7867,1.8567,1.9860
3957,0.8081,1.8560,1.9605
3958,0.7964,1.8562,1.9559
3959,0.7971,1.8554,1.9625
3960,0.7965,1.8551,1.9543
3961,0.7965,1.8857,1.9768
3962,0.7968,1.8539,1.9469
3963,0.7964,1.8575,1.9525
3964,0.7871,1.8559,1.9494
3965,0.7864,1.8556,1.9434
3966,0.7880,1.9113,1.9425
3967,0.7875,1.8569,1.9716
3968,0.7873,1.8560,1.9554
3969,0.7871,1.8556,1.9509
3970,0.8178,1.8569,1.9522
3971,0.7967,1.9282,1.9560
3972,0.7975,1.8560,1.9741
3973,0.7874,1.8558,1.9636
3974,0.7868,1.8572,1.9637
3975,0.7868,1.8570,1.9575
3976,0.7871,1.8572,1.9577
3977,0.7884,1.8761,1.9747
3978,0.7934,1.8555,1.9641
3979,0.7979,1.8573,1.9664
3980,0.7959,1.8565,1.9609
3981,0.8015,1.8568,1.9630
3982,0.7948,1.8733,1.9792
3983,0.8153,1.8533,1.9521
3984,0.7939,1.8528,1.9642
3985,0.7916,1.8530,1.9667
3986,0.7929,1.8526,1.9648
3987,0.7933,1.8525,1.9676
3988,0.7914,1.8714,1.9497
3989,0.7943,1.8569,1.9436
3990,0.7846,1.8563,1.9543
3991,0.7860,1.8566,1.9571
3992,0.7966,1.8574,1.9686
3993,0.7944,1.9095,1.9648
3994,0.7946,1.8572,1.9541
3995,0.8159,1.8580,1.9531
3996,0.7938,1.8579,1.9572
3997,0.7923,1.8567,1.9677
3998,0.7926,1.8717,1.9727
3999,0.7932,1.8557,1.9673
4000,0.7901,1.8558,1.9657
4001,0.7872,1.8565,1.9714
4002,0.8149,1.8558,1.9762
4003,0.8214,1.8553,1.9483
4004,0.8254,1.8664,1.9521
4005,0.8255,1.8549,1.9498
4006,0.8387,1.8554,1.9528
4007,0.8513,1.8565,1.9632
4008,0.8272,1.8550,1.9524
4009,0.8426,1.8778,1.9608
4010,0.8510,1.8559,1.9493
4011,0.8079,1.8590,1.9501
4012,0.8031,1.8576,1.9661
4013,0.7968,1.8568,1.9734
4014,0.7953,1.8725,1.9631
4015,0.7958,1.8555,1.9726
4016,0.7951,1.8564,1.9656
4017,0.7951,1.8556,1.9784
4018,0.7960,1.8557,1.9596
4019,0.7961,1.8574,1.9515
4020,0.8220,1.8673,1.9516
4021,0.7964,1.8566,1.9532
4022,0.7966,1.8563,1.9560
4023,0.7971,1.8550,1.9724
4024,0.7957,1.8558,1.9617
4025,0.7964,1.8698,1.9707
4026,0.7954,1.8561,1.9681
4027,0.7964,1.8558,1.9625
4028,0.7967,1.8568,1.9718
4029,0.7967,1.8567,1.9530
4030,0.7977,1.8569,1.9568
4031,0.7964,1.8680,1.9523
4032,0.8279,1.8572,1.9390
4033,0.7959,1.8555,1.9675
4034,0.7951,1.8559,1.9568
4035,0.7956,1.8586,1.9573
4036,0.7969,1.8885,1.9590
4037,0.7961,1.8832,1.9716
4038,0.7952,1.8850,1.9804
4039,0.7966,1.8832,1.9580
4040,0.7953,1.8820,1.9545
4041,0.7966,1.8939,1.9594
4042,0.7888,1.8796,1.9451
4043,0.7884,2.0215,1.9739
4044,0.7880,2.3679,1.9491
4045,0.8177,2.3106,1.9578
4046,0.7970,2.1006,1.9648
4047,0.7979,1.8702,1.9570
4048,0.7999,1.8582,1.9757
4049,0.7976,1.8586,1.9564
4050,0.7927,1.8599,1.9473
4051,0.7893,1.8909,1.9584
4052,0.7892,1.8559,1.9658
4053,0.7885,1.8570,1.9816
4054,0.7901,1.8545,1.9758
4055,0.7896,1.8557,1.9767
4056,0.7893,1.8569,1.9768
4057,0.8156,1.9439,1.9814
4058,0.7960,1.8582,2.0026
4059,0.7949,1.8586,1.9827
4060,0.7950,1.8575,1.9817
4061,0.7948,1.8583,1.9740
4062,0.7942,1.8896,1.9791
4063,0.7955,1.8597,1.9942
4064,0.7949,1.8576,1.9572
4065,0.7939,1.8633,1.9564
4066,0.7931,1.8580,1.9520
4067,0.7930,1.9421,1.9543
4068,0.7946,1.8565,1.9670
4069,0.7948,1.8735,1.9716
4070,0.8147,1.8571,1.9720
4071,0.7954,1.8592,1.9756
4072,0.7966,1.8588,1.9871
4073,0.7950,1.8971,2.0150
4074,0.7957,1.8586,1.9614
4075,0.7947,1.8547,1.9684
4076,0.7965,1.8543,1.9678
4077,0.7962,1.8615,1.9631
4078,0.7965,1.8812,1.9642
4079,0.7962,1.8558,1.9715
4080,0.7956,1.8545,1.9557
4081,0.7965,1.8561,1.9572
4082,0.7961,1.8563,1.9530
4083,0.8032,1.8732,1.9557
4084,0.7863,1.8559,2.0029
4085,0.7865,1.8558,2.0020
4086,0.7856,1.8553,1.9998
4087,0.7919,1.8560,1.9967
4088,0.7923,1.8558,1.9973
4089,0.7912,1.9298,2.0056
4090,0.7930,1.8576,1.9955
4091,0.7925,1.8580,1.9974
4092,0.7914,1.8566,1.9968
4093,0.7920,1.8565,1.9919
4094,0.7907,1.9275,1.9830
4095,0.8120,1.8564,1.9672
4096,0.7975,1.8572,1.9685
4097,0.7995,1.8705,1.9689
4098,0.7922,1.8558,1.9701
4099,0.7928,1.8998,1.9874
4100,0.7928,1.8571,1.9748
4101,0.7926,1.8552,1.9710
4102,0.7931,1.8573,1.9720
4103,0.7934,1.8579,1.9688
4104,0.7930,1.8582,1.9872
4105,0.7931,1.8693,1.9642
4106,0.7939,1.8561,1.9680
4107,0.7928,1.8542,1.9710
4108,0.8175,1.8683,1.9660
4109,0.7946,1.8560,2.0022
4110,0.7942,1.9110,1.9696
4111,0.7947,1.8562,1.9640
4112,0.7952,1.8570,1.9867
4113,0.7941,1.8574,1.9626
4114,0.7942,1.8572,2.0316
4115,0.7942,1.8763,1.9982
4116,0.8006,1.8652,2.0009
4117,0.7946,1.8540,1.9955
4118,0.7948,1.8548,1.9978
4119,0.7938,1.8582,1.9919
4120,0.8132,1.8574,1.9673
4121,0.7871,1.9027,1.9615
4122,0.7866,1.8570,1.9585
4123,0.7956,1.8585,1.9633
4124,0.7866,1.8577,2.0007
4125,0.7865,1.8567,1.9598
4126,0.7859,1.8730,1.9692
4127,0.7869,1.8563,1.9703
4128,0.7868,2.0648,1.9670
4129,0.7853,2.1060,2.0240
4130,0.7865,2.3106,1.9973
4131,0.7868,2.0297,1.9685
4132,0.7862,1.8637,1.9738
4133,0.8173,1.8633,1.9677
4134,0.7963,1.8582,1.9987
4135,0.7850,1.8729,1.9682
4136,0.7968,1.9470,1.9709
4137,0.7980,1.9597,1.9659
4138,0.7969,1.8559,1.9635
4139,0.7975,1.8587,1.9929
4140,0.7961,1.8569,1.9583
4141,0.7970,1.8588,1.9596
4142,0.7965,1.8998,1.9643
4143,0.7967,1.8557,1.9541
4144,0.7970,1.8568,1.9925
4145,0.8107,1.8588,1.9564
4146,0.7969,1.8555,1.9529
4147,0.7978,1.8898,1.9583
4148,0.7983,1.8574,1.9462
4149,0.7976,1.8568,1.9827
4150,0.7978,1.8565,1.9624
4151,0.7991,1.8693,1.9655
4152,0.7976,1.9029,1.9606
4153,0.7986,2.0161,1.9615
4154,0.7989,1.9030,1.9765
4155,0.8004,1.8556,1.9496
4156,0.7948,1.9035,1.9528
4157,0.7948,1.8567,1.9476
4158,0.8106,1.8864,1.9496
4159,0.7954,1.8525,1.9471
4160,0.7962,1.8513,1.9832
4161,0.7962,1.8512,1.9568
4162,0.7974,1.8523,1.9569
4163,0.7957,1.9152,1.9514
4164,0.7951,1.8550,1.9455
4165,0.7953,1.8546,1.9913
4166,0.7952,1.9009,1.9618
4167,0.7951,1.8540,1.9652
4168,0.7962,1.8712,1.9571
4169,0.7969,1.8562,1.9649
4170,0.7963,1.8528,1.9920
4171,0.8089,1.8522,1.9836
4172,0.7953,1.8526,1.9935
4173,0.7948,1.8514,1.9903
4174,0.7869,1.9324,1.9862
4175,0.7946,1.8500,1.9855
4176,0.7951,1.8503,1.9544
4177,0.7941,1.8954,1.9639
4178,0.7940,1.8510,1.9500
4179,0.7942,1.9223,1.9622
4180,0.7940,1.8571,1.9874
4181,0.7933,1.8583,1.9700
4182,0.7940,1.8591,1.9709
4183,0.8102,1.8567,1.9650
4184,0.7892,1.8906,1.9703
4185,0.7981,1.8584,2.0227
4186,0.7978,1.8588,1.9617
4187,0.7972,1.8586,1.9748
4188,0.7956,1.8569,1.9717
4189,0.7962,1.8573,1.9754
4190,0.7962,1.8703,1.9956
4191,0.7981,1.8565,1.9540
4192,0.7963,1.8573,1.9547
4193,0.7962,1.8560,1.9554
4194,0.7978,1.8572,1.9711
4195,0.7968,1.9817,1.9866
4196,0.8131,1.8612,1.9513
4197,0.7957,1.9043,1.9573
4198,0.7958,1.8576,1.9616
4199,0.7947,1.8542,1.9655
4200,0.7972,1.8854,1.9940
4201,0.7966,1.8557,1.9655
4202,0.7963,1.8561,1.9549
4203,0.7955,1.8583,1.9602
4204,0.7953,1.8517,1.9578
4205,0.7953,1.8580,1.9940
4206,0.7961,1.9144,1.9652
4207,0.7949,1.8500,1.9638
4208,0.8120,1.8532,1.9632
4209,0.7976,1.8534,1.9604
4210,0.7984,1.8547,1.9896
4211,0.7973,1.8718,1.9554
4212,0.7981,1.8553,1.9494
4213,0.7978,2.1637,1.9634
4214,0.7976,2.0030,1.9624
4215,0.7978,1.8922,2.4135
4216,0.7984,1.9660,1.9612
4217,0.7970,1.8612,1.9609
4218,0.7979,1.8662,1.9533
4219,0.7981,1.8594,1.9732
4220,0.7983,1.8887,1.9743
4221,0.8274,1.8591,1.9494
4222,0.7973,1.9640,1.9540
4223,0.7946,1.8641,1.9532
4224,0.7967,1.8610,1.9482
4225,0.7968,1.8737,1.9920
4226,0.7975,1.8698,1.9502
4227,0.7976,1.9670,1.9517
4228,0.7964,1.8573,1.9470
4229,0.7982,1.8571,1.9662
4230,0.7967,1.8579,1.9864
4231,0.7973,1.8659,1.9640
4232,0.7974,2.0054,1.9632
4233,0.8092,1.8681,1.9616
4234,0.7950,1.8581,1.9476
4235,0.7947,1.8598,1.9557
4236,0.7975,1.8582,1.9852
4237,0.7949,1.8880,2.0909
4238,0.7956,1.9169,2.4931
4239,0.7952,1.8557,2.6500
4240,0.7961,1.8567,2.0148
4241,0.7956,1.8578,1.9853
4242,0.7969,1.8580,1.9807
4243,0.7959,1.9075,1.9855
4244,0.7956,1.8553,1.9750
4245,0.7970,1.8864,1.9921
4246,0.8075,1.8562,1.9622
4247,0.7955,1.8576,1.9649
4248,0.7951,1.9149,1.9570
4249,0.7876,1.8568,1.9652
4250,0.7960,1.8583,1.9996
4251,0.7958,1.8564,1.9613
4252,0.7954,1.8572,1.9612
4253,0.7961,1.8568,1.9840
4254,0.7964,1.8692,1.9560
4255,0.7948,1.8502,2.0127
4256,0.7960,1.8508,1.9554
4257,0.7949,1.8506,1.9537
4258,0.8231,1.8510,1.9494
4259,0.7959,1.9558,1.9686
4260,0.7960,1.8570,1.9800
4261,0.7968,1.8565,1.9694
4262,0.7962,1.8571,1.9573
4263,0.7973,1.8599,1.9746
4264,0.7964,1.9201,1.9598
4265,0.7967,1.8559,1.9967
4266,0.7974,1.8579,1.9846
4267,0.7967,1.8571,1.9774
4268,0.7978,1.8553,1.9892
4269,0.7963,1.8569,1.9614
4270,0.7867,1.9143,1.9957
4271,0.8075,1.8573,1.9558
4272,0.7920,1.8559,1.9512
4273,0.7936,1.8566,1.9549
4274,0.7934,1.8572,1.9476
4275,0.7923,1.8861,1.9778
4276,0.7940,1.8574,1.9443
4277,0.7927,1.8578,1.9465
4278,0.7925,1.8590,1.9542
4279,0.7936,1.8589,1.9452
4280,0.7935,1.9124,1.9548
4281,0.7933,1.8563,1.9727
4282,0.7931,1.8575,1.9429
4283,0.8120,1.8588,1.9581
4284,0.7947,1.8581,1.9445
4285,0.7856,1.8752,1.9464
4286,0.7852,1.9320,2.0317
4287,0.7942,1.8559,1.9520
4288,0.7921,1.8709,1.9996
4289,0.7947,1.8584,1.9547
4290,0.7947,1.8572,1.9547
4291,0.7943,1.9205,1.9752
4292,0.7940,1.8564,1.9428
4293,0.7931,1.8563,1.9384
4294,0.7932,1.8551,1.9525
4295,0.7933,1.8567,1.9584
4296,0.8207,1.8722,2.0267
4297,0.7963,1.8547,1.9495
4298,0.7970,1.8559,1.9917
4299,0.7959,2.1179,1.9509
4300,0.7966,2.0955,1.9538
4301,0.7964,1.8773,1.9631
4302,0.7961,1.8780,1.9535
4303,0.7961,1.8573,1.9456
4304,0.7961,1.8704,1.9522
4305,0.7971,1.8575,1.9472
4306,0.7969,1.8562,1.9920
4307,0.7970,1.9504,1.9479
4308,0.7965,1.8572,1.9641
4309,0.8174,1.8584,1.9534
4310,0.7932,1.8581,1.9700
4311,0.7949,1.8585,1.9830
4312,0.7959,1.9302,1.9733
4313,0.7946,1.8564,1.9762
4314,0.7944,1.8564,1.9423
4315,0.7951,1.8563,1.9422
4316,0.7951,1.8557,1.9813
4317,0.7944,1.8799,2.0137
4318,0.7954,1.9265,2.4287
4319,0.7950,1.8562,1.9999
4320,0.7945,1.8602,1.9766
4321,0.8197,1.8578,2.0169
4322,0.7946,1.8580,1.9958
4323,0.7937,1.9202,1.9706
4324,0.7955,1.8556,1.9793
4325,0.7952,1.8571,1.9852
4326,0.7938,1.8572,2.0187
4327,0.7943,1.8574,2.0081
4328,0.7938,1.9038,1.9703
4329,0.7937,1.8702,1.9962
4330,0.7933,1.8560,2.0003
4331,0.7947,1.8583,2.0238
4332,0.7924,1.8575,1.9779
4333,0.7939,1.8579,1.9832
4334,0.8142,1.8877,1.9817
4335,0.7988,1.8550,1.9904
4336,0.7872,1.8590,2.0065
4337,0.7994,1.8578,1.9759
4338,0.7867,1.8579,1.9904
4339,0.7976,1.8981,1.9511
4340,0.7979,1.8559,1.9765
4341,0.7985,1.8573,2.0037
4342,0.7995,1.8584,1.9900
4343,0.7977,1.8567,2.0052
4344,0.7976,1.8789,1.9930
4345,0.7990,1.8548,1.9854
4346,0.8136,1.8562,2.0077
4347,0.7936,1.8546,1.9588
4348,0.7989,1.8534,1.9699
4349,0.7933,1.8513,1.9651
4350,0.7937,1.8816,1.9608
4351,0.7943,1.8560,1.9796
4352,0.7944,1.8548,1.9631
4353,0.7932,1.8570,1.9501
4354,0.7943,1.8551,1.9535
4355,0.7934,1.9074,1.9543
4356,0.7926,1.8571,1.9918
4357,0.7939,1.8560,1.9806
4358,0.7941,1.8574,1.9837
4359,0.8109,1.8576,1.9714
4360,0.7986,1.9141,1.9817
4361,0.7977,1.8558,1.9975
4362,0.7990,1.8586,1.9979
4363,0.7981,1.8592,1.9792
4364,0.7980,1.8579,1.9902
4365,0.7986,1.8576,1.9880
4366,0.7981,1.8773,2.0211
4367,0.7983,1.8572,1.9705
4368,0.7985,1.8538,1.9702
4369,0.7982,1.8538,1.9712
4370,0.7984,1.9326,1.9690
4371,0.8120,1.9195,1.9828
4372,0.7940,1.8563,1.9578
4373,0.7938,1.8570,1.9543
4374,0.7939,1.8578,1.9514
4375,0.7941,1.8571,1.9499
4376,0.7952,1.9066,1.9704
4377,0.7938,1.8577,1.9709
4378,0.7954,1.8575,2.0208
4379,0.7929,1.8576,1.9717
4380,0.7933,1.8572,2.0224
4381,0.7941,1.8554,1.9873
4382,0.7941,1.9092,1.9789
4383,0.7938,1.8556,1.9706
4384,0.8108,1.8590,1.9670
4385,0.7963,1.8582,1.9658
4386,0.7959,1.8536,1.9646
4387,0.7972,1.9084,1.9867
4388,0.7968,1.8565,1.9539
4389,0.7973,1.8574,1.9707
4390,0.7967,1.8559,1.9698
4391,0.7969,1.8517,1.9700
4392,0.7960,1.8882,1.9772
4393,0.7953,1.8731,1.9552
4394,0.7967,1.8569,1.9538
4395,0.7969,1.8577,1.9668
4396,0.8129,1.8582,1.9603
4397,0.7948,1.8567,1.9815
4398,0.7942,1.9134,1.9661
4399,0.7942,1.8562,2.4117
4400,0.7950,1.8535,1.9998
4401,0.7943,1.8580,1.9703
4402,0.7946,1.8566,1.9945
4403,0.7944,1.9140,1.9595
4404,0.7946,1.8605,1.9583
4405,0.7952,1.8578,1.9689
4406,0.7942,1.8591,1.9434
4407,0.7939,1.8603,1.9942
4408,0.7944,1.8585,1.9543
4409,0.8071,1.8756,1.9542
4410,0.7960,1.8573,1.9538
4411,0.7971,1.8590,1.9635
4412,0.7983,1.8556,1.9746
4413,0.7962,1.8569,1.9427
4414,0.7984,1.9092,1.9405
4415,0.7962,1.8581,1.9501
4416,0.7971,1.8521,1.9591
4417,0.7953,1.8569,2.0125
4418,0.7961,1.8587,1.9466
4419,0.7970,1.9038,1.9882
4420,0.7964,1.8569,1.9507
4421,0.8080,1.8581,1.9525
4422,0.7941,1.8574,1.9685
4423,0.7938,1.8586,1.9550
4424,0.7943,1.8570,1.9551
4425,0.7944,1.8690,1.9589
4426,0.7940,1.8553,1.9535
4427,0.7956,1.8545,1.9635
4428,0.7933,1.8546,1.9519
4429,0.7934,1.8557,1.9520
4430,0.7940,1.8693,1.9446
4431,0.7932,1.8568,1.9461
4432,0.7936,1.8558,1.9783
4433,0.7946,1.8550,1.9555
4434,0.8083,1.8568,1.9577
4435,0.7968,1.8850,1.9497
4436,0.7862,1.8561,1.9552
4437,0.7956,1.8524,1.9777
4438,0.7960,1.8520,1.9480
4439,0.7970,1.8516,1.9483
4440,0.7959,1.8512,1.9418
4441,0.7966,1.8848,1.9471
4442,0.7956,1.8546,1.9646
4443,0.7959,1.8542,1.9679
4444,0.7971,1.8552,1.9588
4445,0.7962,1.8557,1.9515
4446,0.7969,1.8645,1.9468
4447,0.8109,1.8547,1.9438
4448,0.7953,1.8537,1.9866
4449,0.7974,1.8523,1.9573
4450,0.7958,1.8549,1.9558
4451,0.7974,1.8552,1.9535
4452,0.7972,1.8624,1.9583
4453,0.7957,1.8503,1.9742
4454,0.7957,1.8508,1.9829
4455,0.7963,1.8510,1.9590
4456,0.7970,1.8494,1.9480
4457,0.7956,1.9088,1.9525
4458,0.7962,1.8506,1.9715
4459,0.8108,1.8512,1.9597
4460,0.7941,1.8916,1.9464
4461,0.7940,1.8502,1.9529
4462,0.7930,1.8725,1.9589
4463,0.7942,1.8551,1.9748
4464,0.7947,1.8546,1.9542
4465,0.7945,1.8553,1.9579
4466,0.7940,1.8557,1.9564
4467,0.7939,1.8569,1.9614
4468,0.7933,1.8734,2.0030
4469,0.7938,1.8563,1.9809
4470,0.7938,1.8853,1.9796
4471,0.7938,1.8550,1.9738
4472,0.8104,1.8531,1.9774
4473,0.7949,1.8799,1.9886
4474,0.7960,1.8547,1.9816
4475,0.7955,1.8558,1.9799
4476,0.7962,1.8550,1.9803
4477,0.7946,1.8566,1.9785
4478,0.7953,1.8749,1.9990
4479,0.7945,1.8552,2.0100
4480,0.7947,1.8537,1.9735
4481,0.7945,1.8559,2.0183
4482,0.7951,1.8560,1.9721
4483,0.7955,1.8573,1.9909
4484,0.8070,1.8712,1.9486
4485,0.7955,1.8558,1.9493
4486,0.7953,1.8559,1.9604
4487,0.7964,1.8546,1.9599
4488,0.7967,1.8554,1.9747
4489,0.7957,1.8688,1.9540
4490,0.7969,1.8551,1.9632
4491,0.7972,1.8548,1.9604
4492,0.7956,1.8548,1.9512
4493,0.7965,1.8544,1.9791
4494,0.7966,1.8534,1.9760
4495,0.7960,1.8696,1.9837
4496,0.7969,1.8547,1.9826
4497,0.8234,1.8556,1.9793
4498,0.7988,1.8565,1.9937
4499,0.7987,1.8562,1.9643
4500,0.7990,1.8707,1.9518
4501,0.7993,1.8539,1.9549
4502,0.7900,1.8535,1.9565
4503,0.7992,1.8550,1.9747
4504,0.7991,1.8555,1.9612
4505,0.8000,1.8705,1.9647
4506,0.7998,1.9012,1.9611
4507,0.7992,1.8542,1.9642
4508,0.7988,1.9012,1.9837
4509,0.8118,1.8552,1.9798
4510,0.7994,1.8549,1.9863
4511,0.8000,1.8703,1.9802
4512,0.7997,1.8538,1.9784
4513,0.8002,1.8553,2.0156
4514,0.8008,1.8558,1.9771
4515,0.8866,1.8555,1.9697
4516,0.9013,1.8705,1.9826
4517,0.9160,1.8535,1.9835
4518,0.9631,1.8509,1.9726
4519,0.9202,1.8517,1.9789
4520,0.9315,1.8522,1.9525
4521,0.9104,1.8658,1.9546
4522,0.8006,1.8547,1.9589
4523,0.8312,1.8529,1.9716
4524,0.7946,1.8560,1.9786
4525,0.7950,1.8560,1.9634
4526,0.7963,1.8560,1.9592
4527,0.7975,1.8680,1.9530
4528,0.7973,1.8555,1.9644
4529,0.7962,1.8545,1.9730
4530,0.7956,1.8553,1.9589
4531,0.7928,1.8552,1.9548
4532,0.7939,1.8749,1.9586
4533,0.8425,1.9014,1.9548
4534,0.7926,1.8573,1.9717
4535,0.7920,1.9018,1.9623
4536,0.7923,1.8575,1.9522
4537,0.7922,1.8671,1.9478
4538,0.7928,1.8591,1.9581
4539,0.7926,1.8556,1.9691
4540,0.7920,1.8576,1.9478
4541,0.7925,1.8570,1.9554
4542,0.7930,1.8570,1.9590
4543,0.7929,1.8688,1.9652
4544,0.7917,1.8554,1.9687
4545,0.7930,1.8548,1.9557
4546,0.8382,1.8655,1.9451
4547,0.7962,1.9021,1.9590
4548,0.7950,1.8744,1.9457
4549,0.7963,1.9017,1.9684
4550,0.7956,1.8572,1.9593
4551,0.7963,1.8552,1.9635
4552,0.7961,1.8558,1.9615
4553,0.7965,1.8564,1.9650
4554,0.7958,1.8728,1.9723
4555,0.7949,1.8557,1.9534
4556,0.7964,1.8560,1.9568
4557,0.7964,1.8549,1.9531
4558,0.8219,1.8555,1.9528
4559,0.7962,1.8882,1.9720
4560,0.7953,1.9025,1.9542
4561,0.7963,1.8524,1.9605
4562,0.7958,1.9004,1.9575
4563,0.7877,1.8553,1.9590
4564,0.7962,1.8698,1.9734
4565,0.7969,1.8545,1.9578
4566,0.7953,1.8551,1.9547
4567,0.7964,1.8564,1.9623
4568,0.7954,1.8547,1.9598
4569,0.7963,1.8569,1.9569
4570,0.7959,1.8730,1.9748
4571,0.8073,1.8547,1.9586
4572,0.7935,1.8547,1.9474
4573,0.7944,1.8514,1.9524
4574,0.7939,1.8512,1.9620
4575,0.7937,1.8721,1.9733
4576,0.7941,1.8531,1.9538
4577,0.7928,1.8531,1.9500
4578,0.7954,1.8530,1.9495
4579,0.7938,1.8533,1.9511
4580,0.7940,1.8660,1.9843
4581,0.7936,1.8543,1.9613
4582,0.7933,1.8560,1.9555
4583,0.8112,1.8519,1.9665
4584,0.7981,1.8527,1.9614
4585,0.8030,1.8518,1.9879
4586,0.7978,1.8705,1.9722
4587,0.7988,1.8523,1.9531
4588,0.8358,1.8523,1.9524
4589,0.7986,1.8534,1.9604
4590,0.7996,1.8532,1.9703
4591,0.7980,1.8700,1.9524
4592,0.7990,1.8550,1.9475
4593,0.8343,1.8528,1.9424
4594,0.7990,1.8560,1.9466
4595,0.7886,1.8559,2.2051
4596,0.8258,1.8545,2.2955
4597,0.7966,1.8729,2.4041
4598,0.7973,1.8557,2.0749
4599,0.7972,1.8562,1.9974
4600,0.7958,1.8563,2.0482
4601,0.7976,1.8567,1.9832
4602,0.7973,1.8705,1.9712
4603,0.7974,1.8561,2.0071
4604,0.7969,1.8566,1.9694
4605,0.7979,1.8575,2.0096
4606,0.7978,1.8796,1.9982
4607,0.7979,1.8755,1.9925
4608,0.8134,1.8545,1.9968
4609,0.7943,1.8547,1.9973
4610,0.7938,1.8552,2.0361
4611,0.7948,1.8558,1.9788
4612,0.7950,1.8554,1.9856
4613,0.7956,1.8666,1.9743
4614,0.7935,1.8543,1.9879
4615,0.7943,1.8543,1.9773
4616,0.7940,1.8550,1.9858
4617,0.7938,1.8524,1.9736
4618,0.7940,1.8798,1.9890
4619,0.7945,1.8556,1.9802
4620,0.7938,1.8566,2.0101
4621,0.8093,1.8516,1.9545
4622,0.7963,1.8565,1.9967
4623,0.7956,1.8711,1.9631
4624,0.7960,1.8542,1.9858
4625,0.7944,1.8564,1.9847
4626,0.7954,1.8559,1.9651
4627,0.7966,1.8543,1.9813
4628,0.7959,1.8545,1.9478
4629,0.7960,1.8689,1.9781
4630,0.7957,1.8541,1.9953
4631,0.7963,1.8556,1.9654
4632,0.7956,1.8561,1.9883
4633,0.8086,1.8539,1.9668
4634,0.7954,1.8673,1.9607
4635,0.7882,1.8547,2.0026
4636,0.7924,1.8548,1.9725
4637,0.7943,1.8565,1.9741
4638,0.7934,1.8562,1.9753
4639,0.7947,1.8560,1.9752
4640,0.7934,1.8678,2.0309
4641,0.7938,1.9010,1.9986
4642,0.7934,1.8551,2.0071
4643,0.7956,1.9004,2.0101
4644,0.7946,1.8556,2.0160
4645,0.7973,1.8675,2.0267
4646,0.8084,1.8546,1.9704
4647,0.7951,1.8549,1.9577
4648,0.7933,1.8568,1.9637
4649,0.7945,1.8566,1.9625
4650,0.7960,1.8710,1.9986
4651,0.7945,1.8550,1.9699
4652,0.7946,1.8557,1.9499
4653,0.7957,1.8552,1.9914
4654,0.7950,1.8553,1.9591
4655,0.7951,1.8561,1.9827
4656,0.7958,1.8702,1.9557
4657,0.7958,1.8582,1.9657
4658,0.7947,1.8578,1.9587
4659,0.8127,1.8578,1.9604
4660,0.7988,1.8572,1.9786
4661,0.7987,1.8728,1.9660
4662,0.7986,1.8555,1.9513
4663,0.7985,1.8553,1.9494
4664,0.7979,1.8559,1.9482
4665,0.7985,1.8544,1.9866
4666,0.7981,1.8672,1.9782
4667,0.7984,1.8559,1.9832
4668,0.7989,1.8557,1.9871
4669,0.7984,1.8547,1.9833
4670,0.7986,1.8562,2.0101
4671,0.8191,1.8561,2.0013
4672,0.7955,1.8706,1.9908
4673,0.7911,1.8551,1.9815
4674,0.7882,1.8561,1.9804
4675,0.7883,1.8570,2.0008
4676,0.8325,1.8559,2.2661
4677,0.7927,1.8747,2.2405
4678,0.7943,1.8564,1.9935
4679,0.7929,1.8556,1.9979
4680,0.7929,1.8560,2.0303
4681,0.8354,1.8565,1.9777
4682,0.7997,1.8575,1.9670
4683,0.7995,1.9147,2.0070
4684,0.8120,1.8564,1.9933
4685,0.7961,1.8554,2.0150
4686,0.7943,1.9019,1.9928
4687,0.7944,1.8555,1.9734
4688,0.8022,1.8711,1.9831
4689,0.7981,1.8551,1.9724
4690,0.7975,1.8560,2.0022
4691,0.7975,1.8948,1.9621
4692,0.7977,1.9592,1.9826
4693,0.7964,1.8768,1.9878
4694,0.7968,1.8576,1.9873
4695,0.7983,1.8583,1.9928
4696,0.8118,1.8576,1.9841
4697,0.7968,1.8563,1.9886
4698,0.7965,1.8521,1.9840
4699,0.7963,1.8677,1.9865
4700,0.7977,1.8551,1.9988
4701,0.7967,1.8565,1.9903
4702,0.7975,1.8561,1.9878
4703,0.7973,1.8567,2.0015
4704,0.7970,1.8700,1.9701
4705,0.7965,1.8523,2.0041
4706,0.7963,1.8515,1.9799
4707,0.7973,1.8525,1.9915
4708,0.7972,1.8527,1.9912
4709,0.8140,1.8768,1.9692
4710,0.7984,1.9006,1.9748
4711,0.7992,1.8568,1.9692
4712,0.8029,1.8554,1.9752
4713,0.8950,1.9018,1.9665
4714,0.8475,1.8555,1.9659
4715,0.8974,1.8756,1.9851
4716,0.8779,1.8557,1.9809
4717,0.7891,1.8559,1.9722
4718,0.7871,1.8563,1.9862
4719,0.7870,1.8567,1.9583
4720,0.7854,1.8701,1.9779
4721,0.8509,1.8573,1.9673
4722,0.7974,1.8542,1.9597
4723,0.7976,1.8538,1.9517
4724,0.7968,1.8551,1.9866
4725,0.7974,1.8706,1.9686
4726,0.7959,1.8552,1.9778
4727,0.7963,1.8548,1.9783
4728,0.7953,1.8551,1.9681
4729,0.7957,1.8552,1.9798
4730,0.7957,1.8555,1.9857
4731,0.7954,1.8666,1.9687
4732,0.7954,1.8516,1.9996
4733,0.8256,1.8513,1.9714
4734,0.7977,1.8504,1.9752
4735,0.7982,1.8504,1.9867
4736,0.7984,1.8679,1.9798
4737,0.7979,1.9173,1.9686
4738,0.7880,1.8548,1.9915
4739,0.7863,1.8569,1.9713
4740,0.7973,1.8556,2.0244
4741,0.7971,1.8565,1.9606
4742,0.7975,1.8699,1.9548
4743,0.7976,1.8648,1.9529
4744,0.7965,1.8505,1.9816
4745,0.7979,1.8500,1.9515
4746,0.8234,1.8500,1.9816
4747,0.7941,1.8698,1.9628
4748,0.7941,1.8560,1.9677
4749,0.7945,1.8558,1.9648
4750,0.7944,1.8567,1.9693
4751,0.7951,1.8571,1.9862
4752,0.7939,1.8756,1.9620
4753,0.7941,1.8554,1.9552
4754,0.7918,1.8551,1.9605
4755,0.7937,1.8560,1.9645
4756,0.7943,1.8573,1.9798
4757,0.7939,1.8558,2.2677
4758,0.8184,1.9193,2.2456
4759,0.7933,1.8586,1.9690
4760,0.7911,1.8585,2.0016
4761,0.7932,1.8609,1.9697
4762,0.7909,1.8580,1.9710
4763,0.7915,1.8888,1.9409
4764,0.7920,1.8565,1.9852
4765,0.7930,1.8582,1.9843
4766,0.7919,1.8536,2.0182
4767,0.7903,1.8558,1.9539
4768,0.7903,1.8985,1.9836
4769,0.7923,1.8558,1.9691
4770,0.7908,1.8522,1.9543
4771,0.8346,1.8535,2.0145
4772,0.7952,1.8516,1.9963
4773,0.7949,1.8514,1.9671
4774,0.7948,1.9008,1.9641
4775,0.7942,1.8516,1.9650
4776,0.7940,1.8509,2.0359
4777,0.7992,1.8521,1.9923
4778,0.7923,1.8514,1.9761
4779,0.7921,1.9223,2.0020
4780,0.7915,1.8553,2.0004
4781,0.7939,1.8568,2.0334
4782,0.7913,1.8561,1.9728
4783,0.8181,1.8567,1.9690
4784,0.7923,1.8557,1.9873
4785,0.7928,1.9160,1.9704
4786,0.7941,1.8506,1.9911
4787,0.7951,1.8515,2.0120
4788,0.7940,1.8512,1.9692
4789,0.7924,1.8636,2.0215
4790,0.7932,1.8881,1.9679
4791,0.7869,1.8593,1.9970
4792,0.7863,1.8575,1.9804
4793,0.7872,1.8569,1.9781
4794,0.7888,1.8565,1.9810
4795,0.7868,1.9069,1.9675
4796,0.8083,1.8545,1.9986
4797,0.7970,1.8564,1.9671
4798,0.7966,1.8691,1.9455
4799,0.7962,1.8565,1.9609
4800,0.7956,1.8577,1.9618
4801,0.7974,1.9046,2.0039
4802,0.7978,1.8560,1.9612
4803,0.7956,1.8556,1.9621
4804,0.7915,1.8568,1.9607
4805,0.7906,1.8555,1.9520
4806,0.7903,1.8709,1.9958
4807,0.7900,1.8519,1.9645
4808,0.7902,1.8517,1.9646
4809,0.8109,1.8508,1.9651
4810,0.7884,1.8500,1.9793
4811,0.7891,1.8949,1.9896
4812,0.7978,1.8557,1.9643
4813,0.7986,1.8576,1.9623
4814,0.7984,1.8556,1.9618
4815,0.7988,1.8579,1.9715
4816,0.7974,1.8530,2.0003
4817,0.7983,1.9038,1.9728
4818,0.7982,1.8563,1.9710
4819,0.7881,1.8569,1.9596
4820,0.7893,1.8558,1.9498
4821,0.8052,1.8576,1.9797
4822,0.7962,1.9075,1.9758
4823,0.7948,1.8558,1.9518
4824,0.7974,1.8562,1.9556
4825,0.7959,1.8577,1.9485
4826,0.7901,1.8564,1.9828
4827,0.7882,1.8708,1.9717
4828,0.7905,1.8531,1.9716
4829,0.7901,1.8548,1.9656
4830,0.7886,1.8564,1.9545
4831,0.7905,1.8566,1.9897
4832,0.7898,1.8563,1.9738
4833,0.7893,1.8637,1.9786
4834,0.8049,1.8445,1.9799
4835,0.7943,1.8462,1.9713
4836,0.7958,1.8458,2.0011
4837,0.7937,1.8457,1.9685
4838,0.7937,1.8964,1.9724
4839,0.7988,1.8569,1.9740
4840,0.7972,1.8577,1.9770
4841,0.7870,1.8554,1.9888
4842,0.7879,1.8581,1.9753
4843,0.7866,1.8585,1.9712
4844,0.7875,1.9084,1.9698
4845,0.7870,1.8565,1.9697
4846,0.8020,1.8578,1.9840
4847,0.7989,1.8567,1.9638
4848,0.7880,1.8562,1.9666
4849,0.7977,1.9021,1.9575
4850,0.7970,1.8567,1.9553
4851,0.7983,1.8583,1.9518
4852,0.7974,1.8566,2.0073
4853,0.7981,1.8577,1.9794
4854,0.7984,1.8862,1.9817
4855,0.7890,1.8940,1.9832
4856,0.7882,2.2676,1.9824
4857,0.7884,2.2884,1.9869
4858,0.7877,2.0237,1.9557
4859,0.8080,1.9877,1.9574
4860,0.7955,1.8568,1.9572
4861,0.7951,1.9037,1.9534
4862,0.7955,1.8572,1.9982
4863,0.7898,1.8708,1.9784
4864,0.7888,1.9227,1.9814
4865,0.7888,1.8735,1.9832
4866,0.7880,1.8819,1.9812
4867,0.7898,1.8770,1.9941
4868,0.7900,1.8822,1.9797
4869,0.7893,1.8807,1.9731
4870,0.7893,1.8858,1.9756
4871,0.7883,1.8539,1.9771
4872,0.8186,1.8526,1.9906
4873,0.7944,1.9291,1.9790
4874,0.7953,1.8596,1.9808
4875,0.7951,1.8902,1.9778
4876,0.7960,1.8560,1.9860
4877,0.7948,1.8552,1.9936
4878,0.7945,1.8592,1.9832
4879,0.7940,1.8585,1.9792
4880,0.7886,1.9202,1.9853
4881,0.7885,1.8566,1.9798
4882,0.7880,1.8716,2.0685
4883,0.7877,1.8567,1.9659
4884,0.8087,1.8558,1.9680
4885,0.7895,1.8572,1.9635
4886,0.7907,1.9265,1.9658
4887,0.7993,1.8598,1.9805
4888,0.7891,1.8570,1.9539
4889,0.7903,1.8590,1.9557
4890,0.7914,1.8528,1.9537
4891,0.7903,1.8848,1.9555
4892,0.7897,1.8485,1.9713
4893,0.7910,1.8454,1.9628
4894,0.7908,1.8452,1.9678
4895,0.7900,1.8461,1.9691
4896,0.7906,1.8718,1.9834
4897,0.8039,1.8582,1.9775
4898,0.7953,1.8581,1.9582
4899,0.7985,1.8582,1.9560
4900,0.7975,1.8579,1.9511
4901,0.7970,1.8590,1.9575
4902,0.7980,2.0523,1.9742
4903,0.7975,1.8574,1.9559
4904,0.7882,1.8610,1.9598
4905,0.7895,1.8574,1.9553
4906,0.7879,1.8595,1.9586
4907,0.7891,1.9436,1.9755
4908,0.7973,1.8626,1.9566
4909,0.8130,1.8647,1.9566
4910,0.7969,1.8825,1.9588
4911,0.7987,1.8523,1.9610
4912,0.7984,1.9113,1.9820
4913,0.8175,1.8562,1.9539
4914,0.8994,1.8559,1.9593
4915,0.9429,1.8561,1.9535
4916,0.8229,1.8563,1.9557
4917,0.8031,1.8561,1.9842
4918,0.8058,1.8863,1.9556
4919,0.7916,1.8508,1.9544
4920,0.7932,1.8506,1.9567
4921,0.8300,1.8525,1.9549
4922,0.7918,1.8531,1.9567
4923,0.7925,1.9344,1.9807
4924,0.7888,1.8599,1.9537
4925,0.7976,1.8556,1.9527
4926,0.7954,1.8723,1.9565
4927,0.7948,1.8590,1.9610
4928,0.7931,1.8578,1.9708
4929,0.7953,1.9124,1.9500
4930,0.7932,1.8574,1.9693
4931,0.7960,1.8580,1.9473
4932,0.7953,1.8569,1.9498
4933,0.7958,1.8575,1.9707
4934,0.8178,1.8877,1.9549
4935,0.7951,1.8558,1.9548
4936,0.7980,1.8558,1.9541
4937,0.7962,1.8575,1.9557
4938,0.7965,1.8571,1.9700
4939,0.7969,1.9160,1.9554
4940,0.7969,1.8540,1.9549
4941,0.7962,2.0826,1.9587
4942,0.7976,2.2158,1.9623
4943,0.7970,1.8612,1.9878
4944,0.7982,1.9999,1.9594
4945,0.7986,1.8588,1.9592
4946,0.7962,1.9041,1.9647
4947,0.8069,1.8584,1.9653
4948,0.7960,1.8700,1.9865
4949,0.7961,1.8573,1.9495
4950,0.7969,1.9607,1.9622
4951,0.7970,1.8576,1.9734
4952,0.7965,1.8591,1.9695
4953,0.7965,1.8593,1.9716
4954,0.7966,1.8576,1.9536
4955,0.7958,1.8823,1.9580
4956,0.7966,1.8524,1.9563
4957,0.8025,1.8561,1.9572
4958,0.8001,1.8554,1.9821
4959,0.8125,1.8556,1.9711
4960,0.7929,1.9210,1.9635
4961,0.7940,1.8557,1.9740
4962,0.7932,1.8566,1.9651
4963,0.7936,1.8560,1.9858
4964,0.7936,1.8721,1.9667
4965,0.7935,1.8554,1.9608
4966,0.7944,1.9321,1.9640
4967,0.7939,1.8569,1.9550
4968,0.7934,1.8573,1.9711
4969,0.7945,1.8561,1.9597
4970,0.7936,1.8571,1.9636
4971,0.7942,1.9378,1.9625
4972,0.8350,1.8563,1.9615
4973,0.7969,1.8580,1.9596
4974,0.7982,1.8616,1.9839
4975,0.7974,1.8561,1.9495
4976,0.7976,1.8996,1.9547
4977,0.7966,1.8567,1.9472
4978,0.7977,1.8559,1.9504
4979,0.7985,1.8571,1.9844
4980,0.7962,1.8576,1.9618
4981,0.7972,1.8575,1.9637
4982,0.7979,1.8939,1.9690
4983,0.7991,1.8554,1.9730
4984,0.8122,1.8581,1.9816
4985,0.8016,1.8567,1.9524
4986,0.8008,1.8562,1.9527
4987,0.8018,1.8873,1.9470
4988,0.8019,1.8553,1.9445
4989,0.8006,1.8710,1.9727
4990,0.8006,2.3454,1.9520
4991,0.8010,2.0012,1.9500
4992,0.8020,1.9372,1.9500
4993,0.8018,1.8698,1.9515
4994,0.8028,1.8733,1.9767
4995,0.8020,1.8570,1.9526
4996,0.8019,1.8571,2.2495
4997,0.8113,1.8942,2.4422
4998,0.7962,1.8547,2.5155
4999,0.7954,1.8551,1.9916
5000,0.7952,1.8551,1.9713
5001,0.7965,1.8550,1.9720
5002,0.7944,1.8547,1.9866
5003,0.7944,1.8800,2.0224
5004,0.7959,1.8564,1.9909
5005,0.7951,1.8691,1.9809
5006,0.7969,1.8570,1.9901
5007,0.7958,1.8752,1.9900
5008,0.7963,1.8810,2.0425
5009,0.8212,1.8557,1.9782
5010,0.7950,1.8554,1.9743
5011,0.7946,1.8556,1.9704
5012,0.7949,1.8555,1.9970
5013,0.7940,1.9007,2.0183
5014,0.7939,1.8827,1.9941
5015,0.7947,1.8579,1.9933
5016,0.7952,1.8561,1.9860
5017,0.7947,1.8568,1.9867
5018,0.7933,1.8567,1.9984
5019,0.7952,1.8692,1.9940
5020,0.7949,1.8556,1.9686
5021,0.7942,1.8553,1.9731
5022,0.8093,1.8561,1.9862
5023,0.7960,1.8557,2.0180
5024,0.7964,1.8709,1.9778
5025,0.7963,1.9116,1.9653
5026,0.7964,2.2720,1.9715
5027,0.7962,1.8653,1.9820
5028,0.7983,1.8695,1.9630
5029,0.7965,1.9770,1.9953
5030,0.7956,1.8670,1.9912
5031,0.7966,1.8591,1.9680
5032,0.7965,1.8710,1.9707
5033,0.7949,1.8570,1.9774
5034,0.8178,1.8520,1.9884
5035,0.7956,1.9332,1.9558
5036,0.7935,1.8569,1.9584
5037,0.7933,1.8556,1.9584
5038,0.7939,1.8572,1.9525
5039,0.7943,1.8573,1.9790
5040,0.7938,1.8878,1.9602
5041,0.7930,1.8574,1.9617
5042,0.7932,1.8585,1.9650
5043,0.7927,1.8582,1.9703
5044,0.7945,1.8572,1.9786
5045,0.7935,1.8940,1.9479
5046,0.7934,1.8707,1.9478
5047,0.8041,1.8587,1.9577
5048,0.7959,1.8576,1.9576
5049,0.7928,1.8583,1.9743
5050,0.7939,1.8578,1.9670
5051,0.7946,1.8721,1.9619
5052,0.7944,1.8559,1.9634
5053,0.7944,1.8559,1.9655
5054,0.7955,1.8563,2.0062
5055,0.7949,1.8569,1.9978
5056,0.7957,1.8793,2.0000
5057,0.7952,1.8561,1.9908
5058,0.7945,1.8575,1.9911
5059,0.8530,1.8581,1.9976
5060,0.8003,1.8549,1.9893
5061,0.8005,1.8751,1.9899
5062,0.8006,1.8521,1.9833
5063,0.8001,1.8508,1.9815
5064,0.8006,1.8514,2.0070
5065,0.8003,1.8509,1.9973
5066,0.8016,1.8513,1.9808
5067,0.8004,1.8918,1.9907
5068,0.8006,1.8566,1.9822
5069,0.8009,1.8558,2.0022
5070,0.8014,1.8561,1.9727
5071,0.8002,1.8519,1.9879
5072,0.8115,1.9147,1.9967
5073,0.7988,1.8570,1.9848
5074,0.7980,1.8698,1.9981
5075,0.7982,1.8586,1.9536
5076,0.7904,1.8577,2.2228
5077,0.7899,1.8582,2.1622
5078,0.7895,1.9164,1.9633
5079,0.7911,1.8563,2.0300
5080,0.7902,1.8572,1.9909
5081,0.7907,1.8568,1.9877
5082,0.7901,1.8568,1.9910
5083,0.7896,1.8741,1.9650
5084,0.8034,1.8561,2.0119
5085,0.7895,1.8563,1.9927
5086,0.7903,1.8577,1.9919
5087,0.7986,1.8688,1.9704
5088,0.7981,1.8782,1.9918
5089,0.7983,1.8546,2.0078
5090,0.7984,1.8560,1.9711
5091,0.7989,1.8555,1.9967
5092,0.7980,1.8542,1.9999
5093,0.7999,1.8508,1.9895
5094,0.7986,1.8812,2.0228
5095,0.7997,1.8502,1.9958
5096,0.7988,1.8505,1.9893
5097,0.8117,1.8519,1.9977
5098,0.7997,1.8518,1.9883
5099,0.7996,1.8744,2.0311
5100,0.7996,1.8516,1.9848
5101,0.7990,1.8507,1.9964
5102,0.7994,1.8516,1.9686
5103,0.8003,1.8506,1.9929
5104,0.7999,1.8645,1.9835
5105,0.7989,1.8979,1.9734
5106,0.7998,1.8513,1.9770
5107,0.7998,1.8972,1.9621
5108,0.7999,1.8523,1.9879
5109,0.8125,1.8512,1.9938
5110,0.8000,1.8753,1.9860
5111,0.7984,1.8553,1.9878
5112,0.7998,1.8556,1.9801
5113,0.7992,1.8547,1.9764
5114,0.7992,1.8549,1.9937
5115,0.7994,1.8743,1.9761
5116,0.7992,1.8569,1.9735
5117,0.7983,1.8564,1.9562
5118,0.7983,1.8560,1.9608
5119,0.7994,1.8571,1.9995
5120,0.7989,1.8687,1.9556
5121,0.7982,1.8574,1.9533
5122,0.8085,1.8558,1.9479
5123,0.7942,1.8572,1.9591
5124,0.7952,1.8563,1.9854
5125,0.7934,1.8560,1.9600
5126,0.7929,1.8719,1.9537
5127,0.7941,1.8557,1.9539
5128,0.7950,1.8565,1.9572
5129,0.7945,1.8559,1.9732
5130,0.7939,1.8564,1.9481
5131,0.7950,1.8725,1.9439
5132,0.7936,1.8568,1.9461
5133,0.7944,1.8569,1.9435
5134,0.8065,1.8560,1.9623
5135,0.7960,1.8564,1.9674
5136,0.7953,1.8562,1.9720
5137,0.7963,1.8700,1.9617
5138,0.7972,1.8558,1.9462
5139,0.7957,1.8547,1.9489
5140,0.7956,1.8520,1.9776
5141,0.7973,1.8576,1.9487
5142,0.7964,1.8691,1.9534
5143,0.7960,1.8554,1.9520
5144,0.7973,1.8555,1.9490
5145,0.7959,1.8550,1.9697
5146,0.7973,1.8538,1.9629
5147,0.8112,1.8677,1.9665
5148,0.7972,1.8554,1.9666
5149,0.7972,1.8553,1.9748
5150,0.7975,1.8565,2.0102
5151,0.7970,1.8563,1.9718
5152,0.7962,1.8561,1.9557
5153,0.7957,1.9132,1.9537
5154,0.7968,1.8561,1.9688
5155,0.7959,1.9015,2.0087
5156,0.8337,1.8520,2.4784
5157,0.7977,1.8564,2.9595
5158,0.7982,1.8708,2.8948
5159,0.8162,1.8572,2.9992
5160,0.7951,1.8564,2.9233
5161,0.8318,1.8563,2.8648
5162,0.7940,1.8571,2.9430
5163,0.7950,1.8697,2.8468
5164,0.7945,1.8572,4.5894
5165,0.7932,1.8560,3.8663
5166,0.7955,1.8561,3.6697
5167,0.7944,1.8554,3.7558
5168,0.7947,1.8559,3.6252
5169,0.7941,1.8681,3.6068
5170,0.7939,1.8558,2.8432
5171,0.7941,1.8545,2.0208
5172,0.8121,1.8551,2.0055
5173,0.7966,1.8560,2.0067
5174,0.7979,1.8726,2.0053
5175,0.7938,1.8556,2.1043
5176,0.7972,1.8544,2.0586
5177,0.7979,1.8546,1.9996
5178,0.8000,1.8558,2.0047
5179,0.7949,1.8554,2.0028
5180,0.7975,1.8691,2.0288
5181,0.7950,1.8553,2.0114
5182,0.7962,1.8553,1.9976
5183,0.7953,1.8533,2.0014
5184,0.8435,1.8555,1.9927
5185,0.8019,1.8703,2.0516
5186,0.8004,1.8560,2.0069
5187,0.7999,1.8548,2.0048
5188,0.8034,1.8552,2.0071
5189,0.7984,1.8560,1.9843
5190,0.7936,1.8702,1.9844
5191,0.7944,1.8554,1.9599
5192,0.7901,1.8547,1.9621
5193,0.7937,1.8541,1.9558
5194,0.7927,1.8545,1.9558
5195,0.7912,1.8536,1.9733
5196,0.7907,1.8675,1.9552
5197,0.8377,1.8510,1.9504
5198,0.7967,1.8516,1.9496
5199,0.7986,1.8514,1.9558
5200,0.7981,1.8520,1.9737
5201,0.7965,1.8665,1.9487
5202,0.7973,1.8558,1.9508
5203,0.7971,1.8567,1.9536
5204,0.7983,1.8537,1.9529
5205,0.7962,1.8554,1.9500
5206,0.7949,1.8560,1.9762
5207,0.7939,1.8701,1.9542
5208,0.7956,1.8550,1.9467
5209,0.8194,1.8535,1.9515
5210,0.7913,1.8557,1.9520
5211,0.7932,1.8559,2.0024
5212,0.7942,1.8700,1.9816
5213,0.7936,1.8567,1.9822
5214,0.7950,1.8570,1.9760
5215,0.7949,1.8574,1.9800
5216,0.7953,1.8570,1.9972
5217,0.7962,1.8714,1.9789
5218,0.7942,1.8547,1.9767
5219,0.7953,1.8573,2.0005
5220,0.7943,1.8555,1.9940
5221,0.7954,1.8567,1.9942
5222,0.8063,1.8579,1.9788
5223,0.7944,1.8712,1.9758
5224,0.7917,1.8550,1.9768
5225,0.7910,1.8548,1.9969
5226,0.7899,1.8557,2.0176
5227,0.7919,1.8555,1.9793
5228,0.7907,1.8700,1.9886
5229,0.7905,1.9060,2.1157
5230,0.7903,1.9447,2.1400
5231,0.7910,1.8555,2.2906
5232,0.7917,1.8568,2.1106
5233,0.7916,1.8760,2.0235
5234,0.7905,1.8552,2.0297
5235,0.7982,1.8567,2.0048
5236,0.7948,1.8566,1.9807
5237,0.7979,1.8579,2.0045
5238,0.7936,1.8563,1.9849
5239,0.7943,1.8693,1.9957
5240,0.7921,1.8542,2.0427
5241,0.7935,1.8535,1.9793
5242,0.7929,1.8531,1.9806
5243,0.7947,1.8545,1.9654
5244,0.7934,2.1473,1.9537
5245,0.7926,1.9020,1.9788
5246,0.7918,1.8535,1.9769
5247,0.8193,1.8960,1.9707
5248,0.7929,1.8516,1.9613
5249,0.7948,1.8654,1.9502
5250,0.7955,1.9084,1.9742
5251,0.7948,1.8579,2.0030
5252,0.7935,1.8592,1.9517
5253,0.8005,1.8584,1.9528
5254,0.7957,1.8569,1.9458
5255,0.7967,1.8854,1.9551
5256,0.7953,1.8561,1.9850
5257,0.7945,1.8578,1.9835
5258,0.7953,1.8566,1.9860
5259,0.7934,1.8561,1.9710
5260,0.8181,1.8684,1.9853
5261,0.8247,1.8581,2.0143
5262,0.8334,1.8567,2.0196
5263,0.8377,1.8571,1.9714
5264,0.8247,1.8571,1.9780
5265,0.8261,1.8707,1.9722
5266,0.8150,1.8530,1.9914
5267,0.9163,1.8502,1.9648
5268,0.7924,1.8509,1.9628
5269,0.7932,1.8519,1.9610
5270,0.7950,1.8523,1.9515
5271,0.7945,1.9114,1.9759
5272,0.8321,1.8537,1.9562
5273,0.7936,1.8983,1.9646
5274,0.7864,1.8512,1.9456
5275,0.7940,1.8519,1.9633
5276,0.7936,1.8677,1.9782
5277,0.7940,1.8534,1.9550
5278,0.7951,1.8521,1.9674
5279,0.7938,1.8528,1.9605
5280,0.7931,1.8521,1.9546
5281,0.7939,1.8527,1.9762
5282,0.7944,1.8713,1.9545
5283,0.7941,1.8561,1.9552
5284,0.8250,1.8510,1.9550
5285,0.7983,1.8507,1.9515
5286,0.7968,1.8503,1.9731
5287,0.7954,1.9118,1.9600
5288,0.7953,1.8497,1.9528
5289,0.7947,1.8507,1.9606
5290,0.7958,1.8956,1.9503
5291,0.7951,1.8501,1.9659
5292,0.7966,1.8642,1.9527
5293,0.7965,1.8538,1.9451
5294,0.7955,1.8558,1.9487
5295,0.7954,1.8547,1.9539
5296,0.7962,1.8552,1.9743
5297,0.8254,1.8600,1.9558
5298,0.7977,1.8829,1.9431
5299,0.7967,1.8647,1.9448
5300,0.7962,1.8650,1.9532
5301,0.7970,1.8688,1.9747
5302,0.7961,1.8761,1.9612
5303,0.7964,1.9551,1.9572
5304,0.7965,1.8656,1.9550
5305,0.7967,1.8633,1.9480
5306,0.7959,1.8641,1.9502
5307,0.7970,1.8616,1.9936
5308,0.7972,1.8931,1.9566
5309,0.7963,1.8555,1.9641
5310,0.8262,1.8615,1.9636
5311,0.7979,1.8650,1.9662
5312,0.7958,1.8522,1.9876
5313,0.7954,1.8521,1.9518
5314,0.7964,1.9042,1.9541
5315,0.7966,1.8558,1.9522
5316,0.7959,1.8578,1.9507
5317,0.7972,1.8596,1.9762
5318,0.7956,1.8580,1.9557
5319,0.7967,1.9236,1.9539
5320,0.7958,1.8552,1.9559
5321,0.7973,1.8552,1.9526
5322,0.8293,1.8563,1.9667
5323,0.7964,1.8562,1.9689
5324,0.7964,1.9114,1.9675
5325,0.7964,1.8601,1.9639
5326,0.7970,1.8533,1.9667
5327,0.7977,1.8523,1.9868
5328,0.7968,1.8545,1.9653
5329,0.7960,1.8688,1.9650
5330,0.7964,1.8766,1.9631
5331,0.7975,1.8500,1.9623
5332,0.7973,1.8525,1.9744
5333,0.7984,1.8542,1.9532
5334,0.7970,1.8470,1.9568
5335,0.8216,1.9014,1.9460
5336,0.7948,1.8506,1.9671
5337,0.7963,1.8507,1.9728
5338,0.7961,1.8517,1.9522
5339,0.7960,1.8514,1.9906
5340,0.7964,1.8461,1.9864
5341,0.7938,1.9072,1.9852
5342,0.7954,1.8571,1.9980
5343,0.7960,1.8559,1.9745
5344,0.7961,1.8588,1.9615
5345,0.7954,1.8576,1.9576
5346,0.7956,1.9185,1.9674
5347,0.8090,1.8593,1.9797
5348,0.7956,1.8561,1.9521
5349,0.8005,1.8554,1.9655
5350,0.7974,1.8518,1.9717
5351,0.7953,1.9201,1.9666
5352,0.7956,1.8569,1.9911
5353,0.7949,1.8583,1.9743
5354,0.7968,1.8587,1.9707
5355,0.7959,1.8540,1.9721
5356,0.7968,1.8527,1.9715
5357,0.7963,1.8872,1.9847
5358,0.7966,1.8570,1.9560
5359,0.7877,1.8569,1.9529
5360,0.8156,1.8562,1.9582
5361,0.7928,1.8577,1.9542
5362,0.7927,1.8738,1.9688
5363,0.7939,1.9011,1.9775
5364,0.7926,1.8550,1.9693
5365,0.7943,1.9013,1.9672
5366,0.7883,1.8558,1.9731
5367,0.7867,1.8716,1.9778
5368,0.7867,1.8552,1.9758
5369,0.8000,1.8548,1.9485
5370,0.7970,1.8580,1.9507
5371,0.7974,1.8562,1.9542
5372,0.8154,1.8545,1.9658
5373,0.8009,1.9160,1.9745
5374,0.7997,1.8555,1.9520
5375,0.7986,1.9005,1.9472
5376,0.7982,1.8548,1.9548
5377,0.7984,1.8535,1.9569
5378,0.7991,1.8828,1.9848
5379,0.7890,1.8787,1.9710
5380,0.7887,1.8787,1.9718
5381,0.7886,1.8794,1.9753
5382,0.7893,1.8806,1.9728
5383,0.7889,1.8963,1.9840
5384,0.7897,1.8557,1.9638
5385,0.8095,1.8555,1.9621
5386,0.7973,1.8557,1.9600
5387,0.7959,1.8557,1.9680
5388,0.7966,1.8557,1.9834
5389,0.7963,1.8722,1.9571
5390,0.7969,1.8572,1.9574
5391,0.7970,1.8583,1.9740
5392,0.7962,1.8571,1.9567
5393,0.7966,1.8563,1.9883
5394,0.7966,1.8723,1.9576
5395,0.7966,1.8539,1.9506
5396,0.7901,1.8544,1.9513
5397,0.8048,1.8551,1.9439
5398,0.8001,1.8597,1.9680
5399,0.8002,1.9190,1.9719
5400,0.8005,1.8593,1.9705
5401,0.8005,1.8582,1.9676
5402,0.7970,1.8598,1.9657
5403,0.7966,1.8582,1.9840
5404,0.7973,1.8642,1.9596
5405,0.7969,1.9242,1.9609
5406,0.7979,1.8565,1.9642
5407,0.7975,1.8565,1.9520
5408,0.7971,1.8564,1.9836
5409,0.7970,1.8683,1.9524
5410,0.8118,1.8843,1.9412
5411,0.7988,1.8562,1.9409
5412,0.7976,1.8570,1.9438
5413,0.7980,1.8563,1.9914
5414,0.7968,1.8564,1.9486
5415,0.7985,1.9062,1.9479
5416,0.7930,1.8823,1.9476
5417,0.7984,1.8558,1.9465
5418,0.7886,1.9276,1.9631
5419,0.7893,1.8557,1.9515
5420,0.7893,1.8558,1.9637
5421,0.7880,1.9231,1.9639
5422,0.8058,1.8584,1.9501
5423,0.7949,1.8682,1.9413
5424,0.7959,1.8593,1.9733
5425,0.7940,1.8560,1.9428
5426,0.7971,1.9021,1.9518
5427,0.7959,1.8584,1.9691
5428,0.7968,1.8567,1.9421
5429,0.7955,1.8561,1.9668
5430,0.7893,1.8559,1.9382
5431,0.7896,1.8919,1.9439
5432,0.7898,1.8561,1.9432
5433,0.7888,1.8573,1.9386
5434,0.7889,1.8563,1.9819
5435,0.8070,1.8571,1.9596
5436,0.7968,1.8580,1.9507
5437,0.7982,1.8978,1.9626
5438,0.7958,1.8490,1.9575
5439,0.7886,1.8508,1.9739
5440,0.7887,1.8514,1.9532
5441,0.7878,1.8510,1.9542
5442,0.7892,1.9283,1.9531
5443,0.7870,1.8607,1.9622
5444,0.7877,1.8616,1.9839
5445,0.7879,1.8563,1.9534
5446,0.7863,1.9203,1.9513
5447,0.7866,2.1361,1.9545
5448,0.8061,2.1571,1.9566
5449,0.7888,1.9112,1.9810
5450,0.7877,1.9869,1.9728
5451,0.7976,2.1339,1.9676
5452,0.7972,2.3519,1.9743
5453,0.7966,2.2864,1.9763
5454,0.7979,2.0666,1.9794
5455,0.7977,1.8649,1.9597
5456,0.7976,1.8679,1.9505
5457,0.7969,1.9517,1.9532
5458,0.7968,1.8711,1.9818
5459,0.8013,1.8658,1.9829
5460,0.8141,1.8707,1.9521
5461,0.7939,1.8734,1.9592
5462,0.7930,1.9512,1.9689
5463,0.7927,1.8696,1.9646
5464,0.7925,1.9118,1.9811
5465,0.7872,1.8636,1.9535
5466,0.7935,1.8571,1.9656
5467,0.7941,1.8553,1.9657
5468,0.7940,1.8977,1.9649
5469,0.7935,1.8575,1.9730
5470,0.7936,1.8588,1.9642
5471,0.7932,1.8615,1.9612
5472,0.7928,1.8580,1.9782
5473,0.8098,1.8778,1.9648
5474,0.7951,1.8565,1.9732
5475,0.7935,1.8565,1.9776
5476,0.7933,1.8557,1.9530
5477,0.7935,1.8561,1.9552
5478,0.7932,1.8995,1.9548
5479,0.7942,1.8687,1.9565
5480,0.7940,1.8737,1.9807
5481,0.7938,1.8709,1.9488
5482,0.7917,1.8721,1.9639
5483,0.7925,1.8729,1.9553
5484,0.7918,1.9614,1.9539
5485,0.8081,1.8555,2.0072
5486,0.7863,1.8556,1.9583
5487,0.7941,1.8563,1.9805
5488,0.7940,1.8698,1.9422
5489,0.7921,1.9164,1.9420
5490,0.7941,1.8573,1.9894
5491,0.7991,1.8580,1.9600
5492,0.7950,1.8573,1.9554
5493,0.7900,1.8571,1.9537
5494,0.7922,1.8940,1.9575
5495,0.7928,1.8561,1.9748
5496,0.7934,1.8554,1.9558
5497,0.7929,1.8579,1.9514
5498,0.8098,1.8567,1.9474
5499,0.7983,1.8579,1.9536
5500,0.7999,1.8734,2.1054
5501,0.8006,1.8549,1.9528
5502,0.8003,1.8549,1.9503
5503,0.8006,1.8727,1.9509
5504,0.7998,1.8575,1.9504
5505,0.8013,2.8417,1.9839
5506,0.8001,1.8731,1.9764
5507,0.7998,1.8564,1.9748
5508,0.8008,1.8562,1.9675
5509,0.8009,1.8560,1.9728
5510,0.8189,1.9195,1.9872
5511,0.7944,1.8578,1.9553
5512,0.7954,1.8590,1.9487
5513,0.7935,1.8583,1.9803
5514,0.7947,1.8585,1.9686
5515,0.7935,1.8874,1.9891
5516,0.7923,1.8585,1.9542
5517,0.7931,1.8581,1.9563
5518,0.7940,1.8591,1.9517
5519,0.7934,1.8605,1.9684
5520,0.7940,1.8735,1.9857
5521,0.7932,1.9078,1.9738
5522,0.7933,1.8609,1.9689
5523,0.8134,1.8579,1.9776
5524,0.7962,1.8599,1.9620
5525,0.7975,1.8583,1.9945
5526,0.7967,1.9320,1.9840
5527,0.7968,1.8577,1.9703
5528,0.7873,1.8573,1.9665
5529,0.7875,1.8569,1.9716
5530,0.7884,1.8565,1.9927
5531,0.7878,1.9051,1.9572
5532,0.7884,1.8595,1.9538
5533,0.7968,1.8585,1.9553
5534,0.7976,1.8598,1.9548
5535,0.7984,1.8607,1.9545
5536,0.8077,1.8623,1.9911
5537,0.7946,1.8857,1.9676
5538,0.7949,1.8507,1.9702
5539,0.7951,1.8526,1.9677
5540,0.7958,1.8525,1.9699
5541,0.7951,1.8501,1.9759
5542,0.7941,1.8991,1.9626
5543,0.7962,1.8575,1.9658
5544,0.7955,1.8588,1.9613
5545,0.7972,1.8640,1.9636
5546,0.7950,1.8590,1.9830
5547,0.7955,1.8588,1.9690
5548,0.8105,1.9336,1.9632
5549,0.7976,1.8597,1.9671
5550,0.7985,1.8699,1.9666
5551,0.7973,1.8604,1.9878
5552,0.7980,1.8575,1.9549
5553,0.7961,1.9126,1.9700
5554,0.7977,1.8581,1.9694
5555,0.7978,1.8569,1.9607
5556,0.7974,1.8575,1.9907
5557,0.7963,1.8587,1.9701
5558,0.7962,1.8821,1.9673
5559,0.7960,1.8571,1.9677
5560,0.7976,1.8578,1.9692
5561,0.8084,1.8566,1.9820
5562,0.7944,1.8582,1.9569
5563,0.7946,1.8562,1.9605
5564,0.7927,1.8726,1.9475
5565,0.7950,1.8555,1.9544
5566,0.7956,1.8578,1.9777
5567,0.7954,1.8573,1.9606
5568,0.7935,1.8614,1.9566
5569,0.7952,1.9204,1.9763
5570,0.7946,1.8608,1.9765
5571,0.7941,1.8553,1.9796
5572,0.7931,1.8603,1.9553
5573,0.8105,1.8597,1.9542
5574,0.8343,1.9177,1.9502
5575,0.7973,1.8565,1.9670
5576,0.7946,1.8622,1.9836
5577,0.7934,1.8583,1.9606
5578,0.7927,1.8583,1.9515
5579,0.7920,1.8588,1.9569
5580,0.8354,1.8721,1.9584
5581,0.7976,1.8574,1.9957
5582,0.7972,1.8557,1.9450
5583,0.7972,1.8550,1.9462
5584,0.7979,1.8558,1.9443
5585,0.7990,2.0078,1.9464
5586,0.8136,1.8562,1.9675
5587,0.7944,1.8564,1.9548
5588,0.7964,1.8558,1.9626
5589,0.7926,1.8685,1.9650
5590,0.7958,1.9061,1.9664
5591,0.7955,1.8559,1.9904
5592,0.7963,1.8577,1.9642
5593,0.7959,1.8554,1.9590
5594,0.7954,1.8568,1.9540
5595,0.7955,1.8582,1.9532
5596,0.7947,1.9034,1.9618
5597,0.7957,1.8563,1.9763
5598,0.8098,1.8584,1.9455
5599,0.7969,1.8575,1.9682
5600,0.7965,1.8587,1.9635
5601,0.7976,1.8927,1.9565
5602,0.7970,1.8550,1.9936
5603,0.7972,1.8575,1.9530
5604,0.7963,1.8563,1.9546
5605,0.7967,1.8561,1.9510
5606,0.7967,1.8702,1.9444
5607,0.7979,1.8456,1.9726
5608,0.7962,1.8460,1.9517
5609,0.7966,1.8456,1.9601
5610,0.7969,1.8454,1.9535
5611,0.8085,1.8460,1.9579
5612,0.7967,1.9040,1.9852
5613,0.7973,1.8565,1.9595
5614,0.7968,1.8570,1.9542
5615,0.7973,1.8567,1.9593
5616,0.7985,1.8593,1.9563
5617,0.7976,1.9047,1.9880
5618,0.7972,1.8569,1.9573
5619,0.7973,1.8587,1.9505
5620,0.7977,1.8577,1.9580
5621,0.7974,1.8582,1.9562
5622,0.7970,1.8599,1.9715
5623,0.8084,1.8700,1.9535
5624,0.7943,1.8558,1.9599
5625,0.7959,1.8560,1.9570
5626,0.7947,1.8564,1.9574
5627,0.7938,1.8552,1.9774
5628,0.7964,1.8713,1.9548
5629,0.7955,1.8565,1.9522
5630,0.7953,1.8567,1.9540
5631,0.7953,1.8555,1.9577
5632,0.7954,1.8560,1.9738
5633,0.7947,1.9115,1.9554
5634,0.7945,1.8566,1.9532
5635,0.7945,1.8559,1.9547
5636,0.8113,1.8557,1.9549
5637,0.8009,1.8581,1.9800
5638,0.7998,1.8539,1.9561
5639,0.7995,1.9068,1.9474
5640,0.7985,1.8556,1.9538
5641,0.7997,1.8578,1.9566
5642,0.7995,1.8582,1.9885
5643,0.8001,1.8579,1.9657
5644,0.8000,1.8718,1.9617
5645,0.8003,1.8561,1.9479
5646,0.7996,1.8562,1.9643
5647,0.7984,1.8555,1.9643
5648,0.8153,1.8567,1.9989
5649,0.7994,1.8965,1.9789
5650,0.8007,1.8542,1.9743
5651,0.8009,1.8547,1.9603
5652,0.8002,1.8585,1.9725
5653,0.8016,1.8569,2.0256
5654,0.8004,1.8570,1.9636
5655,0.8012,1.9161,1.9828
5656,0.8001,1.9021,1.9696
5657,0.8011,1.8563,1.9616
5658,0.8006,1.8565,1.9977
5659,0.8006,1.9053,1.9667
5660,0.8009,2.2296,1.9658
5661,0.8109,2.2832,1.9634
5662,0.7987,2.2435,1.9590
5663,0.7992,1.8595,2.0105
5664,0.7979,1.9021,1.9655
5665,0.7985,1.9267,1.9662
5666,0.7968,1.9024,1.9679
5667,0.7973,1.8558,1.9579
5668,0.7968,1.8659,1.9914
5669,0.7975,1.8535,1.9571
5670,0.7976,1.8829,1.9588
5671,0.7984,1.8553,1.9643
5672,0.7983,1.8567,1.9497
5673,0.8098,1.8541,1.9766
5674,0.7972,1.8552,1.9525
5675,0.7972,1.9094,1.9562
5676,0.7980,1.8570,1.9595
5677,0.7959,1.8563,1.9558
5678,0.7970,1.8575,1.9842
5679,0.7968,1.8703,1.9597
5680,0.7969,1.8525,1.9557
5681,0.7971,1.9074,1.9588
5682,0.7992,1.8550,1.9723
5683,0.7986,1.8538,1.9773
5684,0.7990,1.8543,1.9564
5685,0.7982,1.8545,1.9506
5686,0.8108,1.8839,1.9500
5687,0.7954,1.8498,1.9594
5688,0.7942,1.8548,1.9816
5689,0.7950,1.8528,1.9615
5690,0.7950,1.8510,1.9669
5691,0.7951,1.8517,1.9713
5692,0.7956,1.8847,1.9482
5693,0.7972,1.8567,1.9653
5694,0.7948,1.8574,1.9533
5695,0.7955,1.8551,1.9500
5696,0.7959,1.8537,1.9510
5697,0.7972,1.9174,1.9412
5698,0.8084,1.8578,1.9625
5699,0.7947,1.8569,1.9578
5700,0.7973,1.8571,1.9547
5701,0.7950,1.8563,1.9538
5702,0.7968,1.9010,1.9554
5703,0.7973,1.8549,1.9483
5704,0.7977,1.8572,1.9806
5705,0.7969,1.8554,1.9561
5706,0.7983,1.8589,1.9625
5707,0.7966,1.8575,1.9554
5708,0.7963,1.9133,1.9549
5709,0.7981,1.8558,1.9758
5710,0.7973,1.8555,1.9572
5711,0.8098,1.8547,1.9583
5712,0.7984,1.8550,1.9545
5713,0.7971,1.8683,1.9541
5714,0.7967,1.8558,1.9735
5715,0.7963,1.8570,1.9473
5716,0.7975,1.8568,1.9611
5717,0.7984,1.8571,1.9515
5718,0.7978,1.8861,1.9467
5719,0.7975,1.8507,1.9775
5720,0.7975,1.8523,1.9539
5721,0.7971,1.8539,1.9518
5722,0.7970,1.8474,1.9475
5723,0.8244,1.8525,1.9465
5724,0.7969,1.8693,1.9765
5725,0.7974,1.8584,1.9507
5726,0.7960,1.8577,1.9538
5727,0.7976,1.8518,1.9584
5728,0.7960,1.8564,1.9489
5729,0.7966,1.8690,1.9646
5730,0.7968,1.8531,1.9465
5731,0.7971,1.8518,1.9515
5732,0.7966,1.8521,1.9552
5733,0.7961,1.8537,1.9578
5734,0.7978,1.8525,1.9769
5735,0.7974,1.8655,1.9549
5736,0.8116,1.8526,1.9540
5737,0.7958,1.8533,1.9843
5738,0.7945,1.8521,2.1685
5739,0.7936,1.8510,2.1367
5740,0.7941,1.8614,2.2558
5741,0.7959,1.8462,2.0190
5742,0.7937,1.8475,1.9972
5743,0.7936,1.8473,1.9906
5744,0.7933,1.8462,2.0126
5745,0.7936,2.0806,1.9551
5746,0.7937,2.1455,1.9950
5747,0.7951,1.8592,1.9961
5748,0.8102,1.8607,1.9630
5749,0.7950,1.8700,2.0321
5750,0.7945,1.9395,1.9672
5751,0.7943,1.8732,1.9767
5752,0.7929,1.8572,1.9781
5753,0.7936,1.8707,1.9801
5754,0.7952,1.8573,2.0031
5755,0.7942,1.8538,1.9832
5756,0.7937,1.8808,1.9750
5757,0.7942,1.8567,1.9810
5758,0.7941,1.8584,1.9690
5759,0.7939,1.8563,2.0006
5760,0.7953,1.8562,1.9718
5761,0.8081,1.8831,1.9780
5762,0.7975,1.8504,1.9657
5763,0.7965,1.8515,1.9635
5764,0.7953,1.8531,2.0324
5765,0.7977,1.8481,1.9691
5766,0.7957,2.0392,1.9708
5767,0.7974,1.8563,1.9648
5768,0.7966,1.8556,1.9774
5769,0.7968,1.8565,2.0097
5770,0.7960,1.8573,1.9748
5771,0.7964,1.8561,1.9611
5772,0.7964,1.8679,2.0763
5773,0.7966,1.8567,1.9969
5774,0.8090,1.8550,2.0309
5775,0.7952,1.8571,1.9912
5776,0.7958,1.8572,1.9749
5777,0.7950,1.8818,1.9901
5778,0.7953,1.8497,1.9857
5779,0.7955,1.8502,2.0218
5780,0.7958,1.8497,1.9673
5781,0.7965,1.8505,1.9663
5782,0.7958,1.8499,1.9678
5783,0.7956,1.9268,1.9707
5784,0.7954,1.8556,2.0078
5785,0.7961,1.8565,1.9559
5786,0.8118,1.9027,1.9543
5787,0.7970,1.8614,1.9543
5788,0.7965,1.8699,1.9537
5789,0.7974,1.8507,1.9929
5790,0.7977,1.8500,1.9537
5791,0.7969,1.8505,1.9624
5792,0.7978,1.8510,1.9538
5793,0.7979,1.8628,1.9558
5794,0.7991,1.8560,1.9902
5795,0.7978,1.8560,1.9828
5796,0.7976,1.8557,1.9999
5797,0.7978,1.8553,1.9982
5798,0.7974,1.8558,2.0000
5799,0.8304,1.8671,2.0400
5800,0.7984,1.8557,1.9702
5801,0.7994,1.8561,1.9616
5802,0.7978,1.8570,1.9591
5803,0.7978,1.8557,1.9555
5804,0.7997,1.8677,2.0047
5805,0.7887,1.8570,1.9665
5806,0.7889,1.8560,1.9628
5807,0.7987,1.8556,1.9623
5808,0.7987,1.8548,1.9624
5809,0.7993,1.8703,1.9520
5810,0.7992,1.8540,1.9860
5811,0.8141,1.8558,1.9680
5812,0.7998,1.8552,1.9517
5813,0.8001,1.8544,1.9451
5814,0.7982,1.8551,1.9353
5815,0.8001,1.8671,1.9697
5816,0.7993,1.8547,1.9516
5817,0.7994,1.8538,1.9623
5818,0.7991,1.8555,1.9551
5819,0.7996,1.8552,1.9694
5820,0.7998,1.8686,2.0002
5821,0.8002,1.8561,1.9531
5822,0.7994,1.8562,1.9441
5823,0.7994,1.8549,1.9445
5824,0.8100,1.8557,1.9400
5825,0.7942,1.8556,2.2289
5826,0.7935,1.8682,1.9698
5827,0.7932,1.8543,1.9546
5828,0.7936,1.8548,1.9536
5829,0.7934,1.8548,1.9604
5830,0.7944,1.8553,1.9705
5831,0.7945,1.9674,1.9464
5832,0.7936,2.2063,1.9539
5833,0.7942,1.9466,1.9540
5834,0.7930,1.8723,1.9520
5835,0.7949,1.8870,1.9864
5836,0.8105,1.9570,1.9595
5837,0.7947,1.8764,1.9552
5838,0.7949,1.8811,1.9583
5839,0.7952,1.8657,1.9558
5840,0.7960,1.8604,1.9938
5841,0.7955,1.9148,1.9764
5842,0.7961,1.8568,1.9785
5843,0.7939,1.8608,1.9891
5844,0.7939,1.8560,1.9948
5845,0.7936,1.8558,1.9968
5846,0.7943,1.8642,1.9872
5847,0.7939,1.9972,1.9882
5848,0.7949,1.8600,2.0970
5849,0.8055,1.8529,2.1188
5850,0.7923,1.8550,2.0226
5851,0.7927,1.8525,1.9854
5852,0.7922,1.9346,1.9732
5853,0.7919,1.8566,1.9837
5854,0.7929,1.8582,1.9957
5855,0.7920,1.8575,2.0441
5856,0.7917,1.8574,1.9740
5857,0.7921,1.8917,2.0013
5858,0.7909,1.8553,1.9964
5859,0.7931,1.8576,1.9860
5860,0.7923,1.8584,2.0239
5861,0.8107,1.8574,1.9908
5862,0.7961,1.8581,1.9760
5863,0.7941,1.8732,1.9850
5864,0.7940,1.8572,1.9767
5865,0.7949,1.8574,2.0105
5866,0.7938,1.8573,1.9715
5867,0.7940,1.8564,1.9703
5868,0.7944,1.8828,2.0007
5869,0.7935,1.8588,1.9714
5870,0.7934,1.8576,2.0182
5871,0.7931,1.8547,1.9722
5872,0.7934,1.8569,1.9981
5873,0.7921,1.8724,1.9705
5874,0.8110,1.8572,2.0134
5875,0.7998,1.8555,2.1064
5876,0.8000,1.8561,1.9793
5877,0.8003,1.8553,1.9712
5878,0.8005,1.8562,2.0176
5879,0.8010,1.8716,1.9695
5880,0.8007,1.8548,2.0179
5881,0.8009,1.8547,1.9745
5882,0.8000,1.8563,1.9959
5883,0.8002,1.8562,1.9909
5884,0.8007,1.9353,1.9904
5885,0.8006,1.8555,2.0175
5886,0.8132,1.8538,1.9872
5887,0.7965,1.8549,1.9919
5888,0.7981,1.8546,2.0471
5889,0.7985,1.8542,2.0038
5890,0.7984,1.9491,2.0332
5891,0.7973,1.8803,2.0161
5892,0.7990,1.8827,1.9920
5893,0.7981,1.8718,2.0082
5894,0.7973,1.8757,1.9908
5895,0.7984,1.8892,2.0345
5896,0.7976,1.8560,1.9915
5897,0.7994,1.8567,1.9903
5898,0.7996,1.8571,1.9791
5899,0.8114,1.8557,1.9810
5900,0.7962,1.8720,2.0559
5901,0.7973,1.8550,1.9853
5902,0.7959,1.8544,1.9876
5903,0.7968,1.8590,1.9883
5904,0.7977,1.8572,1.9775
5905,0.7962,1.8509,2.0360
5906,0.7963,1.8681,1.9949
5907,0.7958,1.8552,1.9998
5908,0.7966,1.8551,2.0342
5909,0.7967,1.8552,2.0048
5910,0.7968,1.8555,2.0238
5911,0.8084,1.8656,1.9928
5912,0.7935,1.8548,1.9956
5913,0.7951,1.8544,1.9888
5914,0.7928,1.8545,2.0029
5915,0.7936,1.8555,2.0516
5916,0.7941,1.9076,1.9933
5917,0.7936,1.8573,2.0122
5918,0.7935,1.8563,1.9887
5919,0.7940,1.8589,1.9796
5920,0.7929,1.8582,2.0598
5921,0.7943,1.8594,1.9908
5922,0.7939,1.8712,2.0047
5923,0.7930,1.8583,2.0018
5924,0.8074,1.8557,1.9805
5925,0.7976,1.8569,2.0289
5926,0.7977,1.8574,1.9724
5927,0.7984,2.0101,1.9651
5928,0.7987,1.8552,1.9885
5929,0.7979,1.8557,1.9819
5930,0.7990,1.8566,2.0737
5931,0.7974,1.8565,2.0165
5932,0.7983,1.9041,1.9985
5933,0.7984,1.8570,1.9922
5934,0.7979,1.8580,1.9901
5935,0.7979,1.8580,2.0200
5936,0.7984,1.8539,1.9716
5937,0.8097,1.8630,1.9777
5938,0.7983,1.9304,1.9746
5939,0.7983,1.8978,1.9743
5940,0.7981,1.9325,2.1000
5941,0.7975,1.8581,1.9897
5942,0.7980,1.8591,1.9742
5943,0.7979,1.8719,1.9845
5944,0.7976,1.8535,1.9842
5945,0.7981,1.8530,2.0284
5946,0.7987,1.8550,2.2033
5947,0.7980,1.8561,2.1795
5948,0.7969,1.8706,2.0361
5949,0.8096,1.8550,2.7646
5950,0.7971,1.8560,2.8281
5951,0.7969,1.8559,2.8246
5952,0.7959,1.8551,2.7689
5953,0.7963,1.8553,2.8737
5954,0.7972,1.8728,2.5539
5955,0.7977,1.8832,1.9859
5956,0.7962,1.8566,2.0189
5957,0.7967,1.8567,2.0606
5958,0.7963,1.8585,1.9844
5959,0.7959,1.9367,1.9626
5960,0.7967,1.8559,1.9793
5961,0.7974,1.8580,1.9764
5962,0.8756,1.8562,2.0280
5963,0.7964,1.8588,1.9582
5964,0.7962,1.9096,1.9674
5965,0.7972,1.8757,1.9686
5966,0.7974,1.8522,1.9632
5967,0.7968,1.8548,1.9691
5968,0.7959,1.8565,2.0212
5969,0.7969,1.8577,1.9660
5970,0.7970,1.8781,1.9671
5971,0.7970,1.8553,1.9669
5972,0.7973,1.8557,1.9679
5973,0.7956,1.8547,2.0320
5974,0.8081,1.8560,1.9934
5975,0.7934,1.9561,2.0429
5976,0.7940,1.8571,1.9871
5977,0.7933,1.8597,1.9915
5978,0.7922,1.8698,2.0391
5979,0.7945,1.8569,1.9766
5980,0.7945,1.8558,2.0131
5981,0.7946,1.9230,2.7135
5982,0.7940,1.8573,3.2959
5983,0.7948,1.8588,2.6286
5984,0.7945,1.8573,3.9467
5985,0.7936,1.8553,4.1801
5986,0.7938,1.8927,4.1143
5987,0.8145,1.8557,4.1367
5988,0.8001,1.8549,3.8204
5989,0.8007,1.8630,3.8878
5990,0.7991,1.8568,3.9872
5991,0.8001,1.8768,3.7406
5992,0.8001,1.8550,4.0271
5993,0.8005,1.8543,3.0980
5994,0.8001,1.8545,2.1098
5995,0.7993,1.8547,2.2612
5996,0.7984,1.8553,2.0645
5997,0.7988,1.9038,2.1006
5998,0.7994,1.8552,2.0417
5999,0.8089,1.8584,2.0316
6000,0.7936,1.8581,2.0365
6001,0.7939,1.8590,2.1844
6002,0.7953,1.9098,2.0190
6003,0.7947,1.8557,2.0270
6004,0.8136,1.8574,2.0181
6005,0.7895,1.8586,2.0075
6006,0.7927,1.8575,2.0724
6007,0.7930,1.8856,1.9651
6008,0.7920,1.8572,1.9678
6009,0.7917,1.8568,1.9631
6010,0.7890,1.8567,1.9631
6011,0.7929,1.8594,2.0295
6012,0.8268,1.8577,1.9753
6013,0.7963,1.8841,1.9882
6014,0.7954,1.8573,1.9786
6015,0.7944,1.8568,1.9957
6016,0.7945,1.8574,2.0465
6017,0.7937,1.8567,1.9895
6018,0.7947,1.9084,1.9926
6019,0.7941,1.8558,2.0231
6020,0.7940,1.8580,1.9903
6021,0.7945,1.8584,2.0558
6022,0.7946,1.8579,1.9919
6023,0.7942,1.9139,1.9783
6024,0.8077,1.8556,1.9898
6025,0.7929,1.8569,1.9748
6026,0.7926,1.8566,2.0357
6027,0.7852,1.8562,1.9829
6028,0.7853,1.8566,1.9888
6029,0.7857,1.8718,1.9938
6030,0.7849,1.8547,1.9884
6031,0.7852,1.8548,2.0983
6032,0.7849,1.8561,1.9943
6033,0.7846,1.8551,1.9958
6034,0.7855,1.8661,2.0094
6035,0.7853,1.8559,1.9859
6036,0.7853,1.8547,2.0137
6037,0.7989,1.8546,1.9862
6038,0.7893,1.8552,1.9908
6039,0.7880,1.8558,1.9934
6040,0.7948,1.8716,1.9977
6041,0.7938,1.8534,2.0882
6042,0.7958,1.8541,1.9865
6043,0.7951,1.8548,1.9808
6044,0.7951,1.8565,1.9836
6045,0.7938,1.8713,2.0428
6046,0.7888,1.8572,2.0317
6047,0.7897,1.8562,1.9660
6048,0.7897,1.8573,1.9719
6049,0.8056,1.8568,1.9806
6050,0.7959,1.8689,1.9750
6051,0.7971,1.8543,2.1490
6052,0.7970,1.8557,1.9818
6053,0.7970,1.8563,1.9750
6054,0.7967,1.8565,1.9875
6055,0.7966,1.8561,1.9814
6056,0.7976,1.8670,2.0823
6057,0.7974,1.8554,2.0402
6058,0.7978,1.8552,1.9815
6059,0.7887,1.8554,1.9759
6060,0.7880,1.8567,1.9866
6061,0.7893,1.8682,2.2437
6062,0.8034,1.8560,2.1009
6063,0.8272,1.8563,2.2303
6064,0.7967,1.8553,1.9918
6065,0.7958,1.8553,1.9917
6066,0.7957,1.8676,2.0428
6067,0.7957,1.8562,1.9934
6068,0.7954,1.8565,1.9974
6069,0.8351,1.8564,1.9970
6070,0.8003,1.8554,2.0084
6071,0.7987,1.8559,2.1234
6072,0.7993,1.8661,1.9845
6073,0.7995,1.8557,1.9939
6074,0.8133,1.8558,2.0049
6075,0.7967,1.8550,2.0046
6076,0.7946,1.8548,2.0985
6077,0.7946,1.8703,1.9945
6078,0.7946,1.8531,1.9972
6079,0.7952,1.8545,1.9695
6080,0.7949,1.8836,1.9913
6081,0.7948,1.8500,2.1058
6082,0.7945,1.8520,1.9785
6083,0.7956,1.8693,1.9928
6084,0.7872,1.8518,1.9916
6085,0.7872,1.8529,1.9900
6086,0.7878,1.8510,2.0101
6087,0.8050,1.8515,1.9716
6088,0.8001,1.8693,1.9667
6089,0.7991,1.8516,1.9666
6090,0.7983,1.8520,1.9755
6091,0.7995,1.8521,2.0722
6092,0.7988,1.8515,1.9948
6093,0.7994,1.8765,1.9856
6094,0.7894,1.8542,2.6334
6095,0.7882,1.8544,3.0024
6096,0.7889,1.8541,4.1831
6097,0.7887,1.8548,3.9927
6098,0.7892,1.8539,4.3242
6099,0.7889,1.8696,4.0627
6100,0.8011,1.8542,4.1402
6101,0.7881,1.8544,3.8670
6102,0.7892,1.8561,3.7757
6103,0.7987,1.8548,3.7855
6104,0.7983,1.8786,3.6971
6105,0.7975,1.8732,3.7853
6106,0.7998,1.8738,2.4260
6107,0.7987,1.8725,1.9547
6108,0.7990,1.8738,1.9578
6109,0.7992,1.8908,1.9568
6110,0.7991,1.8816,2.0648
6111,0.7989,1.8830,1.9929
6112,0.8094,1.8823,1.9908
6113,0.7994,1.8828,1.9819
6114,0.8001,1.8828,1.9767
6115,0.7995,1.8946,2.0473
6116,0.7989,1.8815,1.9755
6117,0.7999,1.8831,1.9843
6118,0.8003,1.8830,1.9661
6119,0.7904,1.8817,1.9863
6120,0.7904,1.9024,2.1693
6121,0.7956,1.8547,2.0360
6122,0.7997,1.8523,2.0339
6123,0.7910,1.8508,2.0118
6124,0.7909,1.8502,2.0055
6125,0.8217,1.8676,2.0799
6126,0.7920,1.8558,2.0322
6127,0.7939,1.8565,2.0026
6128,0.7944,1.8569,1.9952
6129,0.7925,1.8574,2.0237
6130,0.7951,1.8565,2.0438
6131,0.7920,1.8743,2.0320
6132,0.7930,1.8576,1.9929
6133,0.7934,1.8575,1.9876
6134,0.7877,1.8559,1.9880
6135,0.7874,1.8557,2.0647
6136,0.7875,1.8681,2.0054
6137,0.8126,1.8509,1.9811
6138,0.7886,1.8500,2.1436
6139,0.7889,1.8504,2.1557
6140,0.7953,1.8503,2.1475
6141,0.8015,1.8502,1.9840
6142,0.7960,1.8933,1.9835
6143,0.7978,1.8554,1.9997
6144,0.7941,1.8547,2.0325
6145,0.7948,1.8542,2.1324
6146,0.7960,1.8554,1.9940
6147,0.7948,1.8704,2.0050
6148,0.7971,1.8553,2.0005
6149,0.7968,1.8562,2.0042
6150,0.8269,1.8546,2.0700
6151,0.8005,1.8546,1.9895
6152,0.7980,1.8713,1.9968
6153,0.8001,1.9020,1.9982
6154,0.7990,1.8560,2.0713
6155,0.7966,1.9022,2.0256
6156,0.7994,1.8551,1.9894
6157,0.7996,1.8557,1.9952
6158,0.7984,1.8777,1.9993
6159,0.7987,1.8476,2.0921
6160,0.7944,1.8465,1.9896
6161,0.7982,1.8470,1.9986
6162,0.8355,1.8469,1.9883
6163,0.7925,1.9268,1.9822
6164,0.7937,1.8566,2.0597
6165,0.7916,1.8577,2.0314
6166,0.7932,1.8575,1.9827
6167,0.7926,1.8562,1.9956
6168,0.7926,1.8884,2.0033
6169,0.7920,1.8553,2.0838
6170,0.7934,1.8551,1.9852
6171,0.7961,1.8554,1.9657
6172,0.7924,1.8524,1.9871
6173,0.7913,1.8520,1.9695
6174,0.7939,1.8745,2.0289
6175,0.8294,1.8559,2.0080
6176,0.7948,1.8564,1.9954
6177,0.7944,1.8552,1.9709
6178,0.7936,1.8559,1.9925
6179,0.7966,1.8727,2.0102
6180,0.7961,1.9016,2.0506
6181,0.7951,1.8550,2.4184
6182,0.7958,1.8997,2.3845
6183,0.7952,1.8563,2.5428
6184,0.7950,1.8767,2.4928
6185,0.7946,1.8558,2.2962
6186,0.7945,1.8553,1.9919
6187,0.8182,1.8551,1.9805
6188,0.7897,1.8567,2.0387
6189,0.7930,1.8559,2.0043
6190,0.7919,1.8731,2.0052
6191,0.7929,1.8538,1.9822
6192,0.7937,1.8538,2.0117
6193,0.7940,1.8550,2.0377
6194,0.7952,1.8559,1.9828
6195,0.7937,1.8722,1.9959
6196,0.7924,1.8500,1.9998
6197,0.7952,1.8492,1.9936
6198,0.7934,1.8499,2.0248
6199,0.7941,1.8502,1.9768
6200,0.8221,1.8494,1.9747
6201,0.7947,1.9168,1.9705
6202,0.7959,1.8564,2.0012
6203,0.7940,1.8577,2.0069
6204,0.7948,1.8576,1.9924
6205,0.7971,1.8570,1.9972
6206,0.7955,1.8859,1.9814
6207,0.7960,1.8571,1.9743
6208,0.7958,1.8590,2.0451
6209,0.7954,1.8573,1.9707
6210,0.7971,1.8583,1.9851
6211,0.7973,1.8796,1.9619
6212,0.7973,1.8579,1.9852
6213,0.8321,1.8558,2.0202
6214,0.7860,1.8563,1.9559
6215,0.7860,1.8575,2.0536
6216,0.7862,1.8571,2.1265
6217,0.7855,1.8655,2.1249
6218,0.7860,1.8511,2.1188
6219,0.7863,1.8504,1.9860
6220,0.7901,1.8513,1.9849
6221,0.7924,1.8514,1.9940
6222,0.7937,1.8639,1.9631
6223,0.7924,1.8553,2.0312
6224,0.7926,1.8558,1.9960
6225,0.8263,1.8577,1.9967
6226,0.7978,1.8572,2.0037
6227,0.7868,1.8567,1.9938
6228,0.7931,1.9101,2.0287
6229,0.7971,1.8561,1.9812
6230,0.7960,1.8575,1.9695
6231,0.7975,1.8577,1.9730
6232,0.7975,1.8562,1.9786
6233,0.7964,1.8707,2.0132
6234,0.7872,1.8691,1.9746
6235,0.7873,1.8557,1.9632
6236,0.7864,1.8557,1.9756
6237,0.7876,1.8549,1.9791
6238,0.8085,1.8809,1.9900
6239,0.7938,1.8565,1.9890
6240,0.7936,1.8581,1.9772
6241,0.7890,1.8580,1.9650
6242,0.7910,1.8594,1.9955
6243,0.7895,1.8565,2.0157
6244,0.7887,1.8827,1.9862
6245,0.7902,1.8503,1.9650
6246,0.7899,1.8519,1.9806
6247,0.7892,1.8540,1.9663
6248,0.7898,1.8646,2.0169
6249,0.7898,1.8696,1.9747
6250,0.8099,1.8552,1.9780
6251,0.7965,1.8530,1.9656
6252,0.7968,1.8558,1.9708
6253,0.7970,1.8563,2.0041
6254,0.7973,1.8735,1.9844
6255,0.7977,1.8517,1.9797
6256,0.8027,1.8521,1.9848
6257,0.7967,1.8513,1.9803
6258,0.7971,1.8516,2.0243
6259,0.7956,1.8528,1.9989
6260,0.7969,1.8613,1.9735
6261,0.7963,1.8511,1.9907
6262,0.7968,1.8511,1.9728
6263,0.8122,1.8491,2.0168
6264,0.7960,1.8514,1.9896
6265,0.7960,1.8645,1.9883
6266,0.7952,1.8542,1.9590
6267,0.7959,1.8516,1.9686
6268,0.7970,1.8527,2.0053
6269,0.7873,1.8524,1.9759
6270,0.7965,1.8513,1.9808
6271,0.7961,2.2041,2.0017
6272,0.7975,1.8561,2.0099
6273,0.7859,1.8573,2.0403
6274,0.7967,1.8567,1.9665
6275,0.8159,1.8551,1.9611
6276,0.7947,1.8895,1.9539
6277,0.7967,1.8570,1.9585
6278,0.7947,1.8575,1.9564
6279,0.7948,1.8564,2.0279
6280,0.7940,1.8557,1.9589
6281,0.7956,1.8875,1.9650
6282,0.7860,1.8609,1.9716
6283,0.7875,1.8576,1.9688
6284,0.7879,1.8589,2.0874
6285,0.7868,1.8595,1.9974
6286,0.7894,1.8865,2.0036
6287,0.7873,1.8969,1.9671
6288,0.8090,1.8512,1.9837
6289,0.7942,1.8977,2.0255
6290,0.7862,1.8536,1.9681
6291,0.7856,1.8540,1.9652
6292,0.7952,1.8893,1.9662
6293,0.7936,1.8575,1.9925
6294,0.7945,1.8585,2.0496
6295,0.8008,1.8576,1.9889
6296,0.7971,1.8574,1.9872
6297,0.7971,1.8915,1.9756
6298,0.7967,1.8508,1.9942
6299,0.7955,1.8510,2.0184
6300,0.7966,1.8528,1.9963
6301,0.8120,1.8530,1.9894
6302,0.7934,1.8544,1.9875
6303,0.8370,2.0233,1.9913
6304,0.8184,1.8752,2.0450
6305,0.8264,1.8981,1.9915
6306,0.8391,1.8571,1.9621
6307,0.8148,1.9047,1.9660
6308,0.8249,1.9369,2.0036
6309,0.8542,1.9554,2.0472
6310,0.8665,1.8564,1.9970
6311,0.7930,1.9033,1.9862
6312,0.7938,1.8582,2.0004
6313,0.8140,1.8929,1.9699
6314,0.7933,1.8557,2.0242
6315,0.7922,1.8555,1.9606
6316,0.7948,1.8600,1.9624
6317,0.7929,1.8567,1.9684
6318,0.7931,1.8703,1.9749
6319,0.7922,1.8474,2.0244
6320,0.7931,1.8477,1.9663
6321,0.7926,1.8475,1.9999
6322,0.7914,1.8481,1.9697
6323,0.7860,1.8470,1.9681
6324,0.7896,1.9090,2.0347
6325,0.8245,1.8518,1.9875
6326,0.7938,1.8521,1.9559
6327,0.7959,1.8981,1.9997
6328,0.7940,1.8515,1.9831
6329,0.7945,1.8674,2.0392
6330,0.8636,1.8519,1.9953
6331,0.9827,1.8508,1.9952
6332,0.8614,1.8501,1.9840
6333,0.7909,1.8512,2.0019
6334,0.7915,1.8508,2.0225
6335,0.7922,1.8680,1.9934
6336,0.7926,1.8564,1.9869
6337,0.8219,1.8559,1.9944
6338,0.7965,1.8562,1.9878
6339,0.7946,1.8568,2.0267
6340,0.7940,1.8687,1.9966
6341,0.7946,1.8575,1.9821
6342,0.7946,1.8572,1.9613
6343,0.7952,1.8563,1.9682
6344,0.7939,1.8577,2.0486
6345,0.7952,1.9164,1.9931
6346,0.7945,1.8583,1.9926
6347,0.7944,1.8587,1.9936
6348,0.7937,1.8625,1.9948
6349,0.7945,1.8576,2.0373
6350,0.8158,1.8589,1.9557
6351,0.7909,1.9139,1.9928
6352,0.7910,1.8729,1.9589
6353,0.7904,1.8565,2.0727
6354,0.7905,1.8573,2.0796
6355,0.7905,1.8618,1.9932
6356,0.7898,1.8792,1.9852
6357,0.7883,1.8571,1.9813
6358,0.7885,1.8572,2.0335
6359,0.7900,1.8580,2.0448
6360,0.7897,1.8545,1.9792
6361,0.7904,1.8772,1.9841
6362,0.7877,1.8557,1.9691
6363,0.8458,1.8531,1.9658
6364,0.7931,1.8525,2.0220
6365,0.7951,1.8533,1.9566
6366,0.7945,1.8527,1.9943
6367,0.7965,1.9221,2.0063
6368,0.7959,1.8596,1.9945
6369,0.7950,1.8550,2.0645
6370,0.7967,1.8605,1.9868
6371,0.7959,1.8590,1.9947
6372,0.7967,1.9256,1.9957
6373,0.7967,1.8813,1.9893
6374,0.7964,1.8825,2.0595
6375,0.8156,1.8764,1.9868
6376,0.7942,1.8792,1.9941
6377,0.7941,1.9006,1.9958
6378,0.7936,1.8517,1.9928
6379,0.7930,1.8520,2.0846
6380,0.7953,1.8559,1.9906
6381,0.7957,1.8527,1.9962
6382,0.7940,1.8565,1.9947
6383,0.7937,1.8880,2.0002
6384,0.7934,1.8560,2.0969
6385,0.7941,1.8567,1.9972
6386,0.7934,1.8617,1.9753
6387,0.7925,1.8589,1.9800
6388,0.8182,1.9348,1.9809
6389,0.7991,1.8571,2.0939
6390,0.8830,1.8566,1.9778
6391,0.8955,1.8593,1.9799
6392,0.9262,1.8594,1.9894
6393,0.9806,1.9014,1.9890
6394,0.9024,1.8788,2.3785
6395,0.9407,1.8568,2.7686
6396,0.8380,1.8600,3.0029
6397,0.8278,1.8591,3.1795
6398,0.7944,1.8599,2.8897
6399,0.8467,1.9000,2.9103
6400,0.7947,1.8562,2.9214
6401,0.7934,1.8560,2.9891
6402,0.7931,1.8567,2.8654
6403,0.7957,1.8583,2.8980
6404,0.7950,1.9042,2.1433
6405,0.7951,1.8552,2.2446
6406,0.7948,1.8547,1.9943
6407,0.7939,1.8684,1.9723
6408,0.7934,1.8562,1.9829
6409,0.7973,1.8568,2.0637
6410,0.7909,1.9019,2.0003
6411,0.7937,1.8578,1.9748
6412,0.8321,1.8585,2.0021
6413,0.7977,1.8553,1.9682
6414,0.7965,1.8563,2.0418
6415,0.7978,1.9155,1.9620
6416,0.7978,1.8566,1.9622
6417,0.7970,1.8579,1.9699
6418,0.7974,1.8581,1.9674
6419,0.7971,1.8593,2.0449
6420,0.7978,1.9506,1.9771
6421,0.7977,1.8565,1.9972
6422,0.7980,1.8565,1.9845
6423,0.7952,1.8588,2.0067
6424,0.8429,1.8573,2.0390
6425,0.7936,1.8575,1.9825
6426,0.7936,1.9025,1.9678
6427,0.7946,1.8583,1.9844
6428,0.7933,1.8574,1.9989
6429,0.7944,1.8586,2.0389
6430,0.7928,1.8585,1.9684
6431,0.7864,1.9140,1.9707
6432,0.7843,1.9020,1.9654
6433,0.7856,1.8587,1.9656
6434,0.7856,1.8571,2.0225
6435,0.7856,1.9013,1.9645
6436,0.7855,1.9012,1.9693
6437,0.8454,1.8562,1.9946
6438,0.7954,1.8563,1.9674
6439,0.7921,1.8577,1.9924
6440,0.7951,1.8571,1.9866
6441,0.7945,1.8591,1.9762
6442,0.7963,1.8701,1.9755
6443,0.7960,1.8560,1.9684
6444,0.7959,1.8555,2.0461
6445,0.7951,1.8555,1.9989
6446,0.7953,1.8564,1.9708
6447,0.7952,1.9014,2.0018
6448,0.7922,1.8577,2.0011
6449,0.8423,1.8574,2.0494
6450,0.7985,1.8575,1.9923
6451,0.7987,1.8580,1.9910
6452,0.7984,1.9075,1.9698
6453,0.7986,1.8554,1.9938
6454,0.7977,1.8562,2.0395
6455,0.7979,1.8575,2.0016
6456,0.7973,1.8578,1.9883
6457,0.7945,1.8547,1.9906
6458,0.7978,2.0811,1.9978
6459,0.7992,2.3663,2.0422
6460,0.7980,2.2898,1.9571
6461,0.7977,2.3278,2.0025
6462,0.8453,1.9756,1.9999
6463,0.7988,1.8587,1.9673
6464,0.7986,1.8602,2.0782
6465,0.7889,1.8593,1.9902
6466,0.7890,1.8565,2.0120
6467,0.7894,1.8716,1.9751
6468,0.7894,1.9401,1.9987
6469,0.7907,1.8568,2.0280
6470,0.7962,1.8576,1.9797
6471,0.7982,1.8569,1.9954
6472,0.7999,1.8576,1.9947
6473,0.7956,2.0021,1.9831
6474,0.8527,1.8870,2.0306
6475,0.7978,1.8566,1.9884
6476,0.7963,1.8777,1.9750
6477,0.7968,1.8555,1.9973
6478,0.7953,1.9445,1.9860
6479,0.7961,1.8753,1.9916
6480,0.7964,1.8850,2.0145
6481,0.7960,1.8556,2.0326
6482,0.7954,1.8592,1.9989
6483,0.7969,1.8729,1.9974
6484,0.7978,1.8551,2.0552
6485,0.8337,1.8514,2.0080
6486,0.8135,1.8567,1.9765
6487,0.8177,1.8565,1.9733
6488,0.7925,1.8561,1.9738
6489,0.7947,1.9193,2.0370
6490,0.7943,1.8566,1.9926
6491,0.7933,1.8574,1.9914
6492,0.7948,1.8578,1.9905
6493,0.7934,1.8583,1.9925
6494,0.7942,1.9077,2.0134
6495,0.7931,1.8550,1.9964
6496,0.7939,1.8565,1.9926
6497,0.7953,1.8571,1.9641
6498,0.7941,1.8606,1.9942
6499,0.8066,1.8638,2.0109
6500,0.7970,1.9348,1.9932
6501,0.7974,1.8590,1.9674
6502,0.7880,1.8608,1.9966
6503,0.7981,1.8592,1.9981
6504,0.7986,1.8659,2.0229
6505,0.7981,1.9399,1.9799
6506,0.7999,1.8561,1.9665
6507,0.7970,1.8572,1.9837
6508,0.7969,1.8593,1.9684
6509,0.8345,1.8565,1.9980
6510,0.7962,1.9415,1.9744
6511,0.7964,1.8562,1.9874
6512,0.8210,1.8590,1.9763
6513,0.7960,1.8586,1.9742
6514,0.8353,1.8553,1.9888
6515,0.8011,1.8560,1.9783
6516,0.7887,1.9338,1.9734
6517,0.7894,1.8574,1.9559
6518,0.7981,1.8748,1.9538
6519,0.8016,1.8556,1.9788
6520,0.8020,1.8702,1.9701
6521,0.8012,1.9817,1.9548
6522,0.8008,1.8562,1.9631
6523,0.8007,1.8568,1.9640
6524,0.8251,1.8701,1.9611
6525,0.7984,1.8578,2.0459
6526,0.7977,1.8717,1.9515
6527,0.7979,1.8561,1.9535
6528,0.7976,1.8559,1.9667
6529,0.7975,1.8572,1.9541
6530,0.7978,1.8510,2.0514
6531,0.7886,1.8568,1.9751
6532,0.7877,1.9255,2.0021
6533,0.7876,1.8559,2.0058
6534,0.7881,1.8563,2.0063
6535,0.7883,1.8719,2.0648
6536,0.7887,1.8534,1.9808
6537,0.8243,1.9092,2.0073
6538,0.7993,1.8573,1.9913
6539,0.7876,1.8571,1.9678
6540,0.7873,1.8574,2.0344
6541,0.7877,1.8585,1.9932
6542,0.7880,2.0667,1.9712
6543,0.7880,2.3254,1.9864
6544,0.7890,1.8558,1.9751
6545,0.7880,1.8621,2.0531
6546,0.7884,1.8637,1.9901
6547,0.7869,1.9100,1.9674
6548,0.7879,1.8706,1.9932
6549,0.8061,1.8567,1.9897
6550,0.7948,1.8574,2.0702
6551,0.7885,1.8581,1.9798
6552,0.7884,1.8575,1.9718
6553,0.7872,2.0036,1.9699
6554,0.7877,1.8581,2.0003
6555,0.7879,1.8566,2.0144
6556,0.7865,1.8594,1.9681
6557,0.7881,1.8587,1.9692
6558,0.7881,1.8995,1.9649
6559,0.7878,1.8570,1.9679
6560,0.7877,1.8588,1.9813
6561,0.7873,1.8575,1.9672
6562,0.8112,1.8715,1.9648
6563,0.7971,1.8917,1.9690
6564,0.7985,1.8568,1.9671
6565,0.7976,1.8569,1.9980
6566,0.7883,1.8587,2.0010
6567,0.7900,1.8584,1.9867
6568,0.7973,1.8590,2.0022
6569,0.7977,1.9614,1.9416
6570,0.7970,1.8572,2.0738
6571,0.7964,1.8564,1.9733
6572,0.7969,1.8583,1.9683
6573,0.7973,1.8576,1.9782
6574,0.7975,1.9355,2.0024
6575,0.8084,1.8565,2.0492
6576,0.7958,1.8555,1.9765
6577,0.7873,1.8537,1.9924
6578,0.7871,1.8573,1.9871
6579,0.7882,1.9072,1.9733
6580,0.7880,1.8568,2.0313
6581,0.7877,1.8718,1.9994
6582,0.7877,1.8590,1.9869
6583,0.7938,1.8582,1.9800
6584,0.7957,1.8538,1.9819
6585,0.7966,1.8878,2.0232
6586,0.7937,1.8572,1.9931
6587,0.8343,1.8568,1.9847
6588,0.7973,1.8563,1.9951
6589,0.8340,1.8535,1.9922
6590,0.8828,1.9527,2.0071
6591,0.9468,1.8564,1.9891
6592,0.8027,1.8524,1.9899
6593,0.9234,1.8573,1.9895
6594,0.8709,1.8557,1.9814
6595,0.7895,1.9065,2.0333
6596,0.7899,1.8595,1.9933
6597,0.7818,1.8570,1.9923
6598,0.7867,1.8551,1.9913
6599,0.8453,1.8565,1.9957
6600,0.7973,1.8549,2.0290
6601,0.7968,1.9063,1.9904
6602,0.8010,1.8567,1.9926
6603,0.7968,1.8580,1.9851
6604,0.7970,1.8585,1.9935
6605,0.7978,1.8575,2.0401
6606,0.7964,1.9095,1.9860
6607,0.7970,1.8512,1.9873
6608,0.7929,1.8518,1.9840
6609,0.7947,1.8509,1.9710
6610,0.7893,1.8527,2.0195
6611,0.7874,1.9318,1.9936
6612,0.8334,1.8592,1.9951
6613,0.7956,1.8567,1.9734
6614,0.7973,1.8580,1.9748
6615,0.7966,1.8588,2.0721
6616,0.7963,1.8588,1.9943
6617,0.7970,1.9056,1.9923
6618,0.7961,1.8542,1.9785
6619,0.7958,1.8514,1.9965
6620,0.7973,1.8523,2.0673
6621,0.7945,1.8524,1.9902
6622,0.7962,1.9319,1.9869
6623,0.7970,1.8690,1.9953
6624,0.8130,1.8570,2.1015
6625,0.7947,1.8574,2.0300
6626,0.7954,1.8559,1.9757
6627,0.7953,1.9586,1.9860
6628,0.7950,2.3301,1.9835
6629,0.7967,3.5848,1.9772
6630,0.7930,2.7688,2.0168
6631,0.7962,2.3219,1.9699
6632,0.7938,2.2199,1.9772
6633,0.7944,2.2124,1.9660
6634,0.7955,2.2190,1.9738
6635,0.7972,2.1342,2.0730
6636,0.7957,2.4733,1.9780
6637,0.8168,2.2172,1.9718
6638,0.7985,2.1841,1.9650
6639,0.7981,2.1431,1.9892
6640,0.7992,2.1086,2.0565
6641,0.7994,2.7001,2.0931
6642,0.7983,2.0184,2.0134
6643,0.7982,2.0180,1.9902
6644,0.7994,2.0312,1.9950
6645,0.7993,2.0589,2.0121
6646,0.7998,1.9546,1.9795
6647,0.7987,1.9581,1.9978
6648,0.7986,1.9551,1.9950
6649,0.8284,1.9552,1.9785
6650,0.8003,1.9979,2.0978
6651,0.8001,1.9601,1.9961
6652,0.7998,1.9612,2.0033
6653,0.7992,1.9250,2.0091
6654,0.7993,1.9062,1.9860
6655,0.7989,1.9528,2.0525
6656,0.7993,1.9052,1.9914
6657,0.7992,1.9060,1.9681
6658,0.8001,1.9057,1.9891
6659,0.7990,1.9066,1.9862
6660,0.7996,1.9712,2.0646
6661,0.7997,1.9007,1.9975
6662,0.8253,1.9005,1.9913
6663,0.7946,1.9012,1.9864
6664,0.7951,1.9004,1.9856
6665,0.7952,1.9196,2.0437
6666,0.7947,1.8939,1.9960
6667,0.7960,1.8539,1.9857
6668,0.7952,1.8542,1.9633
6669,0.7959,1.8543,2.0059
6670,0.7957,1.8542,2.0403
6671,0.7950,1.8865,1.9911
6672,0.7957,1.8543,1.9909
6673,0.7953,1.8559,1.9820
6674,0.8267,1.8558,1.9853
6675,0.7971,1.8548,2.0041
6676,0.7983,1.9038,1.9549
6677,0.7987,1.8559,1.9927
6678,0.7969,1.8560,1.9922
6679,0.7974,1.8550,1.9913
6680,0.7967,1.8557,1.9957
6681,0.7975,1.8815,1.9677
6682,0.7983,1.8552,1.9643
6683,0.7973,1.8549,1.9717
6684,0.7975,1.8538,1.9688
6685,0.7971,1.8823,1.9882
6686,0.7971,1.8547,1.9882
6687,0.8130,1.9160,2.0144
6688,0.7987,1.8554,1.9600
6689,0.7972,1.8988,2.0228
6690,0.7970,1.8559,1.9953
6691,0.7954,1.8557,1.9816
6692,0.7957,1.8907,1.9632
6693,0.7951,1.8529,1.9678
6694,0.7963,1.8558,1.9607
6695,0.7959,1.8557,2.0265
6696,0.7950,1.8552,1.9611
6697,0.7958,1.8989,1.9613
6698,0.7958,1.8616,2.0136
6699,0.8187,1.8558,1.9816
6700,0.7963,1.8556,2.0381
6701,0.7970,1.8532,1.9485
6702,0.7972,1.8560,1.9743
6703,0.7965,1.8832,1.9695
6704,0.7966,1.8544,1.9672
6705,0.7958,1.8545,2.0175
6706,0.7967,1.8550,1.9688
6707,0.7966,1.8548,2.0482
6708,0.7963,1.8846,2.1460
6709,0.7968,1.8559,2.1582
6710,0.7967,1.8555,2.1529
6711,0.7967,1.8545,1.9926
6712,0.8097,1.8531,1.9858
6713,0.7946,1.8547,1.9978
6714,0.7942,1.8667,1.9618
6715,0.7932,1.8511,1.9931
6716,0.7936,1.8518,1.9725
6717,0.7943,1.8505,1.9440
6718,0.7932,1.8511,1.9610
6719,0.7941,1.8733,1.9622
6720,0.7932,1.8558,2.0828
6721,0.7931,1.8565,1.9481
6722,0.7929,1.8554,1.9747
6723,0.7941,1.8557,1.9702
6724,0.8076,1.8688,1.9582
6725,0.7936,1.8511,2.0322
6726,0.7936,1.8512,1.9976
6727,0.7927,1.8866,2.0009
6728,0.7932,1.8551,2.0002
6729,0.7929,1.8567,1.9992
6730,0.7927,1.8742,2.0307
6731,0.7923,1.8546,1.9953
6732,0.7932,1.8554,1.9756
6733,0.7928,1.8558,1.9981
6734,0.7926,1.8556,2.0059
6735,0.7927,1.8748,2.0356
6736,0.7940,1.8531,2.0047
6737,0.8137,1.8540,1.9844
6738,0.7946,1.8547,1.9920
6739,0.8416,1.8558,2.0025
6740,0.7858,1.8690,2.0522
6741,0.7839,1.8511,1.9873
6742,0.7828,1.8518,1.9971
6743,0.7865,1.8508,1.9572
6744,0.7869,1.8516,1.9526
6745,0.7860,1.8516,2.0278
6746,0.7868,1.8684,1.9653
6747,0.7868,1.8541,2.0011
6748,0.7843,1.8537,1.9916
6749,0.7832,1.8552,1.9660
6750,0.8074,1.8551,2.0037
6751,0.7894,1.8708,1.9683
6752,0.7944,1.8568,1.9696
6753,0.7928,1.8556,1.9645
6754,0.7920,1.8564,1.9555
6755,0.7917,1.8556,1.9788
6756,0.7943,1.8553,1.9546
6757,0.7935,1.8669,1.9528
6758,0.7940,1.8554,2.0213
6759,0.7930,1.8553,2.0047
6760,0.7931,1.8556,2.0056
6761,0.7933,1.8558,2.0352
6762,0.8119,1.8652,1.9933
6763,0.7986,1.8545,1.9469
6764,0.7966,1.8560,1.9824
6765,0.7977,1.8531,1.9953
6766,0.7965,1.8519,1.9685
6767,0.7966,1.8685,1.9702
6768,0.7969,1.8518,1.9614
6769,0.7964,1.8519,1.9682
6770,0.7970,1.8525,1.9920
6771,0.7974,1.8519,1.9723
6772,0.7962,1.8541,1.9722
6773,0.7950,1.8688,1.9613
6774,0.7969,1.8514,1.9556
6775,0.8316,1.8540,1.9675
6776,0.7895,1.8566,1.9663
6777,0.7894,1.8514,1.9672
6778,0.7895,1.8644,1.9723
6779,0.7889,1.8519,1.9782
6780,0.7872,1.8510,1.9979
6781,0.7889,1.8521,1.9584
6782,0.7887,1.8524,1.9523
6783,0.7880,1.8681,1.9385
6784,0.7878,1.8540,1.9466
6785,0.7883,1.8522,1.9686
6786,0.7880,1.8522,2.0581
6787,0.8068,1.8515,1.9986
6788,0.7954,1.8521,1.9998
6789,0.7951,1.8611,2.0018
6790,0.8407,1.8544,2.1168
6791,0.9269,1.8470,1.9888
6792,0.8787,1.8481,1.9970
6793,0.8579,1.8508,1.9941
6794,0.8217,1.8672,1.9915
6795,0.7916,1.8517,2.0486
6796,0.7831,1.8520,1.9926
6797,0.7876,1.8535,1.9888
6798,0.7925,1.8531,1.9586
6799,0.8573,1.8522,1.9770
6800,0.7946,1.8688,1.9947
6801,0.7964,1.8546,2.0395
6802,0.7944,1.8531,2.0280
6803,0.7966,1.8560,2.0279
6804,0.8350,1.8564,2.0398
6805,0.7968,1.8713,2.0495
6806,0.7979,1.8561,2.0231
6807,0.8018,1.8547,2.0282
6808,0.7993,1.8561,2.0169
6809,0.8358,1.8558,2.0096
6810,0.7987,1.8711,2.0432
6811,0.7998,1.9007,2.0182
6812,0.8255,1.8553,2.0271
6813,0.7988,1.8796,2.0651
6814,0.7982,1.9015,2.0301
6815,0.7988,1.8562,2.0898
6816,0.7986,1.8962,2.0064
6817,0.7982,1.8570,2.0741
6818,0.7988,1.8584,2.0359
6819,0.7985,1.9040,2.0231
6820,0.7987,1.8830,2.0148
6821,0.7982,1.8746,1.9834
6822,0.7991,1.8557,2.0426
6823,0.7993,1.8566,1.9705
6824,0.8237,1.8552,2.0196
6825,0.7932,1.8510,2.0307
6826,0.7950,1.8682,2.0000
6827,0.7957,1.8554,1.9936
6828,0.7959,1.9009,1.9669
6829,0.7962,1.8548,2.0031
6830,0.7954,1.9001,2.0171
6831,0.7958,1.8554,2.0055
6832,0.7959,1.8651,2.0176
6833,0.7952,1.8509,1.9876
6834,0.7945,1.8513,2.0208
6835,0.7955,1.8515,2.0233
6836,0.7952,1.8575,1.9922
6837,0.8143,1.8672,1.9889
6838,0.7954,1.8555,1.9936
6839,0.7963,1.8560,1.9784
6840,0.7885,1.8559,2.0161
6841,0.7889,1.8566,1.9964
6842,0.7888,1.8557,1.9653
6843,0.7883,1.8817,1.9562
6844,0.7893,1.8518,1.9889
6845,0.7887,1.8510,2.0102
6846,0.7991,1.8512,1.9633
6847,0.7940,1.8510,2.0022
6848,0.7949,1.8679,2.1274
6849,0.8195,1.8559,1.9950
6850,0.7971,1.8572,2.0481
6851,0.7962,1.8542,1.9577
6852,0.7934,1.8556,1.9828
6853,0.7952,1.8724,2.0414
6854,0.7957,1.8548,1.9951
6855,0.7973,1.8513,2.0449
6856,0.7952,1.8513,1.9574
6857,0.7952,1.8540,1.9435
6858,0.7959,1.8651,1.9496
6859,0.7961,1.8727,1.9490
6860,0.7962,1.8563,2.0277
6861,0.7953,1.8567,1.9974
6862,0.8110,1.8548,1.9905
6863,0.7945,1.8565,1.9947
6864,0.7957,1.8702,1.9999
6865,0.7958,1.8545,2.1014
6866,0.7949,1.8562,1.9981
6867,0.7951,1.8570,1.9941
6868,0.7945,1.8552,1.9942
6869,0.7949,1.8684,1.9784
6870,0.7958,1.8540,2.0265
6871,0.7954,1.8535,1.9762
6872,0.7950,1.8534,2.0072
6873,0.7952,1.8546,1.9983
6874,0.7939,1.8558,2.0032
6875,0.8118,1.8711,2.0194
6876,0.7961,1.8560,1.9678
6877,0.7968,1.8563,1.9814
6878,0.7967,1.8555,1.9807
6879,0.7970,1.8553,1.9797
6880,0.7970,1.8703,2.1004
6881,0.7965,1.8565,1.9933
6882,0.7965,1.8555,1.9930
6883,0.7958,1.8563,1.9906
6884,0.7967,1.8561,1.9914
6885,0.7952,1.8551,2.0653
6886,0.7953,1.8639,2.0129
6887,0.8221,1.8513,2.0076
6888,0.7967,1.8503,1.9997
6889,0.7982,1.8508,2.0042
6890,0.7958,1.8505,2.0406
6891,0.7959,1.8630,1.9730
6892,0.7966,1.8507,1.9822
6893,0.7967,1.8494,1.9663
6894,0.7967,1.8502,1.9926
6895,0.7967,1.8514,1.9914
6896,0.7968,1.8654,1.9718
6897,0.7968,1.8527,1.9566
6898,0.7971,1.8518,1.9678
6899,0.7966,1.8525,1.9891
6900,0.8117,1.8524,2.0057
6901,0.7961,1.8759,1.9594
6902,0.7972,1.8778,1.9529
6903,0.7958,1.8538,1.9513
6904,0.7960,1.8512,1.9474
6905,0.7964,1.8503,1.9650
6906,0.7983,1.8849,2.0046
6907,0.7964,1.9358,2.0004
6908,0.7953,1.8802,2.0300
6909,0.7965,1.8596,1.9948
6910,0.7966,1.8537,2.0637
6911,0.7966,1.8577,1.9523
6912,0.8183,1.8796,1.9412
6913,0.7970,3.0591,1.9390
6914,0.7977,4.0010,1.9533
6915,0.7977,3.1572,1.9670
6916,0.7980,3.7194,1.9543
6917,0.7980,3.6941,1.9587
6918,0.7978,3.2882,1.9520
6919,0.7974,3.4804,1.9487
6920,0.7984,3.1507,1.9697
6921,0.7970,3.2249,1.9560
6922,0.7986,2.6554,1.9556
6923,0.7984,2.6390,1.9534
6924,0.7984,2.3909,1.9550
6925,0.8104,1.8959,1.9735
6926,0.7991,1.8557,1.9548
6927,0.7988,1.8572,1.9439
6928,0.7983,1.8564,1.9574
6929,0.7986,1.8574,1.9543
6930,0.7977,1.8576,1.9560
6931,0.7974,1.8966,1.9870
6932,0.7978,1.8554,1.9556
6933,0.7971,1.8552,1.9540
6934,0.7985,1.8551,1.9510
6935,0.7970,1.8545,1.9494
6936,0.7978,1.8708,2.0018
6937,0.8085,1.8538,1.9859
6938,0.7961,1.8534,1.9856
6939,0.7958,1.8566,1.9840
6940,0.7969,1.8554,1.9850
6941,0.7967,1.8702,1.9865
6942,0.7967,1.8585,1.9569
6943,0.7974,1.8582,1.9482
6944,0.7970,1.8572,1.9515
6945,0.7974,1.8581,1.9498
6946,0.7970,1.8568,1.9922
6947,0.7974,1.9051,1.9751
6948,0.7962,1.8470,1.9711
6949,0.7967,1.8462,1.9775
6950,0.8085,1.8461,1.9677
6951,0.7971,1.8464,2.0544
6952,0.7963,1.8778,1.9785
6953,0.7967,1.8508,1.9931
6954,0.7966,1.8514,1.9920
6955,0.7970,1.8513,1.9807
6956,0.7968,1.8499,2.0091
6957,0.7959,1.8500,1.9953
6958,0.7967,1.8706,2.1954
6959,0.7964,1.8519,2.1278
6960,0.7966,1.8582,2.2060
6961,0.7971,1.8514,2.0408
6962,0.8080,1.8514,1.9927
6963,0.7955,1.8670,1.9578
6964,0.7960,1.8498,1.9492
6965,0.7953,1.8497,1.9976
6966,0.7952,1.8498,2.0448
6967,0.7955,1.8497,1.9950
6968,0.7949,1.8638,1.9895
6969,0.7957,1.8923,1.9773
6970,0.7949,1.8464,1.9934
6971,0.7949,1.8462,2.0731
6972,0.7964,1.8909,1.9828
6973,0.7963,1.8460,1.9964
6974,0.7952,1.8671,1.9960
6975,0.8078,1.8551,1.9979
6976,0.7953,1.8557,2.0701
6977,0.7951,1.8554,1.9858
6978,0.7958,1.8554,1.9892
6979,0.7956,1.8722,1.9978
6980,0.7955,1.8550,2.0019
6981,0.7947,1.8554,2.0225
6982,0.7954,1.8543,1.9946
6983,0.7946,1.8563,1.9943
6984,0.7955,1.8718,1.9812
6985,0.7954,1.8578,1.9977
6986,0.7950,1.8590,1.9933
6987,0.8087,1.8601,1.9903
6988,0.8352,1.8587,1.9834
6989,0.7992,1.8604,1.9935
6990,0.7990,1.8724,1.9887
6991,0.7993,1.8514,2.0009
6992,0.8005,1.8956,1.9709
6993,0.8003,1.8561,1.9818
6994,0.8357,1.8570,1.9888
6995,0.7948,1.8741,1.9968
6996,0.7966,1.8655,2.0661
6997,0.7956,1.8563,1.9922
6998,0.7962,1.8603,1.9965
6999,0.7961,1.9178,1.9796
7000,0.8120,1.8593,1.9678
7001,0.7997,1.9299,2.0141
7002,0.7987,1.8554,1.9768
7003,0.7991,1.8567,1.9772
7004,0.7999,1.8696,1.9836
7005,0.7983,1.8562,1.9854
7006,0.8000,1.8759,1.9926
7007,0.7990,1.8550,1.9512
7008,0.8004,1.8601,1.9488
7009,0.7985,1.8556,1.9551
7010,0.8000,1.8523,1.9478
7011,0.7983,1.8754,2.0192
7012,0.8091,1.8558,1.9957
7013,0.7956,1.8570,2.0014
7014,0.7941,1.8571,1.9995
7015,0.7959,1.8562,1.9858
7016,0.7939,1.8558,2.0390
7017,0.7938,1.8847,1.9897
7018,0.7926,1.8655,1.9804
7019,0.7938,1.8603,1.9896
7020,0.7947,1.8747,1.9762
7021,0.7946,1.8597,2.0123
7022,0.7936,1.8793,1.9973
7023,0.7946,1.8572,1.9729
7024,0.7945,1.8603,1.9686
7025,0.8103,1.8740,1.9692
7026,0.7957,1.8697,2.0112
7027,0.7952,1.9035,1.9579
7028,0.7966,1.8575,1.9753
7029,0.7961,1.8567,1.9691
7030,0.7974,1.8618,1.9622
7031,0.7975,1.8610,1.9845
7032,0.7963,1.8660,1.9600
7033,0.7959,1.9003,1.9675
7034,0.7961,1.8530,1.9665
7035,0.7965,1.8532,1.9649
7036,0.7975,1.8529,2.0741
7037,0.8125,1.8522,1.9985
7038,0.7951,1.8880,1.9668
7039,0.7967,1.8526,2.0006
7040,0.7952,1.8512,1.9988
7041,0.7944,1.8520,2.0103
7042,0.7955,1.8519,1.9832
7043,0.7956,1.8831,1.9741
7044,0.7959,1.8522,1.9882
7045,0.8139,1.8508,1.9959
7046,0.7937,1.8512,2.0331
7047,0.7932,1.8513,1.9651
7048,0.7911,1.8560,1.9659
7049,0.7922,1.8784,1.9736
7050,0.8254,1.8523,1.9633
7051,0.7918,1.8866,2.0095
7052,0.7932,1.8623,1.9872
7053,0.7937,1.8697,1.9854
7054,0.7927,1.8913,1.9750
7055,0.7937,1.8505,1.9796
7056,0.7933,1.8462,1.9985
7057,0.7937,1.8459,1.9561
7058,0.7927,1.8488,1.9565
7059,0.7943,1.8636,1.9607
7060,0.7936,1.8773,1.9636
7061,0.7939,1.8557,1.9788
7062,0.8061,1.8540,1.9604
7063,0.7932,1.8512,1.9606
7064,0.7925,1.8517,1.9600
7065,0.7929,1.8745,1.9596
7066,0.7935,1.8552,1.9744
7067,0.7934,1.8542,1.9662
7068,0.7941,1.8547,1.9598
7069,0.7931,1.8536,1.9635
7070,0.7939,1.8894,1.9619
7071,0.7936,1.8542,2.0411
7072,0.7934,1.8558,1.9666
7073,0.7940,1.8905,1.9717
7074,0.7950,1.8570,1.9578
7075,0.8133,1.8570,1.9537
7076,0.8018,1.8909,2.0198
7077,0.8011,1.8586,1.9804
7078,0.8007,1.8576,1.9793
7079,0.8007,1.9379,1.9864
7080,0.8008,1.8563,2.0047
7081,0.8019,1.8782,1.9738
7082,0.8008,1.8569,1.9557
7083,0.8011,1.8575,1.9518
7084,0.8002,1.8525,1.9460
7085,0.7992,1.8533,1.9441
7086,0.8007,1.8813,1.9670
7087,0.8136,1.8510,1.9827
7088,0.7990,1.8507,1.9770
7089,0.7992,1.8513,1.9822
7090,0.7990,1.8520,1.9792
7091,0.7992,1.8507,2.0116
7092,0.7992,1.8798,1.9959
7093,0.7998,1.8565,1.9981
7094,0.7987,1.8604,1.9972
7095,0.7998,1.8569,1.9992
7096,0.7985,1.8568,1.9680
7097,0.7993,1.8820,1.9855
7098,0.7995,1.8699,1.9682
7099,0.7974,1.8569,1.9693
7100,0.8247,1.8559,1.9810
7101,0.7982,1.8560,1.9793
7102,0.7977,1.8740,2.0023
7103,0.7970,1.8576,1.9660
7104,0.7976,1.8560,1.9704
7105,0.7972,1.8556,1.9652
7106,0.7979,1.8552,1.9679
7107,0.7977,1.8558,1.9823
7108,0.7939,1.8725,1.9697
7109,0.7942,1.8551,1.9659
7110,0.7936,1.8566,1.9635
7111,0.7937,1.8558,1.9735
7112,0.8105,1.8562,1.9809
7113,0.7900,1.8683,1.9707
7114,0.7930,1.8509,1.9704
7115,0.7947,1.8479,1.9688
7116,0.8000,1.8502,1.9732
7117,0.7946,1.8463,2.0736
7118,0.7956,1.8527,2.0008
7119,0.7947,1.8736,1.9973
7120,0.7956,1.8560,1.9819
7121,0.7943,1.8556,1.9918
7122,0.7950,1.8546,2.0355
7123,0.7955,1.8574,1.9740
7124,0.7948,1.8721,1.9661
7125,0.8155,1.8639,1.9731
7126,0.7941,1.8506,1.9955
7127,0.7926,1.8493,2.1449
7128,0.7926,1.8502,1.9854
7129,0.7938,1.8691,1.9875
7130,0.7947,1.8509,1.9946
7131,0.7953,1.8496,2.0002
7132,0.7954,1.8515,2.0839
7133,0.7949,1.8501,1.9980
7134,0.7973,1.8568,1.9752
7135,0.7975,1.8759,1.9844
7136,0.7970,1.8573,1.9927
7137,0.7979,1.8594,2.0600
7138,0.8256,1.8607,1.9998
7139,0.7954,1.8562,1.9928
7140,0.7855,1.8828,2.0022
7141,0.7958,1.8581,1.9930
7142,0.7949,1.8672,2.0339
7143,0.7935,1.8541,1.9992
7144,0.7945,1.8519,1.9973
7145,0.7943,1.8535,1.9788
7146,0.7945,1.8823,1.9854
7147,0.7941,1.8570,2.0163
7148,0.7944,1.8566,1.9862
7149,0.7939,1.8553,1.9875
7150,0.8142,1.8562,1.9884
7151,0.7899,1.8702,1.9869
7152,0.7905,1.8504,2.0243
7153,0.7908,1.8515,1.9965
7154,0.7912,1.8518,2.0007
7155,0.7910,1.8468,1.9992
7156,0.7911,1.9192,1.9960
7157,0.7912,1.8591,2.0695
7158,0.7908,1.8559,1.9896
7159,0.7906,1.8585,2.0100
7160,0.7909,1.8560,2.0050
7161,0.7910,1.8612,1.9958
7162,0.7899,1.8773,2.0096
7163,0.8097,1.8582,1.9590
7164,0.7943,1.8589,1.9643
7165,0.7954,1.9166,1.9627
7166,0.7963,1.8586,1.9672
7167,0.7945,1.8860,2.0295
7168,0.7952,1.8494,1.9689
7169,0.7935,1.8500,1.9961
7170,0.7954,1.8475,1.9732
7171,0.7950,1.8502,1.9934
7172,0.7947,1.8692,2.0008
7173,0.7947,1.8546,1.9703
7174,0.7981,1.8556,1.9595
7175,0.8120,1.8549,1.9668
7176,0.7923,1.8548,1.9889
7177,0.7928,1.8547,2.0883
7178,0.7929,1.8855,1.9844
7179,0.7929,1.8525,1.9725
7180,0.7947,1.8539,1.9920
7181,0.7928,1.8530,1.9848
7182,0.7931,1.9182,2.0126
7183,0.7940,1.8752,2.5724
7184,0.7944,1.8513,2.9151
7185,0.7937,1.8526,3.1802
7186,0.7939,1.8521,2.9257
7187,0.7923,1.8518,2.8700
7188,0.8110,1.8683,2.8786
7189,0.7960,1.8624,2.9383
7190,0.7971,1.8565,2.8767
7191,0.7974,1.8683,2.3125
7192,0.7964,1.8540,2.0140
7193,0.8006,1.8552,2.0981
7194,0.7935,1.8707,1.9855
7195,0.7934,1.8527,1.9627
7196,0.7927,1.8523,1.9969
7197,0.7927,1.8646,1.9799
7198,0.7929,1.8520,2.0608
7199,0.7927,1.8683,1.9989
7200,0.8112,1.8500,1.9809
7201,0.7955,1.8503,1.9984
7202,0.7942,1.8518,1.9873
7203,0.7944,1.8512,2.0562
7204,0.7956,1.8514,1.9855
7205,0.7964,1.8736,1.9833
7206,0.7955,1.8562,1.9691
7207,0.7946,1.8558,1.9820
7208,0.7943,1.8567,2.0499
7209,0.7951,1.8564,1.9815
7210,0.7947,1.8896,1.9946
7211,0.7964,1.8548,1.9971
7212,0.7954,1.8519,1.9904
7213,0.8134,1.8530,2.1211
7214,0.7906,1.8528,2.1432
7215,0.7927,1.8689,2.1604
7216,0.7906,1.8550,2.0902
7217,0.7903,1.8551,1.9981
7218,0.7907,1.8551,2.1138
7219,0.7911,1.8552,2.0032
7220,0.7907,1.8575,1.9858
7221,0.7918,1.8718,1.9710
7222,0.7910,1.8516,1.9982
7223,0.7910,1.8513,2.0365
7224,0.7916,1.8510,1.9661
7225,0.7907,1.8515,1.9916
7226,0.8121,1.8703,1.9760
7227,0.7962,1.8546,1.9650
7228,0.7979,1.8534,2.0841
7229,0.7969,1.8538,1.9906
7230,0.7974,1.8539,1.9856
7231,0.7967,1.8545,1.9705
7232,0.7974,1.8811,1.9901
7233,0.7968,1.8519,2.0319
7234,0.7972,1.8531,1.9816
7235,0.7968,1.8528,1.9746
7236,0.7972,1.8528,2.0623
7237,0.7973,1.8703,2.0676
7238,0.8231,1.8551,2.0798
7239,0.7951,1.8559,1.9965
7240,0.7912,1.8565,2.0137
7241,0.7929,1.8558,1.9584
7242,0.7918,1.9676,2.0126
7243,0.7919,1.8564,2.0618
7244,0.7920,1.8552,1.9613
7245,0.7915,1.8562,1.9887
7246,0.7908,1.8555,1.9694
7247,0.7909,1.8556,1.9699
7248,0.7904,1.8717,2.0957
7249,0.7922,1.8617,1.9840
7250,0.7918,1.8619,1.9991
7251,0.8092,1.8588,1.9770
7252,0.7991,1.8797,1.9977
7253,0.7888,1.9036,2.0391
7254,0.7875,1.8547,1.9879
7255,0.7879,1.8566,1.9979
7256,0.7876,1.8585,1.9561
7257,0.7879,1.8556,1.9602
7258,0.7877,1.9620,1.9838
7259,0.7878,1.8569,1.9670
7260,0.7884,1.8578,1.9735
7261,0.7875,1.8573,1.9566
7262,0.7884,1.8565,1.9490
7263,0.8024,1.8702,1.9982
7264,0.7912,1.8732,1.9703
7265,0.7928,1.8561,1.9693
7266,0.7921,1.8563,1.9725
7267,0.7916,1.8512,1.9681
7268,0.7929,1.8518,2.0495
7269,0.7924,1.8728,1.9932
7270,0.7916,1.8572,2.0361
7271,0.7924,1.8571,1.9815
7272,0.7923,1.8564,1.9826
7273,0.7915,1.8560,1.9998
7274,0.7926,1.8692,1.9653
7275,0.7925,1.8556,1.9722
7276,0.8111,1.8511,1.9864
7277,0.7936,1.8525,1.9833
7278,0.7930,1.8524,1.9954
7279,0.7940,1.8526,2.0304
7280,0.7927,1.8697,1.9938
7281,0.7937,1.8549,2.0247
7282,0.7939,1.8570,1.9931
7283,0.7943,1.8560,2.0491
7284,0.7934,1.8515,1.9620
7285,0.7952,2.1411,1.9881
7286,0.7933,1.8588,1.9870
7287,0.7947,1.8579,1.9792
7288,0.7932,1.8574,2.0663
7289,0.8079,1.8569,2.0851
7290,0.7927,1.8786,2.1097
7291,0.7925,1.8556,2.2244
7292,0.7930,1.8557,1.9856
7293,0.7919,1.8566,2.0134
7294,0.7913,1.8559,1.9900
7295,0.7929,1.8575,1.9897
7296,0.7928,1.8699,1.9593
7297,0.7945,1.8567,1.9473
7298,0.7927,1.8566,2.3242
7299,0.7945,1.8566,2.3474
7300,0.7953,1.8553,2.4299
7301,0.8101,1.8718,2.6612
7302,0.7989,1.8515,2.8130
7303,0.8000,1.8561,2.7680
7304,0.8006,1.8560,2.7764
7305,0.7992,1.8562,2.7010
7306,0.8000,1.8563,2.7499
7307,0.8010,1.8762,2.7023
7308,0.7993,1.8523,2.7037
7309,0.7996,1.8520,2.7508
7310,0.8006,1.8517,2.7046
7311,0.7994,1.8522,2.7619
7312,0.7995,1.8709,2.6784
7313,0.8003,1.8527,2.7613
7314,0.8146,1.8513,2.3256
7315,0.8006,1.8514,2.0124
7316,0.7996,1.8513,2.0385
7317,0.7992,1.8655,2.1885
7318,0.7991,1.8559,2.0097
7319,0.7993,1.8570,1.9594
7320,0.7987,1.8550,1.9843
7321,0.8006,1.8575,1.9687
7322,0.7993,1.8552,2.0081
7323,0.7985,1.8702,1.9649
7324,0.7999,1.8544,1.9811
7325,0.7989,1.8539,1.9868
7326,0.8157,1.8552,1.9882
7327,0.7954,1.8555,2.0090
7328,0.7975,1.8710,1.9619
7329,0.7972,1.8542,1.9826
7330,0.7968,1.8550,1.9861
7331,0.7964,1.8552,1.9911
7332,0.7981,1.8541,2.0269
7333,0.7964,1.8693,2.0097
7334,0.7983,1.8560,1.9961
7335,0.7979,1.8608,2.0402
7336,0.7974,1.8588,1.9967
7337,0.7973,1.8573,2.0977
7338,0.7968,1.8593,1.9507
7339,0.8085,1.8922,1.9713
7340,0.7876,1.8687,2.0061
7341,0.7876,1.8535,1.9823
7342,0.7960,1.8526,2.0676
7343,0.9567,1.8534,2.0060
7344,0.9444,1.8861,1.9993
7345,0.8192,1.8888,2.0360
7346,0.8721,1.8565,1.9794
7347,0.8942,1.8577,2.0302
7348,0.9410,1.8572,2.0004
7349,0.8355,1.8582,1.9461
7350,0.8475,1.8838,2.0084
7351,0.7890,1.8502,1.9868
7352,0.7902,1.8548,2.0269
7353,0.7937,1.8497,1.9817
7354,0.7977,1.8522,2.0070
7355,0.7894,1.8825,2.0099
7356,0.7920,1.8532,2.0263
7357,0.7889,1.8508,2.0639
7358,0.7919,1.8523,2.0059
7359,0.7892,1.8519,1.9953
7360,0.7931,1.8908,1.9790
7361,0.7916,1.8794,2.0034
7362,0.7940,1.8591,2.0918
7363,0.8447,1.8586,1.9825
7364,0.7950,1.8595,2.0006
7365,0.7957,1.8612,1.9974
7366,0.7958,1.8813,2.0674
7367,0.7952,1.9269,2.0983
7368,0.7968,1.8579,2.0097
7369,0.7953,1.8569,1.9932
7370,0.7957,1.8574,1.9958
7371,0.7947,1.8848,1.9940
7372,0.7969,1.8553,2.0869
7373,0.7960,1.8573,2.0061
7374,0.7961,1.8578,1.9964
7375,0.8518,1.8581,2.0010
7376,0.7949,1.8703,1.9897
7377,0.7958,1.8550,2.0980
7378,0.7958,1.8562,1.9832
7379,0.7963,1.8565,1.9981
7380,0.7948,1.8560,2.1118
7381,0.7949,1.8566,2.9048
7382,0.7953,1.9074,2.8526
7383,0.7954,1.8571,3.5327
7384,0.7860,1.8586,2.5607
7385,0.7946,1.8591,2.0218
7386,0.7953,1.8558,1.9909
7387,0.7948,1.8737,1.9701
7388,0.8213,1.8571,1.9845
7389,0.7942,1.8555,1.9935
7390,0.7960,1.8555,2.0194
7391,0.7943,1.8572,2.0306
7392,0.7948,1.8733,1.9784
7393,0.7955,1.8578,2.0337
7394,0.7888,1.8562,1.9899
7395,0.7877,1.8571,2.0218
7396,0.7883,1.8568,1.9809
7397,0.7880,1.8579,1.9872
7398,0.7868,1.8662,1.9842
7399,0.7874,1.8491,1.9873
7400,0.8043,1.8534,1.9924
7401,0.7990,1.8500,1.9885
7402,0.7994,1.8493,1.9882
7403,0.7987,1.8633,1.9663
7404,0.7976,1.8542,1.9749
7405,0.7982,1.8516,2.0139
7406,0.7994,1.8544,2.0213
7407,0.7980,1.8531,1.9915
7408,0.7984,1.8541,2.0316
7409,0.7983,1.8924,1.9854
7410,0.7983,1.8800,2.0488
7411,0.7984,1.8796,1.9961
7412,0.8023,1.8803,1.9933
7413,0.8104,1.8799,1.9755
7414,0.7962,1.8775,2.0203
7415,0.7967,1.8565,2.0087
7416,0.7943,1.8567,1.9978
7417,0.7974,1.8564,1.9956
7418,0.7937,1.8558,1.9958
7419,0.7957,1.8737,1.9945
7420,0.7965,1.8524,2.0105
7421,0.7959,1.8522,1.9784
7422,0.7956,1.8523,1.9873
7423,0.7909,1.8525,1.9861
7424,0.7869,1.8543,1.9629
7425,0.7883,1.8921,2.0048
7426,0.8147,1.8680,1.9974
7427,0.7961,1.8546,1.9890
7428,0.7952,1.8575,1.9573
7429,0.7944,1.8541,1.9708
7430,0.7960,1.8797,2.0228
7431,0.7959,1.8551,2.0182
7432,0.7952,1.8843,1.9797
7433,0.7968,1.8596,2.0021
7434,0.7958,1.8570,1.9594
7435,0.7959,1.8867,2.0465
7436,0.7960,1.8609,1.9762
7437,0.7952,1.8624,1.9896
7438,0.8118,1.9278,1.9735
7439,0.7976,1.8520,1.9723
7440,0.7976,1.8518,2.0642
7441,0.7980,1.8918,1.9962
7442,0.7874,1.8568,1.9957
7443,0.7875,1.8807,1.9971
7444,0.7881,1.8569,1.9727
7445,0.7870,1.8687,2.0403
7446,0.7880,1.8865,2.0129
7447,0.7869,1.8577,1.9671
7448,0.7868,1.8565,2.0101
7449,0.7875,2.7403,1.9687
7450,0.7959,3.7374,2.1782
7451,0.8124,3.1297,2.1146
7452,0.8018,3.6766,2.3114
7453,0.8015,4.4585,2.1229
7454,0.7996,2.2097,2.0187
7455,0.8002,1.9127,2.0435
7456,0.7963,1.9224,1.9765
7457,0.7992,2.0646,2.0000
7458,0.8008,1.9160,1.9675
7459,0.7990,1.9108,1.9905
7460,0.7914,1.9212,2.0624
7461,0.8056,1.9149,1.9835
7462,0.8032,1.9056,1.9666
7463,0.8395,1.9665,1.9895
7464,0.8035,1.9075,1.9860
7465,0.7992,1.9070,2.0449
7466,0.7981,1.8825,1.9654
7467,0.7981,1.8567,1.9955
7468,0.7981,1.8788,1.9898
7469,0.7986,1.8550,1.9966
7470,0.8005,1.8561,2.0245
7471,0.7933,1.8556,1.9825
7472,0.7910,1.8555,1.9570
7473,0.7929,1.8833,1.9677
7474,0.7948,1.8464,1.9920
7475,0.7935,1.8451,2.0349
7476,0.8390,1.8448,1.9934
7477,0.7949,1.8461,1.9819
7478,0.7997,1.8454,1.9926
7479,0.7976,1.8936,1.9903
7480,0.7913,1.8992,2.0143
7481,0.7960,1.8520,1.9870
7482,0.7945,1.8975,1.9615
7483,0.7962,1.8543,1.9619
7484,0.7965,1.8739,1.9714
7485,0.7961,1.8551,2.0328
7486,0.7960,1.8532,1.9678
7487,0.7959,1.8505,1.9701
7488,0.8225,1.8556,1.9826
7489,0.7971,1.8847,1.9833
7490,0.7956,1.8557,1.9831
7491,0.7959,1.8523,1.9516
7492,0.7959,1.8563,1.9798
7493,0.7972,1.8538,1.9649
7494,0.7950,1.8548,1.9552
7495,0.7954,1.8752,1.9904
7496,0.7948,1.8551,1.9747
7497,0.7960,1.8553,1.9623
7498,0.7963,1.8542,1.9588
7499,0.7960,1.8554,1.9745
7500,0.7959,1.8807,1.9790
7501,0.8194,1.8796,1.9669
7502,0.8001,1.9156,1.9816
7503,0.7996,2.2333,1.9977
7504,0.7987,2.0838,1.9532
7505,0.7981,1.9450,2.0477
7506,0.7986,1.8653,1.9912
7507,0.7998,1.8601,1.9649
7508,0.7983,1.8595,1.9900
7509,0.7994,1.8721,1.9928
7510,0.7990,1.9314,2.0238
7511,0.7995,1.8573,1.9630
7512,0.7989,1.8580,1.9834
7513,0.8120,1.8599,1.9843
7514,0.7894,1.8576,1.9583
7515,0.7901,1.8584,2.0299
7516,0.8002,1.9092,1.9675
7517,0.7994,1.8528,1.9672
7518,0.7988,1.8596,1.9769
7519,0.7876,1.8557,1.9708
7520,0.7884,1.8574,2.0688
7521,0.7981,1.9509,1.9669
7522,0.7991,1.8567,1.9824
7523,0.7994,1.8703,1.9843
7524,0.7999,1.8658,1.9519
7525,0.7982,1.8577,2.0206
7526,0.8118,1.9753,1.9947
7527,0.7963,1.8678,1.9787
7528,0.7963,1.8635,2.0001
7529,0.8002,1.8610,1.9908
7530,0.7963,1.8596,2.0233
7531,0.7957,1.8709,2.0197
7532,0.7870,1.9080,1.9789
7533,0.7867,1.8571,1.9679
7534,0.7879,1.8582,1.9826
7535,0.7866,1.8604,2.0077
7536,0.7876,1.8573,1.9778
7537,0.7875,1.8953,1.9708
7538,0.8158,1.8597,1.9673
7539,0.7987,1.8997,1.9803
7540,0.7969,1.8554,2.0258
7541,0.7960,1.8604,1.9647
7542,0.8372,1.9046,1.9755
7543,0.9312,1.8582,1.9794
7544,0.8697,1.8618,1.9822
7545,0.8821,1.8592,2.0739
7546,0.8964,1.8575,1.9963
7547,0.7887,1.8579,2.0033
7548,0.7900,1.9450,1.9735
7549,0.7907,1.8575,1.9844
7550,0.8489,1.8574,2.0480
7551,0.8209,1.8567,1.9677
7552,0.8216,1.8567,1.9738
7553,0.8403,1.9338,1.9744
7554,0.8239,1.8565,1.9669
7555,0.8232,1.8554,1.9849
7556,0.8249,1.8576,1.9632
7557,0.8587,1.8608,1.9699
7558,0.8565,1.9015,1.9819
7559,0.8014,1.8606,1.9596
7560,0.8127,1.8706,1.9997
7561,0.7969,1.8640,2.0331
7562,0.8103,1.8657,1.9897
7563,0.7960,1.8667,2.0155
7564,0.7949,2.0213,1.9703
7565,0.7958,1.8678,2.0276
7566,0.7951,1.8705,1.9899
7567,0.7948,1.8585,1.9945
7568,0.7958,1.8566,1.9920
7569,0.7951,1.9300,1.9930
7570,0.7942,1.8572,2.0222
7571,0.7964,1.8555,1.9557
7572,0.7973,1.8579,1.9953
7573,0.7972,1.8569,1.9974
7574,0.7974,1.9103,2.0013
7575,0.8212,1.8499,2.0031
7576,0.7971,1.8536,1.9641
7577,0.7958,1.8513,1.9657
7578,0.7957,1.8527,1.9720
7579,0.7960,1.8669,1.9755
7580,0.7955,1.9503,2.0437
7581,0.7960,1.8586,1.9729
7582,0.7965,1.8600,1.9797
7583,0.7952,1.8606,1.9882
7584,0.7982,1.8584,1.9936
7585,0.7933,1.9322,2.0417
7586,0.7919,1.8590,1.9932
7587,0.7845,1.8592,1.9919
7588,0.8238,1.8723,1.9761
7589,0.7941,1.8569,1.9853
7590,0.7963,1.9406,2.0100
7591,0.7829,1.8666,1.9651
7592,0.7829,1.8563,1.9979
7593,0.7837,1.8587,1.9628
7594,0.7831,1.8569,1.9554
7595,0.7835,1.8567,1.9884
7596,0.7838,1.9192,2.0016
7597,0.7837,1.8569,1.9984
7598,0.7845,1.8561,1.9526
7599,0.7841,1.8571,2.0016
7600,0.8096,1.8584,2.0293
7601,0.7873,1.9001,1.9913
7602,0.7838,1.8559,1.9511
7603,0.7969,1.8532,1.9727
7604,0.7950,1.8548,1.9994
7605,0.7957,1.8574,2.0381
7606,0.7837,1.9352,1.9689
7607,0.7835,1.8604,1.9704
7608,0.7865,1.8584,1.9752
7609,0.7845,1.8561,1.9845
7610,0.7858,1.8702,2.0413
7611,0.7942,1.8581,2.0387
7612,0.7921,1.9192,1.9682
7613,0.8364,1.8570,2.0070
7614,0.7927,1.8589,1.9891
7615,0.7935,1.8576,2.0339
7616,0.7916,1.8555,1.9959
7617,0.7927,1.8867,2.0020
7618,0.7916,1.8549,2.0317
7619,0.7920,1.8568,2.0826
7620,0.7932,1.8563,2.0921
7621,0.7923,1.8570,1.9909
7622,0.7925,2.0218,1.9883
7623,0.7920,1.8627,1.9879
7624,0.7920,1.8568,1.9777
7625,0.8076,1.8563,2.0906
7626,0.7952,1.8566,1.9919
7627,0.7950,1.8588,1.9877
7628,0.7947,1.9194,1.9986
7629,0.7961,1.8596,1.9962
7630,0.7952,1.8568,2.0572
7631,0.7951,1.8568,1.9671
7632,0.7941,1.8572,2.0222
7633,0.7950,1.9297,1.9809
7634,0.7955,1.8579,1.9941
7635,0.7951,1.8596,2.0381
7636,0.7962,1.8582,2.0740
7637,0.7952,1.8622,2.0011
7638,0.8089,1.8898,1.9745
7639,0.7896,1.8596,1.9984
7640,0.7902,1.8571,2.0080
7641,0.7891,1.8713,1.9873
7642,0.7900,1.8572,1.9711
7643,0.7943,1.8576,1.9881
7644,0.7946,1.9104,2.0007
7645,0.7944,1.8568,2.0328
7646,0.7951,1.8581,1.9766
7647,0.7954,1.8568,1.9904
7648,0.7969,1.8561,1.9665
7649,0.7955,1.8965,1.9762
7650,0.7936,1.8565,2.0369
7651,0.8093,1.8559,2.0268
7652,0.7948,1.8571,1.9717
7653,0.7959,1.8575,2.0108
7654,0.7936,1.8605,1.9923
7655,0.7947,1.9106,2.0817
7656,0.7939,1.8586,1.9894
7657,0.7940,1.8574,1.9943
7658,0.7941,1.8574,1.9979
7659,0.7931,1.8562,1.9984
7660,0.7933,1.8805,2.0954
7661,0.7936,1.8504,1.9931
7662,0.7938,1.8545,1.9780
7663,0.8204,1.8517,1.9877
7664,0.7908,1.8478,1.9946
7665,0.7903,1.8971,2.0801
7666,0.7904,1.8569,1.9942
7667,0.7905,1.8568,1.9864
7668,0.7907,1.8587,1.9844
7669,0.7910,1.8572,1.9827
7670,0.7930,1.8598,2.0130
7671,0.7944,1.8823,1.9878
7672,0.7903,1.8590,1.9802
7673,0.7890,1.8563,1.9730
7674,0.7932,1.8568,1.9635
7675,0.7920,1.8570,2.0239
7676,0.8097,1.9162,1.9588
7677,0.7903,1.8555,1.9942
7678,0.7917,1.8543,2.0049
7679,0.7900,1.8569,1.9797
7680,0.7911,1.8571,2.0395
7681,0.7898,1.9246,1.9991
7682,0.7903,1.8560,1.9650
7683,0.7909,1.8571,2.0025
7684,0.7907,1.8547,2.0041
7685,0.7899,2.1130,2.0114
7686,0.7904,2.2981,1.9930
7687,0.7905,2.2235,1.9926
7688,0.8059,1.8514,1.9784
7689,0.7907,1.8530,1.9695
7690,0.7902,1.8704,2.0643
7691,0.7897,1.8523,1.9858
7692,0.7890,1.8864,1.9905
7693,0.7901,1.8534,2.1283
7694,0.7905,1.8480,2.1029
7695,0.7900,1.8534,2.0777
7696,0.7894,1.8485,1.9706
7697,0.7908,1.8917,2.0381
7698,0.7891,1.8575,2.1248
7699,0.7890,1.8581,2.1086
7700,0.7895,1.8579,2.2310
7701,0.8113,1.8568,1.9452
7702,0.7931,1.9069,1.9971
7703,0.7924,1.8561,1.9680
7704,0.7909,1.8561,1.9574
7705,0.7920,1.8580,2.0663
7706,0.7914,1.8569,1.9945
7707,0.7917,1.8576,1.9727
7708,0.7920,1.9391,1.9730
7709,0.7919,1.8569,1.9829
7710,0.7917,1.8562,2.0300
7711,0.7915,1.8573,1.9983
7712,0.7924,1.8693,1.9898
7713,0.7912,1.8917,1.9765
7714,0.8082,1.8612,2.0028
7715,0.7902,1.8611,2.0197
7716,0.7916,1.8611,2.0130
7717,0.7915,1.8581,1.9963
7718,0.7928,1.8967,2.0069
7719,0.7920,1.8569,1.9982
7720,0.7912,1.8562,2.0136
7721,0.7919,1.8557,1.9702
7722,0.7917,1.8577,1.9902
7723,0.7921,1.8575,1.9640
7724,0.7910,1.9419,1.9818
7725,0.7923,1.8574,2.0135
7726,0.8070,1.8583,2.0074
7727,0.7922,1.8639,2.0085
7728,0.7891,1.8620,2.0154
7729,0.7896,1.8904,2.0138
7730,0.7897,1.8579,2.0315
7731,0.7899,1.8586,1.9899
7732,0.7886,1.8565,1.9804
7733,0.7901,1.8578,1.9742
7734,0.7896,1.8788,2.0465
7735,0.7904,1.8571,2.0376
7736,0.7895,1.8569,1.9890
7737,0.7910,1.8568,1.9930
7738,0.7900,1.8587,1.9962
7739,0.8065,1.8562,1.9928
7740,0.7900,1.8786,2.0343
7741,0.7873,1.8563,1.9822
7742,0.7890,1.8579,1.9801
7743,0.8708,1.8573,1.9917
7744,0.9109,1.8576,1.9895
7745,0.7968,1.8843,2.0314
7746,0.9371,1.8559,1.9931
7747,0.8058,1.8568,1.9716
7748,0.8011,1.8556,1.9826
7749,0.7871,1.8546,1.9890
7750,0.7895,1.8548,2.0590
7751,0.8317,1.8794,1.9972
7752,0.7906,1.8549,1.9912
7753,0.7975,1.8550,1.9656
7754,0.7921,1.8546,1.9940
7755,0.7928,1.8550,2.0389
7756,0.7922,1.8700,1.9619
7757,0.7928,1.8490,1.9901
7758,0.7938,1.8511,1.9864
7759,0.7939,1.8503,1.9953
7760,0.7918,1.8493,2.0177
7761,0.7936,1.8639,2.0010
7762,0.7941,1.9009,2.0056
7763,0.7943,1.8548,1.9722
7764,0.8111,1.9009,1.9730
7765,0.7911,1.8563,2.0323
7766,0.7915,1.8560,1.9627
7767,0.7934,1.8702,2.0004
7768,0.7917,1.8547,1.9821
7769,0.7904,1.8546,1.9921
7770,0.7904,1.8642,2.0113
7771,0.7914,2.2292,1.9745
7772,0.7904,2.0713,1.9762
7773,0.7916,1.8586,1.9970
7774,0.7910,1.8638,1.9973
7775,0.7918,1.8531,2.0624
7776,0.8138,1.8545,1.9961
7777,0.7933,1.9510,1.9527
7778,0.7949,1.8550,1.9812
7779,0.7949,1.8561,1.9664
7780,0.7950,1.8692,2.0224
7781,0.7945,1.8581,2.0081
7782,0.7937,1.9063,1.9772
7783,0.7942,1.8564,2.0027
7784,0.7857,1.8557,2.0010
7785,0.7843,1.8569,2.0411
7786,0.7850,1.8573,1.9835
7787,0.7847,1.8569,1.9907
7788,0.7859,1.9903,1.9635
7789,0.8025,1.8560,1.9877
7790,0.7884,1.8585,2.0083
7791,0.7876,1.8580,1.9779
7792,0.7883,1.8586,1.9820
7793,0.7873,1.9592,1.9524
7794,0.7883,1.8702,1.9918
7795,0.7869,1.8569,2.0132
7796,0.7876,1.8571,1.9686
7797,0.7888,1.8574,1.9733
7798,0.7870,1.9075,1.9835
7799,0.7872,1.8564,1.9740
7800,0.7879,1.8565,2.0140
7801,0.8080,1.8570,1.9650
7802,0.7885,1.8561,1.9675
7803,0.7879,1.8557,1.9652
7804,0.7877,1.8892,1.9695
7805,0.7876,1.8557,1.9860
7806,0.7880,1.8578,1.9748
7807,0.8330,1.8570,1.9960
7808,0.7958,1.8568,1.9952
7809,0.7963,1.8696,1.9928
7810,0.7956,1.8516,1.9817
7811,0.7975,1.8517,1.9834
7812,0.8007,1.8520,1.9777
7813,0.8337,1.8526,1.9625
7814,0.8179,1.8607,1.9884
7815,0.7978,1.8555,1.9929
7816,0.7974,1.8543,1.9770
7817,0.7984,1.8559,1.9825
7818,0.7983,1.8562,1.9910
7819,0.7993,1.8569,1.9731
7820,0.7986,1.8737,2.0642
7821,0.7977,1.8533,1.9664
7822,0.7979,1.8557,1.9664
7823,0.7974,1.8555,1.9666
7824,0.7989,1.8545,1.9687
7825,0.7979,1.8670,1.9691
7826,0.8096,1.8557,1.9511
7827,0.7987,1.8538,1.9458
7828,0.7993,1.8549,1.9517
7829,0.8000,1.8570,1.9446
7830,0.7999,1.8557,1.9678
7831,0.7985,1.8709,2.0352
7832,0.7997,1.8558,1.9785
7833,0.7993,1.8565,2.0013
7834,0.7994,1.8558,1.9989
7835,0.7997,1.8563,2.0916
7836,0.7985,1.8695,1.9954
7837,0.7982,1.8555,1.9850
7838,0.8001,1.8552,1.9976
7839,0.8102,1.8555,1.9872
7840,0.7877,1.9018,2.0037
7841,0.7964,1.8677,1.9702
7842,0.7859,1.9020,1.9648
7843,0.7863,1.8573,1.9992
7844,0.7863,1.8568,2.0032
7845,0.7879,1.8561,2.0141
7846,0.7862,1.8565,1.9753
7847,0.7875,1.8684,1.9828
7848,0.7863,1.8553,1.9832
7849,0.7866,1.8562,1.9583
7850,0.7871,1.8553,1.9474
7851,0.7872,1.8555,2.0072
7852,0.8085,1.8699,1.9615
7853,0.7860,1.8555,1.9768
7854,0.7891,1.8536,1.9722
7855,0.7977,1.8552,1.9856
7856,0.7988,1.8544,2.0839
7857,0.7971,2.2873,1.9992
7858,0.7975,1.8589,1.9925
7859,0.7988,1.8739,1.9854
7860,0.7982,1.8693,2.0047
7861,0.7972,1.8572,2.1131
7862,0.7980,1.8706,1.9931
7863,0.7978,1.9116,2.0095
7864,0.8124,1.8576,1.9899
7865,0.7855,1.8568,1.9869
7866,0.7856,1.8559,2.0361
7867,0.7935,1.8546,1.9920
7868,0.7934,1.8827,1.9868
7869,0.7932,1.8497,2.0935
7870,0.7927,1.8523,2.0787
7871,0.7941,1.8599,2.0215
7872,0.7942,1.8481,1.9918
7873,0.7948,1.8812,1.9923
7874,0.7955,1.8562,1.9898
7875,0.7948,1.8568,2.1035
7876,0.7947,1.8572,2.0088
7877,0.8124,1.8578,1.9987
7878,0.7980,1.8581,1.9965
7879,0.7984,1.8886,1.9755
7880,0.7984,1.8566,2.0872
7881,0.7969,1.8584,2.0076
7882,0.7982,1.8566,1.9714
7883,0.7983,1.8581,1.9847
7884,0.7980,1.8850,1.9950
7885,0.7975,1.8562,2.0246
7886,0.7979,1.8560,1.9740
7887,0.7988,1.8572,1.9974
7888,0.7981,1.8572,1.9583
7889,0.8111,1.8820,1.9602
7890,0.7942,1.8517,1.9837
7891,0.7947,1.8520,1.9809
7892,0.7953,1.8515,1.9643
7893,0.7959,1.8504,1.9494
7894,0.7947,1.8472,1.9755
7895,0.7953,1.8843,2.0189
7896,0.7863,1.8550,2.0350
7897,0.7867,1.8570,1.9960
7898,0.7867,1.8569,1.9844
7899,0.7855,2.0307,2.0042
7900,0.7857,1.8930,2.0815
7901,0.7852,1.8550,1.9698
7902,0.8048,1.8570,1.9915
7903,0.7956,1.8567,1.9942
7904,0.7977,1.8572,1.9640
7905,0.7969,1.8707,2.0287
7906,0.7968,1.8587,1.9813
7907,0.7957,1.8585,1.9682
7908,0.7864,1.8569,1.9816
7909,0.7873,1.8583,1.9936
7910,0.7865,1.8563,2.0455
7911,0.7865,1.8649,1.9875
7912,0.7858,1.8461,1.9793
7913,0.7852,1.8467,1.9742
7914,0.7989,1.8465,1.9994
7915,0.7864,1.8455,1.9550
7916,0.7853,1.8715,2.0567
7917,0.7952,1.8705,1.9968
7918,0.7946,1.8704,1.9644
7919,0.7952,1.8693,1.9693
7920,0.7858,1.8697,1.9783
7921,0.7846,1.9238,2.0385
7922,0.7846,1.8687,1.9615
7923,0.7847,1.8959,1.9832
7924,0.7851,1.8501,1.9605
7925,0.7855,1.8503,1.9993
7926,0.7863,1.8494,2.0235
7927,0.8044,1.8813,1.9880
7928,0.7915,1.8752,1.9739
7929,0.7902,1.8738,1.9871
7930,0.7920,1.8740,1.9857
7931,0.7857,1.8743,2.0390
7932,0.7846,1.8853,1.9880
7933,0.7836,1.9046,1.9792
7934,0.7855,1.8565,1.9639
7935,0.7835,1.8570,1.9996
7936,0.7857,1.9025,2.0602
7937,0.7851,1.8751,1.9568
7938,0.7847,1.9341,1.9666
7939,0.7842,1.8792,1.9645
7940,0.8448,1.8619,1.9966
7941,0.7947,1.8617,2.0561
7942,0.7935,1.8645,1.9912
7943,0.7950,1.8860,1.9886
7944,0.7933,1.8630,1.9897
7945,0.7949,1.8701,1.9867
7946,0.8342,1.8540,2.0009
7947,0.7960,1.8519,1.9957
7948,0.7970,1.8713,2.0187
7949,0.7951,1.8559,2.1313
7950,0.7957,1.8594,2.1512
7951,0.7960,1.8552,2.1816
7952,0.8126,1.8578,1.9915
7953,0.7928,1.8565,1.9807
7954,0.8293,1.8771,1.9795
7955,0.7925,1.8592,2.0491
7956,0.7932,1.8560,1.9738
7957,0.7926,1.8562,1.9871
7958,0.7918,1.8568,2.0045
7959,0.8312,1.9364,2.0119
7960,0.7948,1.8611,2.0832
7961,0.7936,1.8648,1.9868
7962,0.7949,1.8606,1.9836
7963,0.7956,1.8627,1.9869
7964,0.7856,1.9430,1.9756
7965,0.8042,1.8642,2.0708
7966,0.7948,1.8634,2.0553
7967,0.7949,1.8584,1.9889
7968,0.7959,1.8602,1.9937
7969,0.7857,1.8621,1.9951
7970,0.7844,1.9167,2.0345
7971,0.7858,1.8501,1.9894
7972,0.7864,1.8527,1.9970
7973,0.7852,1.8518,1.9995
7974,0.7849,1.8519,1.9583
7975,0.7855,1.8893,2.0568
7976,0.7855,1.8819,1.9942
7977,0.8576,1.8871,1.9997
7978,0.7933,1.8873,1.9946
7979,0.7946,1.8876,1.9982
7980,0.7936,1.9371,2.0506
7981,0.7942,1.8568,1.9596
7982,0.7929,1.9147,1.9650
7983,0.7932,1.8829,1.9627
7984,0.7938,1.8564,1.9673
7985,0.7937,1.8573,2.0589
7986,0.7923,1.9258,1.9673
7987,0.7940,1.8642,1.9831
7988,0.7940,1.8606,1.9891
7989,0.7930,1.8611,1.9745
7990,0.9394,1.8608,2.0270
7991,0.7895,1.8837,1.9625
7992,0.7885,2.4011,1.9965
7993,0.7906,2.6863,1.9940
7994,0.7885,2.6515,1.9855
7995,0.7883,2.8375,2.0417
7996,0.7901,2.6122,1.9844
7997,0.7885,2.6404,1.9760
7998,0.7881,2.6334,1.9774
7999,0.7891,2.7099,1.9861
8000,0.7879,2.6422,2.0386
8001,0.7889,2.6111,1.9952
8002,0.8059,4.2783,1.9943
8003,0.7995,3.6941,1.9685
8004,0.7991,3.7164,1.9695
8005,0.7980,3.9148,2.0207
8006,0.7984,3.7340,1.9916
8007,0.7992,3.8260,1.9849
8008,0.7981,3.7833,2.0008
8009,0.7982,3.8259,1.9992
8010,0.7989,3.8376,2.0375
8011,0.7988,3.7638,1.9839
8012,0.7978,3.8163,1.9989
8013,0.7978,3.3446,2.0012
8014,0.7989,1.8659,1.9937
8015,0.8156,1.8595,2.0503
8016,0.7884,1.8573,2.0031
8017,0.7879,1.9267,2.0027
8018,0.7967,1.8617,2.0019
8019,0.7972,1.8486,1.9998
8020,0.7963,1.8487,2.0594
8021,0.7961,1.8505,1.9814
8022,0.7977,1.8529,1.9881
8023,0.7962,1.8791,1.9966
8024,0.7974,1.8569,1.9923
8025,0.7958,1.8559,2.0530
8026,0.7973,1.8563,1.9861
8027,0.8333,1.8561,1.9727
8028,0.7974,1.8934,1.9987
8029,0.7965,1.8567,1.9698
8030,0.7955,1.8578,2.0322
8031,0.7998,1.8535,1.9940
8032,0.7962,1.8524,1.9923
8033,0.7955,1.8741,1.9785
8034,0.7865,1.8549,1.9600
8035,0.7876,1.8716,2.0519
8036,0.7909,1.8657,2.0353
8037,0.7966,1.8853,1.9760
8038,0.7959,1.8890,1.9831
8039,0.7971,1.9151,1.9890
8040,0.8175,1.8585,2.0531
8041,0.7929,1.8743,1.9978
8042,0.7932,1.8750,1.9923
8043,0.7975,1.9055,1.9980
8044,0.7967,1.9042,1.9923
8045,0.7950,1.8576,2.0404
8046,0.7976,1.8559,1.9780
8047,0.7980,1.8553,1.9800
8048,0.7986,1.8565,1.9913
8049,0.7981,1.8962,1.9817
8050,0.7983,1.8526,1.9866
8051,0.7982,1.8542,1.9930
8052,0.7983,1.8510,1.9848
8053,0.8307,1.8510,1.9949
8054,0.7952,1.8516,1.9682
8055,0.7958,1.8875,2.0141
8056,0.7967,1.8511,2.0214
8057,0.7956,1.8541,1.9977
8058,0.7959,1.8795,2.0132
8059,0.7971,1.8566,1.9981
8060,0.7960,1.8796,2.0428
8061,0.7974,1.8521,1.9935
8062,0.7970,1.8519,1.9750
8063,0.7956,1.8531,1.9859
8064,0.7977,1.8505,1.9874
8065,0.8113,1.8515,2.0265
8066,0.7939,1.8730,1.9835
8067,0.7914,1.8560,1.9907
8068,0.7928,1.8655,1.9782
8069,0.7938,1.8678,1.9776
8070,0.7935,1.8557,2.0178
8071,0.7939,1.8902,1.9808
8072,0.7941,1.8662,1.9936
8073,0.7936,1.8563,1.9946
8074,0.7950,1.8644,1.9705
8075,0.7940,1.8565,2.0095
8076,0.7929,1.8997,1.9908
8077,0.7921,1.8632,1.9583
8078,0.8133,1.8561,1.9672
8079,0.7913,1.8552,1.9698
8080,0.7917,1.8555,1.9875
8081,0.7926,1.8557,2.0025
8082,0.7923,1.8864,1.9888
8083,0.7928,1.8516,1.9973
8084,0.7921,1.8521,1.9739
8085,0.7919,1.8526,1.9763
8086,0.7921,1.8569,1.9839
8087,0.7917,1.8732,1.9734
8088,0.7914,1.8530,1.9592
8089,0.7919,1.8536,1.9578
8090,0.8138,1.8530,1.9601
8091,0.7990,1.8546,1.9861
8092,0.7993,1.8760,1.9453
8093,0.7965,1.9007,1.9587
8094,0.7974,1.8780,1.9623
8095,0.7995,1.8820,1.9518
8096,0.7979,1.8881,2.0145
8097,0.7984,1.8830,1.9829
8098,0.7984,1.9306,1.9795
8099,0.7980,1.8536,1.9740
8100,0.7976,1.8548,1.9668
8101,0.7980,1.8568,2.0275
8102,0.7973,1.8563,2.0052
8103,0.8043,1.8830,1.9758
8104,0.7971,1.8561,1.9765
8105,0.7975,1.8557,2.0004
8106,0.7973,1.8564,2.0868
8107,0.7972,1.8550,1.9933
8108,0.7978,1.8868,1.9950
8109,0.7962,1.8571,1.9957
8110,0.7967,1.8556,1.9903
8111,0.7965,1.8570,2.0703
8112,0.7958,1.8583,1.9929
8113,0.7971,1.8572,1.9844
8114,0.7959,1.8734,1.9919
8115,0.8136,1.8699,2.5381
8116,0.7969,1.8567,3.2081
8117,0.7981,1.8551,2.8884
8118,0.7865,1.8555,2.9077
8119,0.7974,1.8796,2.7016
8120,0.7974,1.8568,2.9678
8121,0.8003,1.8600,2.8884
8122,0.7963,1.8639,2.8230
8123,0.7955,1.8609,2.6380
8124,0.7963,1.8971,1.9974
8125,0.7963,1.8619,2.0009
8126,0.7964,1.8612,2.0032
8127,0.7972,1.8602,2.0612
8128,0.8093,1.8556,2.1082
8129,0.7949,1.8684,2.0061
8130,0.7954,1.8910,1.9646
8131,0.7950,1.8561,1.9632
8132,0.7947,1.8560,2.0500
8133,0.7950,1.8562,2.0399
8134,0.7961,1.8572,1.9927
8135,0.7954,1.8731,1.9627
8136,0.7947,1.8520,1.9962
8137,0.7955,1.8543,2.0362
8138,0.7947,1.8553,1.9795
8139,0.7962,1.8546,1.9893
8140,0.8159,1.8541,1.9901
8141,0.7939,1.8794,1.9580
8142,0.7866,1.8559,2.0346
8143,0.7871,1.8557,2.0072
8144,0.7879,1.8576,1.9975
8145,0.7873,1.8699,1.9769
8146,0.7879,1.8794,2.0026
8147,0.7866,1.8544,2.1766
8148,0.7880,1.8514,1.9853
8149,0.7866,1.8515,1.9985
8150,0.7879,1.8517,1.9828
8151,0.7874,1.8661,1.9753
8152,0.7875,1.8551,2.0583
8153,0.8112,1.8557,1.9641
8154,0.7986,1.8559,1.9870
8155,0.7991,1.8567,1.9769
8156,0.7991,1.8565,1.9674
8157,0.7981,1.8691,2.0109
8158,0.7986,1.8502,1.9576
8159,0.7992,1.8502,1.9714
8160,0.7982,1.8511,1.9697
8161,0.7990,1.8507,1.9773
8162,0.7974,1.8733,2.0269
8163,0.7984,1.8517,1.9891
8164,0.7994,1.8509,1.9954
8165,0.8250,1.8517,1.9938
8166,0.7970,1.8517,1.9923
8167,0.7975,1.8728,2.1076
8168,0.7883,1.8546,1.9900
8169,0.7883,1.8549,1.9955
8170,0.7885,1.8524,2.0227
8171,0.7891,1.8496,2.2506
8172,0.7870,1.8506,2.3061
8173,0.7887,1.8699,1.9943
8174,0.7878,1.8567,1.9879
8175,0.7887,1.8548,2.0021
8176,0.7876,1.8562,2.0022
8177,0.7871,1.8561,2.0520
8178,0.8050,1.8701,1.9911
8179,0.7881,1.8545,1.9852
8180,0.7981,1.8537,1.9867
8181,0.7968,1.8526,1.9757
8182,0.7963,1.8568,2.0386
8183,0.7976,1.8561,1.9895
8184,0.7983,1.8707,1.9929
8185,0.7979,1.8552,1.9916
8186,0.7982,1.8502,1.9800
8187,0.7973,1.8505,2.0216
8188,0.7986,1.8513,2.0013
8189,0.7980,1.8676,1.9964
8190,0.7992,1.8551,1.9839
8191,0.8170,1.8559,1.9993
8192,0.7972,1.8551,2.0224
8193,0.7982,1.8556,1.9888
8194,0.7860,1.8676,1.9802
8195,0.7978,1.9009,1.9767
8196,0.7879,1.8507,1.9849
8197,0.7872,1.9018,2.2438
8198,0.7875,1.8558,2.1066
8199,0.7871,1.8558,2.2549
8200,0.7874,1.8664,2.1243
8201,0.7875,1.8501,2.0438
8202,0.7873,1.8507,1.9982
8203,0.8075,1.8494,1.9932
8204,0.7951,1.8487,1.9972
8205,0.7959,1.8626,1.9835
8206,0.7856,1.8510,2.0795
8207,0.7954,1.8514,1.9812
8208,0.7959,1.8537,1.9896
8209,0.7939,1.8530,2.0037
8210,0.7946,1.8567,1.9969
8211,0.7942,1.8868,2.0490
8212,0.7940,1.8605,1.9949
8213,0.7940,1.8568,1.9906
8214,0.7932,1.8717,1.9798
8215,0.7949,1.8560,1.9996
8216,0.8137,1.8709,2.0327
8217,0.7965,1.8547,1.9810
8218,0.7964,1.8560,1.9843
8219,0.7950,1.8548,1.9960
8220,0.7958,1.8559,1.9744
8221,0.7962,1.8731,2.0688
8222,0.7962,1.8534,1.9935
8223,0.7963,1.8532,1.9687
8224,0.7956,1.8544,1.9572
8225,0.7953,1.8543,1.9909
8226,0.7951,1.8540,2.0668
8227,0.7971,1.8717,1.9805
8228,0.8106,1.8564,1.9769
8229,0.7913,1.8565,1.9903
8230,0.7987,1.8564,1.9891
8231,0.7978,1.8695,2.0457
8232,0.7965,1.8714,1.9935
8233,0.7958,1.8553,2.0243
8234,0.7972,1.8557,2.0188
8235,0.7966,1.8543,1.9945
8236,0.7968,1.8554,2.0513
8237,0.7961,1.8731,2.0117
8238,0.7983,1.9290,1.9684
8239,0.7973,1.8812,1.9531
8240,0.7974,1.9281,1.9817
8241,0.8089,1.8802,2.0308
8242,0.7952,1.8799,1.9789
8243,0.7957,1.8884,2.0034
8244,0.7958,1.8755,1.9928
8245,0.7957,1.8742,1.9782
8246,0.7947,1.8744,2.0355
8247,0.7961,1.8745,1.9885
8248,0.7956,1.8771,1.9705
8249,0.7959,1.8493,1.9472
8250,0.7948,1.8493,1.9716
8251,0.7949,1.8499,2.0563
8252,0.7958,1.8508,2.0017
8253,0.8065,1.8660,2.0071
8254,0.7992,1.8555,1.9879
8255,0.7983,1.8558,1.9867
8256,0.7979,1.8550,2.0446
8257,0.7881,1.8552,1.9613
8258,0.7895,1.8552,1.9664
8259,0.7984,1.8986,1.9568
8260,0.7978,1.8512,1.9680
8261,0.7972,1.8512,2.0337
8262,0.7988,1.8522,1.9592
8263,0.7988,1.8512,1.9874
8264,0.7986,1.8677,1.9790
8265,0.7982,1.8552,1.9699
8266,0.8085,1.8551,2.0077
8267,0.7949,1.8553,1.9925
8268,0.7957,1.8552,1.9938
8269,0.7956,1.8552,1.9865
8270,0.7960,1.8673,1.9916
8271,0.7965,1.8558,2.0671
8272,0.7955,1.8567,1.9833
8273,0.7958,1.8564,1.9768
8274,0.7965,1.8548,1.9841
8275,0.7954,1.9100,1.9672
8276,0.7958,1.8463,2.0257
8277,0.7954,1.8456,1.9843
8278,0.7958,1.8922,1.9899
8279,0.8098,1.8459,1.9910
8280,0.7972,1.8737,1.9778
8281,0.7979,1.8546,2.1326
8282,0.7981,1.8552,2.1323
8283,0.9224,1.8539,2.2004
8284,0.9398,1.8545,1.9863
8285,0.9922,1.8545,1.9940
8286,0.9304,1.8729,2.0694
8287,0.8019,1.8504,1.9814
8288,0.7930,1.8502,1.9802
8289,0.7926,1.8509,1.9987
8290,0.8576,1.8454,1.9698
8291,0.8337,2.0848,2.0260
8292,0.7919,1.8508,1.9821
8293,0.7916,1.8509,1.9965
8294,0.7929,1.8517,1.9922
8295,0.7919,1.8530,1.9940
8296,0.7910,1.8712,2.0759
8297,0.8311,1.8509,2.0282
8298,0.7917,1.8519,1.9748
8299,0.7931,1.8517,1.9981
8300,0.7982,1.8510,1.9860
8301,0.7916,1.8521,2.0043
8302,0.7921,1.8759,1.9712
8303,0.8155,1.8553,1.9722
8304,0.7980,1.8558,1.9675
8305,0.7990,1.8553,1.9643
8306,0.7984,1.8546,1.9895
8307,0.7985,1.8775,1.9798
8308,0.7986,1.8559,1.9778
8309,0.7984,1.8558,1.9679
8310,0.7988,1.8543,1.9593
8311,0.7973,1.8551,2.0609
8312,0.7983,1.8731,1.9946
8313,0.8398,1.8560,1.9817
8314,0.8003,1.8553,1.9964
8315,0.8135,1.8554,1.9893
8316,0.7870,1.8552,2.0515
8317,0.7875,1.8561,1.9961
8318,0.8273,1.8705,1.9852
8319,0.7955,1.8509,1.9946
8320,0.7969,1.8509,1.9956
8321,0.7965,1.8511,2.0591
8322,0.7967,1.8506,2.0024
8323,0.7945,1.8677,1.9924
8324,0.7963,1.8549,1.9903
8325,0.7954,1.8547,1.9570
8326,0.7966,1.8559,2.0413
8327,0.7957,1.8555,1.9863
8328,0.8111,1.8566,1.9853
8329,0.7951,1.8676,1.9817
8330,0.7942,1.8504,2.0020
8331,0.7950,1.8531,2.0469
8332,0.7961,1.8520,1.9945
8333,0.7954,1.8515,1.9895
8334,0.7946,1.9100,2.0263
8335,0.7946,1.8542,1.9991
8336,0.7958,1.8508,1.9942
8337,0.7946,1.8572,1.9760
8338,0.7949,1.8538,1.9707
8339,0.7956,1.8804,1.9718
8340,0.8127,1.8581,1.9990
8341,0.7970,1.8646,2.0340
8342,0.7973,1.8519,1.9595
8343,0.8351,1.8506,1.9667
8344,0.7968,1.8518,1.9689
8345,0.7960,1.8724,1.9754
8346,0.7973,1.8559,2.0455
8347,0.7885,1.8553,1.9934
8348,0.8248,1.8566,1.9874
8349,0.7956,1.8550,1.9684
8350,0.7940,1.8691,1.9877
8351,0.7925,1.8506,2.0190
8352,0.7943,1.8517,1.9981
8353,0.8110,1.8499,1.9692
8354,0.8362,1.8499,1.9697
8355,0.7962,1.8753,1.9683
8356,0.7957,1.8576,1.9965
8357,0.7962,1.8557,1.9633
8358,0.7955,1.8554,1.9883
8359,0.7957,1.8551,1.9901
8360,0.7963,1.8550,1.9924
8361,0.7970,1.8712,2.0461
8362,0.8333,1.8569,1.9612
8363,0.7949,1.8559,1.9760
8364,0.7936,1.8567,1.9621
8365,0.8107,1.8569,1.9686
8366,0.7978,1.8692,2.0486
8367,0.7974,1.9016,1.9886
8368,0.7965,1.8562,1.9873
8369,0.7969,1.9015,1.9950
8370,0.7985,1.8559,1.9942
8371,0.7974,1.8557,2.0441
8372,0.7977,1.8661,1.9843
8373,0.7975,1.8510,2.0032
8374,0.7971,1.8513,2.0418
8375,0.7981,1.8501,1.9702
8376,0.7980,1.8513,2.0308
8377,0.7977,1.8652,1.9966
8378,0.8101,1.8980,1.9565
8379,0.7931,1.8516,1.9925
8380,0.7931,1.8954,1.9628
8381,0.7935,1.8509,2.0210
8382,0.7941,1.8645,1.9916
8383,0.7934,1.8518,1.9732
8384,0.7930,1.8519,1.9897
8385,0.7933,1.8530,1.9846
8386,0.7934,1.8513,2.0367
8387,0.7938,1.8516,1.9896
8388,0.7932,1.8679,1.9622
8389,0.7936,1.8567,1.9748
8390,0.8104,1.8543,1.9859
8391,0.7997,1.8562,2.0412
8392,0.7996,1.8542,1.9727
8393,0.8001,1.8723,1.9869
8394,0.7914,1.8511,1.9826
8395,0.7914,1.8517,1.9954
8396,0.7906,1.8519,1.9953
8397,0.7909,1.8518,1.9929
8398,0.7901,1.8648,2.0013
8399,0.7914,1.8524,2.0025
8400,0.7911,1.8515,1.9781
8401,0.7909,1.8504,2.0451
8402,0.7920,1.8516,2.0002
8403,0.8097,1.8511,1.9633
8404,0.7987,1.8674,2.0031
8405,0.7982,1.8560,1.9640
8406,0.7983,1.8557,2.0279
8407,0.7989,1.8560,1.9981
8408,0.7985,1.8562,1.9918
8409,0.7995,1.9143,1.9709
8410,0.7990,1.8538,1.9913
8411,0.7969,1.8537,2.0435
8412,0.7997,1.8992,1.9959
8413,0.7992,1.8541,1.9852
8414,0.7992,1.8541,1.9825
8415,0.8199,1.8682,1.9977
8416,0.7929,1.8542,2.0177
8417,0.7958,1.8538,2.0031
8418,0.7947,1.8528,1.9778
8419,0.7951,1.8542,2.0030
8420,0.7961,1.8835,2.0012
8421,0.7883,1.8566,2.0543
8422,0.7951,1.8579,1.9871
8423,0.7954,1.8558,1.9818
8424,0.7948,1.8571,1.9827
8425,0.7921,1.8706,1.9823
8426,0.7957,1.8562,2.0400
8427,0.7949,1.8561,1.9658
8428,0.8115,1.8551,1.9771
8429,0.7929,1.8539,1.9951
8430,0.7932,1.8559,1.9970
8431,0.7925,1.8642,2.0491
8432,0.7931,1.8473,1.9960
8433,0.7918,1.8492,1.9880
8434,0.7937,1.8516,2.0199
8435,0.7926,1.8510,1.9888
8436,0.7941,1.8649,2.0004
8437,0.7932,1.8561,1.9936
8438,0.7929,1.8566,1.9904
8439,0.7932,1.8563,1.9822
8440,0.8065,1.8565,1.9940
8441,0.7971,1.8567,2.0463
8442,0.7968,1.8646,1.9655
8443,0.7970,1.8529,1.9820
8444,0.7977,1.8572,2.0158
8445,0.7970,1.8509,2.0062
8446,0.7969,1.8508,2.0305
8447,0.7957,1.8691,1.9901
8448,0.7971,1.8542,1.9762
8449,0.7955,1.8541,1.9806
8450,0.7973,1.8541,1.9793
8451,0.7977,1.8528,2.0315
8452,0.7982,1.8741,1.9695
8453,0.8096,1.8566,1.9926
8454,0.7969,1.8561,1.9818
8455,0.7983,1.8554,1.9776
8456,0.8338,1.8545,1.9952
8457,0.7964,1.8548,1.9627
8458,0.7961,1.8666,1.9892
8459,0.7959,1.8496,1.9672
8460,0.7957,1.8504,1.9926
8461,0.8346,1.8502,1.9963
8462,0.7993,1.8494,2.0464
8463,0.7994,1.8631,2.0270
8464,0.7996,1.8997,1.9631
8465,0.8122,1.8535,2.0256
8466,0.7952,1.9029,2.0216
8467,0.7954,1.8546,1.9749
8468,0.7947,1.8683,1.9681
8469,0.7967,1.8558,1.9963
8470,0.7960,1.8547,1.9855
8471,0.7943,1.8567,1.9693
8472,0.7946,1.8563,1.9944
8473,0.7954,1.8554,1.9954
8474,0.7937,1.8689,1.9875
8475,0.7960,1.8551,2.0346
8476,0.7943,1.8562,2.0111
8477,0.7945,1.8561,1.9867
8478,0.8082,1.8551,2.0241
8479,0.7953,1.8697,1.9743
8480,0.7932,1.8464,1.9787
8481,0.7951,1.8497,1.9701
8482,0.9175,1.8494,2.0059
8483,0.8686,1.8503,1.9722
8484,0.9751,1.8502,1.9715
8485,0.8067,1.8825,1.9706
8486,0.7978,1.8554,1.9768
8487,0.7977,1.8556,1.9758
8488,0.7958,1.8555,1.9497
8489,0.7955,1.8554,1.9543
8490,0.8399,1.8658,1.9558
8491,0.7954,1.8514,1.9634
8492,0.7931,1.8530,2.0882
8493,0.7942,1.8544,1.9965
8494,0.7928,1.8507,1.9856
8495,0.7934,1.8677,2.0114
8496,0.7938,1.8572,1.9994
8497,0.7939,1.8558,1.9837
8498,0.7932,1.8570,1.9719
8499,0.7989,1.8562,1.9757
8500,0.7928,1.8570,1.9703
8501,0.7930,1.8667,1.9807
8502,0.7930,1.8554,2.0506
8503,0.8429,1.8550,1.9950
8504,0.7985,1.8556,2.0047
8505,0.7978,1.8557,2.0013
8506,0.7978,1.8687,1.9670
8507,0.7979,1.8510,2.0366
8508,0.7969,1.8515,1.9969
8509,0.7966,1.8508,1.9866
8510,0.7974,1.8511,2.0128
8511,0.7975,1.8643,1.9989
8512,0.7975,1.9035,2.0006
8513,0.7982,1.8558,1.9834
8514,0.7965,1.8568,1.9996
8515,0.8076,1.9033,1.9833
8516,0.7882,1.8560,1.9846
8517,0.7872,1.8692,2.0072
8518,0.7972,1.9033,1.9688
8519,0.7961,1.8565,1.9672
8520,0.7961,1.9042,1.9656
8521,0.7973,1.8576,1.9930
8522,0.7967,1.8924,1.9860
8523,0.7967,1.8667,1.9510
8524,0.7972,1.8538,1.9552
8525,0.8024,1.8538,1.9545
8526,0.7975,1.8637,1.9536
8527,0.7975,1.9081,1.9748
8528,0.8797,1.8533,1.9584
8529,0.7983,1.8520,1.9683
8530,0.7965,1.8554,1.9823
8531,0.7970,1.8555,1.9590
8532,0.7968,1.8507,1.9902
8533,0.7877,1.8791,1.9893
8534,0.7881,1.8535,1.9889
8535,0.7879,1.8507,1.9916
8536,0.7885,1.8510,2.0229
8537,0.7888,1.8537,1.9897
8538,0.7884,1.8811,1.9796
8539,0.7868,1.8596,1.9879
8540,0.8030,1.8563,1.9686
8541,0.7987,1.8576,1.9689
8542,0.7952,1.8572,2.0077
8543,0.7969,1.8549,2.0249
8544,0.7971,1.8889,1.9954
8545,0.7971,1.8545,2.0163
8546,0.7967,1.8543,1.9645
8547,0.7968,1.8550,2.0019
8548,0.7971,1.8555,1.9638
8549,0.7964,1.8759,1.9714
8550,0.7967,1.8578,1.9668
8551,0.7960,1.8563,1.9627
8552,0.7973,1.8563,2.0167
8553,0.8090,1.8557,1.9565
8554,0.7949,1.8727,1.9578
8555,0.7941,1.8742,1.9514
8556,0.7932,1.8735,1.9608
8557,0.7943,1.8730,1.9770
8558,0.7929,1.8745,1.9535
8559,0.7933,1.8737,1.9611
8560,0.7927,1.9013,1.9599
8561,0.7928,1.8800,1.9696
8562,0.7932,1.8792,1.9827
8563,0.7932,1.8779,1.9530
8564,0.7925,1.8798,1.9566
8565,0.8107,1.8992,1.9587
8566,0.7980,1.8519,1.9585
8567,0.7991,1.8519,2.0355
8568,0.7993,1.8517,1.9780
8569,0.7982,1.8522,1.9816
8570,0.7989,1.8657,1.9643
8571,0.7986,1.8537,1.9897
8572,0.7980,1.8559,2.0216
8573,0.7985,1.8562,1.9878
8574,0.7980,1.8555,1.9917
8575,0.7981,1.8561,1.9741
8576,0.7991,1.8720,1.9677
8577,0.7986,1.8515,2.0015
8578,0.8231,1.8509,1.9776
8579,0.7992,1.8499,1.9801
8580,0.7995,1.8475,1.9954
8581,0.7992,1.8658,1.9903
8582,0.7984,1.8542,2.0464
8583,0.7988,1.8536,1.9653
8584,0.7984,1.8671,1.9825
8585,0.7995,1.8552,1.9546
8586,0.7979,1.8539,1.9618
8587,0.7992,1.8783,2.0241
8588,0.7997,1.8511,1.9980
8589,0.7985,1.8521,1.9992
8590,0.8165,1.8522,2.0012
8591,0.7953,1.8533,1.9985
8592,0.7952,1.8703,2.0099
8593,0.7957,1.8556,2.0228
8594,0.7940,1.8564,1.9682
8595,0.7957,1.8549,2.0350
8596,0.7943,1.8541,1.9768
8597,0.7962,1.8816,1.9906
8598,0.7941,1.8539,1.9771
8599,0.7960,1.8521,1.9678
8600,0.7962,1.8519,1.9830
8601,0.7955,1.8520,1.9627
8602,0.7946,1.8529,1.9509
8603,0.8067,1.8721,2.0340
8604,0.7944,1.8559,1.9633
8605,0.7937,1.8565,1.9916
8606,0.7932,1.8569,1.9539
8607,0.7945,1.8567,1.9906
8608,0.7945,1.8797,2.0605
8609,0.7937,1.8516,1.9956
8610,0.7942,1.8518,1.9895
8611,0.7941,1.8521,1.9961
8612,0.7935,1.8519,1.9898
8613,0.7941,1.8834,2.0569
8614,0.7939,1.8509,1.9943
8615,0.8077,1.8510,1.9779
8616,0.7964,1.8514,2.0066
8617,0.7980,1.8534,1.9870
8618,0.7972,1.8544,2.0182
8619,0.7967,1.8733,1.9880
8620,0.7959,1.8545,1.9923
8621,0.7969,1.8547,2.1167
8622,0.7962,1.8550,2.0501
8623,0.7963,1.8690,1.9863
8624,0.7967,1.8738,1.9627
8625,0.7975,1.8498,1.9739
8626,0.7963,1.8508,1.9782
8627,0.7974,1.8495,1.9633
8628,0.8218,1.8495,2.0580
8629,0.7960,1.8507,1.9788
8630,0.7972,1.8780,1.9637
8631,0.7961,1.8522,1.9689
8632,0.7965,1.8514,2.0047
8633,0.7973,1.8510,1.9950
8634,0.7958,1.8521,1.9764
8635,0.7960,1.9272,1.9703
8636,0.7961,1.8566,1.9873
8637,0.7963,1.8537,2.0219
8638,0.7967,1.8536,2.1279
8639,0.7962,1.8668,1.9794
8640,0.8128,1.8696,1.9977
8641,0.7974,1.8510,1.9935
8642,0.7967,1.8508,1.9664
8643,0.7977,1.8502,2.0539
8644,0.7880,1.8498,1.9863
8645,0.7970,1.8497,1.9870
8646,0.7981,1.8661,1.9980
8647,0.7975,1.8463,1.9740
8648,0.7979,1.8509,2.0189
8649,0.7980,1.8510,1.9927
8650,0.7980,1.8647,1.9807
8651,0.7981,1.8721,1.9871
8652,0.7973,1.8512,1.9998
8653,0.8092,1.8524,2.0590
8654,0.7934,1.8517,2.0157
8655,0.7930,1.8520,2.0234
8656,0.7924,1.8763,1.9837
8657,0.7942,1.8561,2.0154
8658,0.7933,1.8556,1.9719
8659,0.7926,1.8553,1.9820
8660,0.7917,1.8566,1.9881
8661,0.7929,1.8560,1.9770
8662,0.7930,1.8781,1.9928
8663,0.7941,1.8557,2.0269
8664,0.7933,1.8556,1.9787
8665,0.7924,1.8563,1.9879
8666,0.8086,1.8555,1.9987
8667,0.7948,1.8728,2.0089
8668,0.7949,1.8545,2.0434
8669,0.7933,1.8552,1.9906
8670,0.7946,1.8547,1.9885
8671,0.7956,1.8554,1.9578
8672,0.7951,1.8557,1.9904
8673,0.7957,1.8848,2.0028
8674,0.7948,1.8556,1.9822
8675,0.7945,1.8563,1.9675
8676,0.7952,1.8555,1.9934
8677,0.7944,1.8554,1.9951
8678,0.8087,1.8705,2.0269
8679,0.7965,1.8547,1.9856
8680,0.7993,1.8514,2.0139
8681,0.8435,1.8500,1.9956
8682,0.9033,1.8502,1.9994
8683,0.8001,1.8639,2.0955
8684,0.9396,1.8562,1.9905
8685,0.8532,1.8552,1.9937
8686,0.7879,1.8547,1.9891
8687,0.7883,1.8545,1.9835
8688,0.7911,1.8506,2.0611
8689,0.7878,1.8691,1.9945
8690,0.8421,1.9015,2.0004
8691,0.7940,1.8559,1.9982
8692,0.7959,1.9012,2.0218
8693,0.7934,1.8559,1.9926
8694,0.7930,1.8691,1.9739
8695,0.7932,1.8543,1.9765
8696,0.7937,1.8555,1.9873
8697,0.7948,1.8574,1.9674
8698,0.7982,1.8563,2.0312
8699,0.7953,1.8739,1.9943
8700,0.7940,1.8547,1.9931
8701,0.7932,1.8529,1.9865
8702,0.7949,1.8547,1.9936
8703,0.8448,1.8539,2.0528
8704,0.7947,1.8542,1.9845
8705,0.7952,1.8658,1.9720
8706,0.7955,1.8493,2.0014
8707,0.7972,1.8500,1.9609
8708,0.7961,1.8490,2.0189
8709,0.7964,1.8463,1.9688
8710,0.7945,1.8602,1.9902
8711,0.7885,1.8558,1.9831
8712,0.7878,1.8546,1.9876
8713,0.7883,1.8543,2.0137
8714,0.7888,1.8551,1.9648
8715,0.8106,1.8565,1.9660
8716,0.7990,1.8642,1.9623
8717,0.7986,1.8500,1.9751
8718,0.7996,1.8507,2.5330
8719,0.7990,1.8505,2.4526
8720,0.7984,1.8506,1.9942
8721,0.7916,1.8705,1.9978
8722,0.8009,1.8528,2.0500
8723,0.7992,1.8507,2.0240
8724,0.8033,1.8539,1.9930
8725,0.7989,1.8515,2.0340
8726,0.7987,1.8707,1.9597
8727,0.8001,1.8492,2.0339
8728,0.8283,1.8629,2.0284
8729,0.7927,1.8490,1.9985
8730,0.7916,1.8511,2.0751
8731,0.7930,1.8502,1.9778
8732,0.7923,1.8700,2.0617
8733,0.7949,1.8549,1.9742
8734,0.8018,1.8566,2.0097
8735,0.7991,1.8556,1.9827
8736,0.7981,1.8547,2.0387
8737,0.7997,1.8909,2.0418
8738,0.7975,1.8688,2.0240
8739,0.7981,1.8650,1.9852
8740,0.8345,1.8660,2.0283
8741,0.7899,1.8648,1.9876
8742,0.7971,1.8649,2.0941
8743,0.7959,1.8789,1.9843
8744,0.7929,1.8503,2.0307
8745,0.7934,1.8501,1.9942
8746,0.7927,1.8502,1.9892
8747,0.7899,1.8505,2.0414
8748,0.7914,1.8750,1.9917
8749,0.7918,1.8512,1.9905
8750,0.7910,1.8513,1.9856
8751,0.7939,1.8506,1.9914
8752,0.7918,1.8509,2.0220
8753,0.8300,1.8689,1.9686
8754,0.7965,1.8534,1.9701
8755,0.7952,1.8552,1.9908
8756,0.7945,1.8552,2.0094
8757,0.7951,1.8544,1.9917
8758,0.7950,1.8558,1.9587
8759,0.7946,1.8739,1.9617
8760,0.7955,1.8545,1.9537
8761,0.7938,1.8509,1.9598
8762,0.7958,1.8507,2.0353
8763,0.7924,1.8502,1.9681
8764,0.7957,1.8702,1.9883
8765,0.8143,1.8563,1.9791
8766,0.7936,1.8562,1.9896
8767,0.7914,1.8562,2.0574
8768,0.7929,1.8557,1.9905
8769,0.7915,1.8855,1.9974
8770,0.7937,1.8541,2.0007
8771,0.7941,1.8526,2.0007
8772,0.7923,1.8554,1.9959
8773,0.7936,1.8530,1.9957
8774,0.7931,1.8541,2.0023
8775,0.7941,1.8678,2.0015
8776,0.7936,1.8560,1.9719
8777,0.7934,1.8563,2.0448
8778,0.9988,1.8558,1.9732
8779,0.7922,1.8553,2.0596
8780,0.7916,1.8724,2.0667
8781,0.7931,1.8556,2.0696
8782,0.7923,1.8543,2.0860
8783,0.7915,1.8544,2.1411
8784,0.7912,1.8554,1.9940
8785,0.7921,1.8552,1.9966
8786,0.7916,1.8681,2.0048
8787,0.7917,1.8510,2.0385
8788,0.8011,1.8511,1.9695
8789,0.7992,1.8526,1.9987
8790,0.8168,1.8508,2.0011
8791,0.7973,1.8872,1.9889
8792,0.7975,1.8555,2.0009
8793,0.7981,1.8571,1.9828
8794,0.7960,1.8557,1.9588
8795,0.7970,1.8567,1.9708
8796,0.7963,1.8724,1.9526
8797,0.7974,1.8558,2.4789
8798,0.7969,1.8553,2.0350
8799,0.7979,1.8540,1.9819
8800,0.7871,1.8534,1.9801
8801,0.7987,1.8542,1.9631
8802,0.7966,1.8693,2.0632
8803,0.8150,1.8567,1.9905
8804,0.7953,1.8564,1.9817
8805,0.7910,1.8562,1.9655
8806,0.7943,1.8568,1.9991
8807,0.7928,1.8679,2.0457
8808,0.7938,1.8513,1.9847
8809,0.7864,1.8510,1.9938
8810,0.8140,1.8508,1.9896
8811,0.8257,1.8500,1.9736
8812,0.8356,1.8501,2.0610
8813,0.8294,1.8787,1.9682
8814,0.8245,1.8547,1.9857
8815,0.8364,1.8547,1.9949
8816,0.9146,1.8556,2.0484
8817,0.8244,1.8551,2.0344
8818,0.8351,1.8679,1.9950
8819,0.8592,1.8515,2.0001
8820,0.8061,1.8514,2.0269
8821,0.7882,1.8517,2.0154
8822,0.7891,1.8512,2.0707
8823,0.7895,1.8698,1.9902
8824,0.7877,1.8575,1.9956
8825,0.8334,1.8559,1.9936
8826,0.7938,1.8559,1.9905
8827,0.8262,1.8524,2.0870
8828,0.7970,1.8530,1.9965
8829,0.7967,1.8692,1.9751
8830,0.7948,1.8505,1.9674
8831,0.7958,1.8509,1.9802
8832,0.7955,1.8506,2.0018
8833,0.7969,1.8497,1.9685
8834,0.7956,1.8667,1.9879
8835,0.7955,1.8561,1.9667
8836,0.7952,1.8563,1.9808
8837,0.7951,1.8549,2.0531
8838,0.7960,1.8565,1.9948
8839,0.7949,1.8807,1.9962
8840,0.8125,1.8554,1.9980
8841,0.7943,1.8561,1.9736
8842,0.7934,1.8559,2.0621
8843,0.7941,1.8551,1.9954
8844,0.7929,1.8555,1.9957
8845,0.7933,1.8749,1.9934
8846,0.7925,1.8531,1.9876
8847,0.7856,1.8573,2.0496
8848,0.7857,1.8553,2.0051
8849,0.7923,1.8683,1.9657
8850,0.7853,1.8737,1.9649
8851,0.7864,1.8495,2.0095
8852,0.7844,1.8502,2.0238
8853,0.8130,1.8498,1.9896
8854,0.7969,1.8458,1.9638
8855,0.7966,1.8455,1.9980
8856,0.7959,1.8648,1.9865
8857,0.7966,1.8456,2.0095
8858,0.7969,1.8451,1.9823
8859,0.7968,1.8453,1.9698
8860,0.7973,1.8590,1.9990
8861,0.7983,1.8659,1.9759
8862,0.7979,1.8506,2.0660
8863,0.7956,1.8498,1.9595
8864,0.7974,1.8497,1.9903
8865,0.8106,1.8505,1.9869
8866,0.7902,1.8655,1.9863
8867,0.7893,1.8560,2.0445
8868,0.7899,1.8561,1.9957
8869,0.7898,1.8563,2.0035
8870,0.7910,1.8551,1.9667
8871,0.7910,1.8549,1.9974
8872,0.7906,1.8713,2.0227
8873,0.7913,1.8536,2.0050
8874,0.7903,1.8549,1.9660
8875,0.7898,1.8547,1.9667
8876,0.7891,1.8538,1.9699
8877,0.7912,1.8670,2.1972
8878,0.8214,1.8565,2.3403
8879,0.7935,1.8562,1.9857
8880,0.7913,1.8561,1.9951
8881,0.8029,1.8569,2.0363
8882,0.8946,1.8562,1.9897
8883,0.8687,1.8947,1.9799
8884,0.8391,1.8748,2.0005
8885,0.9026,1.8749,2.0000
8886,0.7913,1.8745,2.0595
8887,0.7904,1.8729,1.9844
8888,0.7899,1.8822,1.9840
8889,0.7893,1.8533,1.9774
8890,0.8340,1.8522,1.9588
8891,0.7890,1.8526,2.0096
8892,0.7896,1.8541,2.0270
8893,0.7896,1.8852,1.9897
8894,0.7897,1.8523,1.9730
8895,0.7896,1.8525,1.9869
8896,0.7907,1.8522,2.0440
8897,0.7900,1.8526,1.9772
8898,0.7903,1.8522,2.0007
8899,0.7905,1.8743,1.9667
8900,0.7897,1.8518,1.9768
8901,0.7908,1.8518,2.0553
8902,0.8190,1.8642,2.0002
8903,0.7977,1.8518,2.0000
8904,0.7983,1.8808,2.0003
8905,0.7970,1.8559,1.9978
8906,0.7983,1.8523,2.0514
8907,0.7990,1.8513,1.9756
8908,0.7979,1.8514,1.9729
8909,0.7970,1.8766,1.9952
8910,0.7971,1.8563,1.9633
8911,0.7978,1.8568,2.0046
8912,0.7978,1.8568,1.9750
8913,0.7976,1.8565,1.9916
8914,0.7977,1.8588,1.9954
8915,0.8239,1.8866,1.9780
8916,0.7987,1.8556,1.9727
8917,0.7986,1.8561,2.0303
8918,0.7970,1.8564,2.0022
8919,0.7989,1.8567,1.9862
8920,0.7978,1.8789,1.9733
8921,0.7978,1.8560,1.9953
8922,0.8028,1.8576,2.0573
8923,0.7919,1.8560,1.9906
8924,0.7936,1.8574,1.9771
8925,0.7935,1.8572,1.9626
8926,0.7933,1.9521,1.9911
8927,0.8247,1.8602,2.0633
8928,0.7990,1.8637,1.9940
8929,0.7976,1.8581,1.9961
8930,0.7967,1.8633,1.9978
8931,0.7966,1.9017,2.0346
8932,0.7965,1.8546,1.9943
8933,0.7974,1.8541,1.9854
8934,0.7959,1.8560,1.9779
8935,0.7980,1.8544,1.9945
8936,0.7967,1.8804,1.9648
8937,0.7977,1.8497,2.0389
8938,0.7977,1.8516,2.0224
8939,0.7971,1.8501,1.9818
8940,0.8273,1.8497,1.9948
8941,0.7937,1.8502,1.9647
8942,0.7942,1.8677,2.0368
8943,0.7876,1.8449,1.9923
8944,0.7876,1.8452,1.9913
8945,0.7903,1.8462,1.9635
8946,0.7939,1.8447,1.9937
8947,0.7914,1.8962,2.0349
8948,0.7916,1.8580,1.9761
8949,0.7912,1.8591,1.9662
8950,0.7910,1.8581,1.9674
8951,0.7947,1.8726,1.9626
8952,0.7965,1.8862,1.9969
8953,0.8286,1.8559,1.9649
8954,0.8003,1.8539,1.9927
8955,0.7992,1.8532,1.9893
8956,0.7998,1.8520,1.9837
8957,0.8003,1.8512,2.0247
8958,0.7915,1.8903,1.9925
8959,0.7900,1.8554,2.0009
8960,0.7908,1.8527,1.9892
8961,0.7895,1.8535,1.9966
8962,0.7901,1.8547,2.0633
8963,0.7916,1.8803,1.9598
8964,0.7904,1.8562,1.9695
8965,0.8087,1.8523,1.9704
8966,0.7974,1.8533,1.9759
8967,0.7976,1.8541,2.0575
8968,0.7969,1.9207,1.9994
8969,0.7968,1.8681,1.9983
8970,0.7976,1.8572,2.0004
8971,0.7968,1.8562,2.0039
8972,0.7965,1.8581,2.0056
8973,0.7908,1.8547,1.9949
8974,0.7898,1.8845,1.9929
8975,0.7910,1.8564,1.9906
8976,0.7909,1.8574,1.9769
8977,0.7903,1.8582,1.9990
8978,0.8143,1.8569,1.9775
8979,0.7985,1.9085,1.9707
8980,0.7980,1.8573,1.9836
8981,0.7973,1.8562,1.9857
8982,0.7980,1.8515,2.0628
8983,0.7967,1.8548,1.9539
8984,0.7980,1.8572,1.9924
8985,0.7980,1.8894,1.9909
8986,0.7974,1.8557,1.9850
8987,0.7978,1.8558,2.0551
8988,0.7973,1.8588,1.9860
8989,0.7971,1.8602,1.9912
8990,0.8119,1.9143,1.9823
8991,0.7915,1.8605,1.9740
8992,0.7911,1.8607,2.0153
8993,0.7999,1.8705,1.9936
8994,0.7902,1.8634,1.9997
8995,0.7914,1.8911,1.9768
8996,0.7896,1.8560,1.9771
8997,0.7906,1.8616,1.9982
8998,0.7904,1.8555,1.9606
8999,0.7903,1.8564,1.9578
9000,0.7917,1.8574,1.9803
9001,0.7912,1.8987,1.9740
9002,0.7900,1.8569,2.0381
9003,0.8181,1.8593,1.9810
9004,0.7971,1.8599,1.9655
9005,0.7964,1.8587,1.9803
9006,0.7954,1.9008,1.9781
9007,0.7950,1.8504,2.0477
9008,0.7953,1.8531,1.9898
9009,0.7954,1.8517,1.9951
9010,0.7885,1.9044,1.9906
9011,0.7881,2.3660,1.9933
9012,0.7882,2.0235,2.0001
9013,0.7883,1.8604,1.9862
9014,0.7877,1.8608,1.9895
9015,0.8130,1.8646,1.9965
9016,0.7984,1.9064,1.9967
9017,0.8007,1.8511,2.0265
9018,0.7977,1.8513,1.9882
9019,0.7898,1.8539,1.9924
9020,0.7995,1.8524,1.9961
9021,0.7888,1.8532,1.9953
9022,0.7883,1.9690,2.3126
9023,0.7894,1.8580,2.7334
9024,0.7888,1.8589,2.7690
9025,0.7893,1.8584,2.7597
9026,0.7895,1.8553,2.3663
9027,0.7892,1.8897,2.0222
9028,0.8139,1.8547,2.0046
9029,0.7983,1.8593,1.9916
9030,0.7994,1.8567,2.0825
9031,0.7985,1.8528,1.9735
9032,0.7993,1.8776,1.9770
9033,0.7902,1.8550,1.9839
9034,0.7897,1.8537,1.9896
9035,0.7901,1.8543,2.0060
9036,0.7892,1.8545,1.9793
9037,0.7889,1.8526,2.0414
9038,0.7909,1.8667,1.9974
9039,0.7897,1.8497,2.0047
9040,0.7892,1.8489,2.0731
9041,0.8165,1.8492,1.9982
9042,0.7996,1.8505,2.0048
9043,0.7996,1.8701,2.0080
9044,0.7994,1.8541,1.9904
9045,0.7995,1.8540,2.0483
9046,0.7996,1.8533,1.9914
9047,0.7989,1.8563,1.9736
9048,0.7990,1.8554,1.9812
9049,0.8005,1.8838,1.9808
9050,0.7993,1.8560,2.0473
9051,0.7986,1.8567,1.9728
9052,0.7915,1.8557,1.9911
9053,0.8117,1.8530,2.0057
9054,0.7978,1.8763,1.9861
9055,0.8345,1.8542,2.0059
9056,0.7960,1.8558,1.9725
9057,0.7976,1.8569,1.9905
9058,0.7972,1.8576,1.9839
9059,0.7973,1.8744,1.9730
9060,0.8337,1.8574,2.0362
9061,0.7948,1.8591,1.9866
9062,0.7948,1.8582,1.9966
9063,0.7947,1.8570,1.9915
9064,0.7949,1.8586,1.9805
9065,0.8175,1.8859,2.0966
9066,0.8351,1.8585,1.9952
9067,0.7981,1.8551,2.0175
9068,0.7975,1.8561,2.0170
9069,0.7979,1.8565,2.0523
9070,0.7973,1.8916,2.0829
9071,0.8333,1.8564,1.9871
9072,0.7957,1.8558,2.0074
9073,0.7961,1.8536,1.9952
9074,0.7963,1.8533,1.9480
9075,0.7968,1.8954,2.0291
9076,0.7976,1.8576,1.9952
9077,0.7964,1.8560,1.9800
9078,0.8151,1.8547,1.9906
9079,0.7979,1.8552,1.9562
9080,0.7983,1.8589,2.0571
9081,0.7979,1.8818,1.9871
9082,0.7995,1.8558,1.9999
9083,0.7986,1.8554,1.9939
9084,0.7983,1.8561,1.9909
9085,0.7990,1.8548,2.0822
9086,0.8232,1.8881,1.9913
9087,0.8405,1.8452,1.9918
9088,0.8104,1.8451,1.9819
9089,0.7867,1.8454,1.9857
9090,0.8108,1.8461,2.0915
9091,0.7949,1.8454,1.9832
9092,0.7960,1.8887,1.9744
9093,0.8318,1.8560,1.9975
9094,0.7928,1.8521,2.0026
9095,0.7938,1.8514,2.0505
9096,0.7932,1.9766,1.9786
9097,0.7941,2.2463,1.9803
9098,0.8303,2.0143,1.9950
9099,0.7924,1.8586,2.0003
9100,0.7913,1.8601,2.0979
9101,0.7928,1.8567,1.9889
9102,0.7894,1.8843,1.9743
9103,0.8597,1.8524,1.9843
9104,0.7937,1.8526,1.9889
9105,0.7942,1.8529,2.0977
9106,0.7865,1.8523,1.9917
9107,0.7946,1.8925,1.9947
9108,0.7937,1.8575,1.9878
9109,0.8341,1.8564,1.9932
9110,0.7966,1.8556,2.0820
9111,0.7968,1.8571,1.9837
9112,0.7962,1.8564,1.9947
9113,0.7970,1.8920,2.0006
9114,0.8335,1.8506,1.9917
9115,0.8203,1.8680,2.1024
9116,0.7960,1.8564,2.0599
9117,0.7952,1.8562,2.0473
9118,0.7953,1.8840,2.0377
9119,0.7948,1.8487,2.0632
9120,0.7955,1.8504,2.1469
9121,0.7950,1.8512,1.9891
9122,0.7956,1.8507,1.9878
9123,0.7940,1.8825,1.9924
9124,0.7951,1.8502,1.9880
9125,0.7965,1.8519,2.0558
9126,0.7959,1.8506,1.9794
9127,0.7950,1.8550,1.9717
9128,0.8300,1.8837,1.9834
9129,0.7968,2.1587,1.9879
9130,0.7967,1.8564,2.0386
9131,0.7965,1.8569,1.9796
9132,0.7962,1.8566,1.9923
9133,0.7970,1.8567,1.9899
9134,0.7944,1.8949,1.9915
9135,0.7957,1.8556,2.0095
9136,0.7945,1.8545,1.9708
9137,0.7946,1.8537,2.0120
9138,0.7945,1.8547,1.9921
9139,0.7937,1.8830,1.9877
9140,0.8290,1.8533,2.0427
9141,0.7960,1.8535,1.9706
9142,0.7979,1.8552,1.9722
9143,0.7946,1.8545,1.9768
9144,0.7960,1.8533,1.9820
9145,0.7973,1.8793,2.0772
9146,0.7949,1.8558,1.9650
9147,0.7975,1.8557,1.9542
9148,0.7880,1.8553,1.9874
9149,0.7877,1.8544,1.9826
9150,0.7869,1.9009,2.0319
9151,0.7878,1.8566,1.9873
9152,0.7868,1.8577,1.9810
9153,0.8140,1.8553,1.9795
9154,0.7920,1.8604,1.9733
9155,0.7939,1.8559,2.0492
9156,0.7929,1.8795,1.9808
9157,0.7936,1.8566,1.9833
9158,0.7925,1.8561,1.9767
9159,0.7914,1.8548,1.9990
9160,0.7861,1.8562,2.0425
9161,0.8531,1.8753,1.9707
9162,0.7915,1.8550,1.9846
9163,0.7928,1.8564,1.9621
9164,0.7933,1.8560,1.9569
9165,0.8185,1.8564,2.0292
9166,0.8297,1.8747,1.9832
9167,0.7925,1.8573,1.9746
9168,0.7936,1.8566,1.9739
9169,0.7923,1.8564,1.9669
9170,0.7905,1.8563,2.0288
9171,0.7932,1.8566,1.9919
9172,0.7925,1.9193,2.0024
9173,0.7921,1.8569,1.9869
9174,0.7933,1.8565,1.9839
9175,0.8315,1.8583,2.0255
9176,0.7925,1.8569,2.0000
9177,0.7943,1.8809,1.9731
9178,0.8204,1.8571,1.9669
9179,0.7893,1.8576,2.0049
9180,0.7908,1.8565,2.0459
9181,0.7893,1.8572,1.9935
9182,0.7896,1.8761,1.9857
9183,0.7900,1.8505,1.9920
9184,0.7898,1.8500,1.9934
9185,0.7885,1.8501,2.1164
9186,0.7884,1.8507,1.9990
9187,0.7878,1.8516,2.0013
9188,0.7886,1.8644,1.9946
9189,0.7887,1.8466,1.9857
9190,0.8249,1.8477,2.0861
9191,0.8003,1.8453,1.9827
9192,0.8002,1.8469,1.9903
9193,0.7999,1.8913,1.9784
9194,0.7998,1.8561,1.9893
9195,0.8001,1.8577,2.0361
9196,0.8003,1.8567,1.9817
9197,0.7983,1.8575,1.9778
9198,0.7998,1.8588,1.9827
9199,0.7993,1.8817,1.9865
9200,0.7999,1.8573,2.0718
9201,0.8113,1.8564,1.9955
9202,0.7971,1.8565,1.9868
9203,0.8281,1.8568,1.9645
9204,0.7969,1.8776,1.9968
9205,0.7978,1.8551,2.0800
9206,0.7973,1.8548,1.9943
9207,0.7979,1.8554,1.9932
9208,0.7977,1.8560,1.9830
9209,0.7971,1.8696,1.9692
9210,0.7970,1.8556,2.0485
9211,0.7969,1.8560,1.9812
9212,0.7975,1.8550,1.9819
9213,0.7976,1.8550,1.9780
9214,0.8185,1.8546,1.9873
9215,0.8302,1.8888,2.0224
9216,0.7962,1.8551,1.9910
9217,0.7977,1.8576,1.9681
9218,0.7973,1.8570,1.9971
9219,0.7974,1.8550,1.9960
9220,0.7982,1.8754,2.0616
9221,0.7895,1.8560,1.9809
9222,0.7883,1.8561,1.9785
9223,0.7894,1.8564,1.9818
9224,0.7892,1.8560,2.2887
9225,0.7887,1.8808,2.2221
9226,0.7894,1.8548,1.9970
9227,0.7896,1.8546,1.9894
9228,0.8075,1.8557,1.9951
9229,0.7987,1.8553,1.9924
9230,0.7899,1.8549,2.0808
9231,0.7985,1.8754,1.9949
9232,0.7985,1.8514,1.9782
9233,0.7983,1.8529,1.9944
9234,0.7991,1.8521,1.9885
9235,0.7980,1.8525,2.3397
9236,0.7989,1.8970,2.1603
9237,0.7977,1.8562,2.0258
9238,0.7989,1.8591,1.9971
9239,0.7984,1.8590,1.9780
9240,0.8125,1.8585,2.0488
9241,0.7982,1.8598,1.9839
9242,0.7975,1.9026,1.9799
9243,0.7970,1.8558,1.9924
9244,0.7874,1.8561,1.9902
9245,0.7876,1.8555,2.0549
9246,0.7878,1.8556,1.9863
9247,0.7889,1.8768,1.9945
9248,0.7892,1.8555,1.9844
9249,0.7891,1.8553,1.9708
9250,0.7868,1.8556,2.0343
9251,0.7890,1.8558,1.9641
9252,0.7871,1.8814,1.9610
9253,0.8053,1.8773,1.9895
9254,0.7975,1.8774,1.9960
9255,0.8345,1.8769,2.0143
9256,0.7953,1.8771,1.9680
9257,0.7952,1.8758,1.9688
9258,0.7959,1.9045,1.9516
9259,0.7963,1.8568,1.9568
9260,0.8345,1.8524,2.0769
9261,0.8010,1.8586,1.9844
9262,0.7889,1.8585,1.9737
9263,0.8003,1.9066,1.9874
9264,0.7991,1.8560,1.9709
9265,0.8002,1.8567,2.0393
9266,0.8127,1.8578,1.9775
9267,0.7889,1.8564,1.9942
9268,0.7886,1.8947,1.9817
9269,0.7888,1.8617,1.9680
9270,0.7963,1.8542,2.0534
9271,0.7942,1.8554,1.9638
9272,0.7951,1.8572,1.9880
9273,0.7948,1.8567,1.9855
9274,0.7962,1.9008,2.0018
9275,0.7948,1.8561,2.0086
9276,0.7946,1.8574,2.0067
9277,0.7942,1.8589,1.9931
9278,0.8059,1.8585,1.9829
9279,0.8339,1.9108,1.9727
9280,0.7903,1.8556,1.9958
9281,0.7890,1.8567,1.9926
9282,0.7968,1.8570,1.9658
9283,0.7989,1.8573,1.9943
9284,0.8262,1.8870,1.9636
9285,0.9299,1.8557,2.1887
9286,0.8819,1.8553,1.9608
9287,0.9172,1.8558,1.9946
9288,0.7905,1.8557,1.9981
9289,0.7930,1.8562,2.0032
9290,0.8356,1.8767,2.0207
9291,0.7941,1.8558,1.9692
9292,0.7947,1.8561,1.9973
9293,0.7946,1.8531,2.0038
9294,0.7938,1.8508,1.9719
9295,0.7937,1.8715,2.0161
9296,0.7944,1.8561,1.9810
9297,0.7944,1.8562,1.9687
9298,0.7950,1.8564,1.9572
9299,0.7944,1.8561,1.9984
9300,0.7949,1.8755,2.0306
9301,0.7991,1.8759,1.9993
9302,0.7974,1.8565,2.0111
9303,0.8362,1.8581,2.0106
9304,0.7988,1.8587,1.9783
9305,0.7996,1.8524,2.0051
9306,0.7994,1.8866,1.9799
9307,0.7993,1.8548,1.9983
9308,0.7997,1.8567,1.9696
9309,0.7987,1.8555,1.9677
9310,0.7988,1.8561,2.0135
9311,0.7998,1.8790,1.9912
9312,0.7987,1.8547,1.9901
9313,0.7991,1.8558,1.9946
9314,0.7987,1.8565,1.9781
9315,0.8398,1.8554,2.0044
9316,0.8001,1.8562,1.9837
9317,0.7980,1.8685,1.9752
9318,0.7973,1.8558,1.9870
9319,0.7977,1.8543,1.9848
9320,0.7885,1.8550,2.0473
9321,0.8002,1.8548,1.9487
9322,0.7970,1.9025,2.0056
9323,0.8007,1.8553,1.9686
9324,0.7992,1.8554,1.9839
9325,0.8002,1.8546,1.9987
9326,0.7990,1.8585,1.9780
9327,0.8005,1.8827,1.9900
9328,0.8294,1.8558,1.9878
9329,0.7975,1.8551,1.9518
9330,0.7981,1.8563,1.9884
9331,0.7957,1.8571,1.9638
9332,0.7972,1.8568,1.9570
9333,0.7970,1.8802,1.9873
9334,0.7971,1.8564,1.9635
9335,0.7960,1.8570,1.9891
9336,0.7970,1.8566,2.0395
9337,0.7975,1.8573,1.9826
9338,0.7964,1.8717,2.4396
9339,0.7974,1.8550,3.6917
9340,0.8281,1.8528,2.8266
9341,0.7958,1.8535,2.1388
9342,0.7934,1.8536,1.9693
9343,0.7953,1.8810,2.0135
9344,0.7941,1.8756,1.9571
9345,0.7952,1.8570,1.9670
9346,0.7943,1.8573,1.9653
9347,0.7945,1.8579,1.9662
9348,0.7943,1.8579,1.9915
9349,0.7942,1.8967,1.9661
9350,0.7941,1.8565,1.9584
9351,0.7936,1.8567,1.9594
9352,0.7949,1.8571,1.9715
9353,0.8338,1.8562,1.9628
9354,0.7960,1.8816,1.9888
9355,0.7951,1.8563,1.9568
9356,0.7963,1.8567,1.9587
9357,0.7937,1.8562,1.9538
9358,0.7962,1.8557,1.9562
9359,0.7967,1.8552,2.0084
9360,0.7962,1.8736,1.9845
9361,0.7956,1.8555,1.9598
9362,0.7947,1.8565,1.9783
9363,0.7962,1.8559,1.9688
9364,0.7955,1.8565,1.9959
9365,0.8113,1.8989,1.9680
9366,0.7932,1.8550,1.9560
9367,0.7932,1.8582,1.9630
9368,0.7943,1.8540,1.9624
9369,0.7939,1.8521,1.9984
9370,0.7876,1.8809,1.9622
9371,0.7868,1.8549,1.9912
9372,0.7882,1.8565,1.9736
9373,0.7882,1.8560,1.9620
9374,0.7886,1.8577,1.9900
9375,0.7883,1.8568,1.9742
9376,0.7889,1.8761,1.9496
9377,0.7896,1.8558,1.9535
9378,0.8107,1.8560,1.9523
9379,0.7984,1.8556,1.9885
9380,0.7979,1.8569,1.9499
9381,0.7986,1.8723,1.9481
9382,0.8368,1.8573,1.9471
9383,0.7995,1.8559,1.9519
9384,0.8003,1.8561,2.0906
9385,0.8000,1.8559,1.9592
9386,0.8007,1.8771,1.9481
9387,0.8002,1.8711,1.9521
9388,0.8351,1.8527,1.9573
9389,0.7960,1.8539,2.0046
9390,0.8138,1.8520,1.9919
9391,0.7995,1.8545,1.9640
9392,0.7996,1.8853,1.9661
9393,0.7986,1.8564,1.9636
9394,0.7988,1.8579,2.0202
9395,0.7988,1.8547,1.9677
9396,0.7983,1.8555,1.9433
9397,0.7976,1.8741,1.9486
9398,0.7979,1.8537,1.9494
9399,0.7978,1.8678,1.9801
9400,0.7974,1.8544,1.9550
9401,0.7968,1.8560,1.9496
9402,0.7976,1.8562,1.9510
9403,0.8154,1.8826,1.9725
9404,0.7906,1.8528,2.0120
9405,0.7906,1.8539,1.9642
9406,0.7967,1.8533,1.9532
9407,0.7977,1.8534,1.9581
9408,0.7963,1.8879,1.9629
9409,0.7975,1.8573,1.9887
9410,0.7963,1.8564,1.9839
9411,0.7973,1.8570,1.9829
9412,0.8345,1.8568,1.9866
9413,0.7970,1.8972,1.9859
9414,0.7965,1.8570,2.0012
9415,0.8139,1.8579,1.9904
9416,0.7962,1.8595,1.9893
9417,0.7952,1.8578,1.9817
9418,0.8357,1.8561,1.9899
9419,0.7982,1.8848,1.9906
9420,0.7993,1.8551,1.9554
9421,0.7980,1.8571,1.9538
9422,0.7987,1.8571,1.9495
9423,0.7989,1.8563,1.9492
9424,0.7983,1.8927,1.9501
9425,0.7989,1.8597,1.9794
9426,0.7982,1.8592,1.9594
9427,0.7989,1.8582,1.9573
9428,0.8128,1.8565,1.9681
9429,0.7974,1.8796,1.9671
9430,0.7999,1.8557,1.9818
9431,0.7893,1.8559,1.9653
9432,0.7972,1.8563,1.9623
9433,0.7969,1.8554,1.9644
9434,0.7979,1.8545,1.9612
9435,0.7880,1.8742,1.9903
9436,0.7888,1.8565,1.9563
9437,0.7897,1.8565,1.9470
9438,0.7890,1.8555,1.9472
9439,0.7882,1.8555,1.9651
9440,0.8027,1.8697,1.9921
9441,0.7885,1.8557,1.9559
9442,0.7882,1.8553,1.9586
9443,0.7967,1.8552,1.9606
9444,0.7873,1.8569,1.9563
9445,0.7872,1.8543,1.9761
9446,0.7872,1.9065,1.9583
9447,0.7871,1.8556,1.9618
9448,0.7872,1.8589,1.9632
9449,0.7877,1.8565,1.9653
9450,0.7872,1.8561,1.9848
9451,0.7882,1.8849,1.9713
9452,0.7876,1.8543,1.9671
9453,0.8022,1.8544,1.9615
9454,0.7878,1.8540,1.9711
9455,0.7890,1.8536,1.9843
9456,0.7988,1.8691,1.9731
9457,0.7987,1.8550,1.9672
9458,0.7966,1.8539,2.0000
9459,0.7899,1.8544,1.9815
9460,0.7880,1.8542,2.0101
9461,0.7877,1.8541,1.9574
9462,0.7880,1.8719,1.9631
9463,0.7886,1.8557,1.9563
9464,0.7895,1.8551,1.9550
9465,0.7905,1.8510,1.9797
9466,0.8192,1.8565,1.9533
9467,0.7999,1.8710,1.9530
9468,0.8003,1.8715,1.9474
9469,0.7888,1.8567,1.9570
9470,0.7990,1.8574,1.9770
9471,0.7890,1.8578,1.9537
9472,0.8005,1.8716,1.9538
9473,0.7893,1.8546,2.1517
9474,0.7996,1.8554,3.7810
9475,0.7895,1.8550,2.9671
9476,0.7991,1.8552,2.2799
9477,0.7893,1.8565,2.3003
9478,0.8153,1.8719,2.3269
9479,0.8484,1.8531,2.2463
9480,0.7920,1.8534,2.2124
9481,0.7966,1.8545,2.1999
9482,0.7947,1.8552,2.1522
9483,0.7933,1.8704,2.2086
9484,0.7937,1.8562,2.1637
9485,0.7944,1.8545,2.1307
9486,0.7949,1.8547,2.1101
9487,0.7940,1.8538,2.0934
9488,0.7925,1.8567,2.1240
9489,0.7943,1.8847,2.1193
9490,0.7949,1.8560,2.0643
9491,0.8248,1.8570,2.0323
9492,0.7960,1.8576,2.0738
9493,0.7960,1.8558,2.0420
9494,0.7951,1.8824,2.0488
9495,0.7953,1.8556,2.0333
9496,0.7964,1.8562,2.0475
9497,0.7959,1.8575,2.0623
9498,0.7959,1.8560,2.0360
9499,0.7955,1.8738,2.0196
9500,0.7954,1.8574,2.0383
9501,0.7950,2.3062,2.0256
9502,0.7946,2.0802,2.0625
9503,0.8202,1.9632,1.9773
9504,0.7954,1.8924,2.0186
9505,0.7948,1.8554,1.9598
9506,0.7959,1.9152,1.9657
9507,0.7959,1.8549,2.0040
9508,0.7965,1.8550,1.9768
9509,0.7963,1.8557,1.9640
9510,0.7955,1.8904,1.9754
9511,0.7949,1.9028,1.9755
9512,0.7935,1.8571,2.0063
9513,0.7964,1.9027,1.9660
9514,0.7997,1.8710,1.9757
9515,0.7979,1.8732,1.9698
9516,0.8491,1.8557,1.9856
9517,0.7946,1.8574,1.9937
9518,0.7951,1.8571,1.9583
9519,0.7946,1.8578,1.9791
9520,0.7967,1.8717,1.9521
9521,0.8325,1.8503,1.9701
9522,0.7941,1.8502,1.9887
9523,0.7952,1.8507,1.9694
9524,0.7949,1.8525,1.9675
9525,0.7948,1.8504,1.9630
9526,0.7944,1.8715,1.9615
9527,0.7936,1.8543,1.9621
9528,0.8042,1.8570,1.9953
9529,0.7950,1.8573,1.9626
9530,0.7941,2.0746,1.9721
9531,0.7874,2.2784,1.9770
9532,0.7980,1.9911,1.9750
9533,0.7970,1.8626,2.0119
9534,0.7969,1.8612,1.9866
9535,0.7964,1.8572,1.9864
9536,0.7966,1.9179,1.9915
9537,0.7964,1.8598,1.9828
9538,0.7967,1.8632,2.0106
9539,0.7954,1.8813,1.9762
9540,0.7871,1.8632,1.9778
9541,0.8053,1.8994,1.9761
9542,0.7865,1.8581,1.9740
9543,0.7859,1.8595,1.9819
9544,0.7963,1.8725,1.9617
9545,0.7867,1.8682,1.9614
9546,0.7867,1.8668,1.9572
9547,0.7865,1.9140,1.9488
9548,0.7867,1.8609,1.9680
9549,0.7870,1.8609,1.9552
9550,0.7874,1.8516,1.9497
9551,0.7877,1.8546,2.0341
9552,0.7874,1.9597,2.3386
9553,0.8037,1.8579,2.0162
9554,0.7951,1.8567,2.0085
9555,0.7971,1.8590,2.0000
9556,0.7873,1.8612,1.9977
9557,0.7973,1.9081,1.9999
9558,0.7981,1.8551,2.0071
9559,0.7879,1.8573,1.9774
9560,0.7884,1.8571,1.9806
9561,0.7882,1.8553,1.9814
9562,0.7885,1.8578,1.9807
9563,0.7881,1.8929,2.0052
9564,0.7889,1.8563,1.9762
9565,0.7894,1.8556,1.9641
9566,0.8113,1.8556,1.9606
9567,0.7993,1.8557,2.0074
9568,0.7996,1.8819,2.0042
9569,0.7879,1.8515,1.9925
9570,0.7886,1.8507,1.9778
9571,0.7880,1.8514,1.9697
9572,0.7877,1.8506,1.9746
9573,0.7878,1.8693,2.0000
9574,0.7889,1.8465,1.9677
9575,0.7873,1.8446,1.9639
9576,0.7878,1.8468,1.9882
9577,0.7899,1.8455,1.9663
9578,0.7887,1.8454,2.0056
9579,0.8127,1.8682,1.9874
9580,0.7970,1.8500,1.9676
9581,0.7979,1.8510,1.9698
9582,0.7964,1.8509,1.9751
9583,0.7966,1.8514,2.0119
9584,0.7969,1.8751,1.9626
9585,0.7977,1.8554,1.9474
9586,0.7959,2.2621,1.9932
9587,0.7964,2.4276,1.9666
9588,0.7970,2.4074,2.0210
9589,0.7970,1.9100,1.9702
9590,0.7966,1.8622,1.9582
9591,0.8141,1.8521,1.9686
9592,0.7948,1.8540,1.9710
9593,0.7954,1.8658,1.9874
9594,0.7954,1.8955,1.9730
9595,0.7946,1.8563,1.9563
9596,0.7957,1.8561,1.9499
9597,0.7957,1.8566,1.9468
9598,0.7965,1.8573,1.9799
9599,0.7950,1.8575,1.9776
9600,0.7946,1.9239,1.9909
9601,0.7953,1.8521,1.9741
9602,0.7955,1.8510,1.9698
9603,0.7956,1.8503,2.0417
9604,0.8106,1.8503,2.0144
9605,0.8365,1.9069,2.0022
9606,0.7953,1.8570,1.9577
9607,0.7929,1.8569,1.9886
9608,0.7973,1.8575,2.0730
9609,0.7957,1.8579,3.0492
9610,0.8329,1.8876,2.9659
9611,0.7948,1.8556,2.8627
9612,0.7959,1.8552,2.7960
9613,0.7952,1.8545,2.8610
9614,0.7961,1.8546,2.8905
9615,0.7954,1.8693,3.1223
9616,0.8158,1.8894,2.7582
9617,0.7997,1.8561,2.8128
9618,0.8001,1.8569,2.5655
9619,0.8000,1.8566,2.1051
9620,0.8008,1.8565,2.1129
9621,0.8002,1.8885,1.9895
9622,0.8007,1.8551,1.9942
9623,0.7996,1.8546,1.9947
9624,0.7994,1.8547,2.0244
9625,0.7991,1.8548,1.9635
9626,0.7996,1.8905,1.9843
9627,0.7999,1.8564,2.0067
9628,0.7990,1.8548,2.1570
9629,0.8455,1.8535,2.4030
9630,0.8201,1.8527,2.1333
9631,0.7942,1.8513,2.0031
9632,0.7946,1.8886,2.0087
9633,0.7936,1.8551,2.0798
9634,0.7936,1.8566,1.9836
9635,0.8302,1.8558,1.9585
9636,0.7934,1.8577,1.9680
9637,0.7915,1.8791,1.9544
9638,0.7926,1.8586,2.0067
9639,0.7913,1.8575,1.9966
9640,0.8299,1.8569,2.0004
9641,0.8087,1.8515,1.9730
9642,0.7900,1.8821,2.0025
9643,0.7892,1.8583,2.0112
9644,0.7899,1.8569,1.9795
9645,0.8275,1.8565,1.9883
9646,0.7916,1.8566,1.9811
9647,0.7917,1.8557,1.9975
9648,0.7916,1.8864,2.0163
9649,0.7920,1.8610,1.9867
9650,0.7914,1.8541,1.9843
9651,0.7921,1.8546,1.9778
9652,0.7920,1.8527,1.9930
9653,0.7914,1.8966,2.0110
9654,0.8137,1.8516,1.9630
9655,0.8004,1.8561,1.9558
9656,0.7992,1.8550,1.9626
9657,0.8004,1.8567,1.9580
9658,0.7991,1.8563,1.9989
9659,0.7988,1.8902,1.9936
9660,0.7994,1.8573,1.9560
9661,0.7991,1.8550,2.0010
9662,0.7984,1.8542,2.0011
9663,0.7996,1.8534,2.0440
9664,0.7988,1.9243,1.9676
9665,0.7988,1.8626,1.9852
9666,0.8080,1.8544,2.0211
9667,0.7956,1.8557,2.0149
9668,0.7964,1.8531,1.9893
9669,0.7935,1.9778,1.9687
9670,0.7957,1.8773,1.9812
9671,0.7952,2.3369,1.9807
9672,0.7981,1.8551,1.9640
9673,0.7997,1.8541,1.9952
9674,0.7999,1.9207,1.9658
9675,0.7996,1.8653,1.9585
9676,0.7999,1.8605,1.9538
9677,0.7996,1.8580,1.9722
9678,0.7999,1.8589,1.9638
9679,0.8104,1.8600,2.0778
9680,0.7984,1.8946,1.9660
9681,0.7982,1.8566,1.9677
9682,0.7989,1.8531,1.9650
9683,0.7990,1.8579,1.9625
9684,0.7985,1.8572,2.0076
9685,0.7984,1.9204,1.9648
9686,0.7987,1.8556,1.9739
9687,0.7972,1.8553,1.9681
9688,0.7991,1.8518,1.9684
9689,0.7991,1.8552,1.9983
9690,0.7982,1.8903,1.9666
9691,0.8107,1.8554,1.9678
9692,0.7994,1.8553,1.9652
9693,0.7991,1.8587,1.9640
9694,0.7982,1.8705,1.9840
9695,0.7997,1.8572,1.9570
9696,0.7994,1.8909,1.9655
9697,0.7997,1.8591,1.9687
9698,0.7991,1.8563,1.9607
9699,0.7995,1.8562,2.1858
9700,0.7998,1.8575,1.9983
9701,0.8002,1.8875,1.9859
9702,0.7994,1.8567,1.9688
9703,0.7997,1.8555,1.9985
9704,0.8144,1.8573,2.0127
9705,0.7964,1.8582,1.9644
9706,0.7943,1.8720,1.9652
9707,0.7937,1.9273,1.9929
9708,0.7946,1.8562,1.9544
9709,0.7941,1.8521,1.9939
9710,0.7936,1.8523,1.9606
9711,0.7947,1.8659,1.9599
9712,0.7877,1.8878,1.9750
9713,0.7880,1.8522,1.9864
9714,0.7888,1.8518,2.1021
9715,0.7884,1.8505,2.0608
9716,0.8170,1.8515,1.9919
9717,0.7999,1.8844,2.0274
9718,0.7884,1.8572,1.9986
9719,0.7884,1.8554,2.0113
9720,0.7991,1.8562,1.9845
9721,0.7885,1.8562,1.9719
9722,0.7893,1.8713,1.9833
9723,0.7892,1.8890,1.9936
9724,0.7892,1.8558,2.0138
9725,0.7884,1.8561,1.9736
9726,0.7885,1.8562,1.9665
9727,0.7878,1.8565,1.9648
9728,0.7882,1.8768,1.9699
9729,0.8114,1.8560,1.9960
9730,0.7998,1.8568,1.9749
9731,0.7985,1.8558,2.1147
9732,0.7999,1.8564,2.0075
9733,0.7994,1.8729,2.0185
9734,0.7989,1.8559,2.0402
9735,0.7985,1.8559,1.9761
9736,0.7993,1.8569,1.9743
9737,0.7980,1.8516,1.9908
9738,0.7897,1.8507,1.9908
9739,0.7895,1.8835,2.0337
9740,0.7891,1.8549,1.9764
9741,0.8210,1.8558,1.9775
9742,0.7983,1.8562,1.9946
9743,0.7973,1.8557,1.9812
9744,0.7974,1.8929,2.0213
9745,0.7977,1.8544,1.9826
9746,0.7986,1.8515,1.9982
9747,0.7974,1.8523,1.9968
9748,0.7886,1.8521,1.9980
9749,0.7884,1.8795,2.0284
9750,0.7883,1.8562,2.0291
9751,0.7879,1.8546,1.9983
9752,0.7891,1.8546,1.9951
9753,0.7892,1.8547,2.0028
9754,0.8080,1.8513,2.0102
9755,0.7936,1.8690,1.9857
9756,0.7925,1.9696,1.9748
9757,0.7930,2.2182,1.9778
9758,0.7955,1.9399,1.9781
9759,0.7947,1.8590,1.9959
9760,0.7944,1.9243,1.9784
9761,0.7955,1.8545,1.9607
9762,0.7962,1.8518,1.9600
9763,0.7951,1.8637,1.9561
9764,0.8344,1.8484,1.9830
9765,0.7970,1.8930,1.9535
9766,0.8137,1.8508,1.9639
9767,0.7998,1.8497,1.9658
9768,0.8010,1.8481,1.9613
9769,0.8370,1.8477,1.9862
9770,0.7989,1.8513,1.9543
9771,0.7971,1.8847,1.9574
9772,0.7970,1.8595,1.9405
9773,0.7972,1.8595,1.9619
9774,0.7975,1.8599,1.9752
9775,0.8359,1.8578,1.9653
9776,0.7992,1.8854,1.9648
9777,0.7980,1.8610,1.9664
9778,0.7982,1.8469,1.9670
9779,0.8135,1.8487,2.0147
9780,0.8373,1.8471,1.9646
9781,0.7985,1.8823,1.9699
9782,0.7977,1.8575,1.9694
9783,0.7984,1.8584,1.9662
9784,0.7996,1.8573,1.9920
9785,0.7981,1.8585,1.9699
9786,0.7978,1.8591,1.9767
9787,0.7981,1.8737,1.9677
9788,0.7984,1.8542,1.9696
9789,0.7987,1.8550,1.9879
9790,0.7895,1.8540,1.9659
9791,0.8065,1.8557,1.9656
9792,0.7968,1.8729,1.9646
9793,0.7974,1.8569,2.0852
9794,0.7990,1.8555,2.0298
9795,0.7970,1.8555,1.9731
9796,0.7975,1.8561,1.9665
9797,0.7955,1.8578,1.9646
9798,0.7962,1.8715,1.9651
9799,0.7964,1.8563,1.9851
9800,0.7976,1.8560,1.9428
9801,0.7983,1.8544,1.9498
9802,0.7964,1.8542,1.9422
9803,0.7954,1.9245,1.9586
9804,0.8143,1.8729,1.9707
9805,0.7895,1.8739,1.9604
9806,0.7901,1.9199,1.9442
9807,0.7910,1.8733,1.9377
9808,0.7893,1.8888,1.9459
9809,0.7998,1.8741,1.9556
9810,0.7992,1.8726,1.9823
9811,0.7990,1.8730,1.9614
9812,0.7989,1.8725,1.9512
9813,0.7983,1.8725,1.9508
9814,0.7887,1.8893,1.9460
9815,0.7897,1.8681,1.9747
9816,0.8048,1.8686,1.9587
9817,0.7879,1.8707,1.9627
9818,0.8087,1.8738,1.9620
9819,0.7944,1.8847,1.9621
9820,0.7935,1.8485,1.9728
9821,0.7938,1.8453,1.9558
9822,0.7926,1.8457,1.9596
9823,0.7922,1.8457,1.9592
9824,0.7938,1.8707,1.9607
9825,0.7940,1.8792,1.9732
9826,0.7926,1.8782,1.9572
9827,0.7941,1.8783,1.9581
9828,0.7930,1.8792,1.9610
9829,0.8296,1.8778,1.9525
9830,0.7931,1.8926,1.9761
9831,0.7939,1.8783,1.9665
9832,0.7835,1.8772,1.9660
9833,0.7942,1.8788,1.9586
9834,0.7946,1.8789,1.9649
9835,0.7943,1.8887,2.0290
9836,0.7948,1.8795,1.9993
9837,0.7945,1.8777,1.9987
9838,0.7941,1.8776,1.9956
9839,0.7942,1.8779,1.9970
9840,0.7941,1.8963,2.0061
9841,0.8104,1.8795,1.9881
9842,0.7971,1.8797,1.9688
9843,0.7851,1.8789,1.9751
9844,0.7964,1.8777,1.9935
9845,0.7963,1.8793,1.9877
9846,0.7967,1.8694,2.0174
9847,0.7981,1.8575,1.9680
9848,0.7979,1.8551,2.0287
9849,0.7978,1.8558,1.9668
9850,0.7957,1.8541,2.0127
9851,0.7966,1.8683,1.9683
9852,0.7969,1.8552,1.9801
9853,0.7974,1.8541,1.9659
9854,0.8071,1.8538,1.9597
9855,0.7906,1.8505,1.9900
9856,0.7929,1.8642,1.9547
9857,0.7906,1.8567,1.9681
9858,0.7906,1.8542,1.9892
9859,0.7918,1.8556,1.9530
9860,0.7928,1.8555,1.9652
9861,0.7933,1.8562,1.9801
9862,0.7931,1.8849,1.9626
9863,0.7897,1.8540,1.9652
9864,0.7845,1.8533,1.9517
9865,0.7852,1.8531,1.9726
9866,0.7853,1.8534,1.9909
9867,0.8126,1.8661,1.9835
9868,0.8347,1.8536,1.9824
9869,0.7969,1.8536,1.9688
9870,0.7962,1.8562,1.9892
9871,0.7966,1.8558,1.9912
9872,0.7968,1.8693,1.9740
9873,0.7957,1.8557,1.9752
9874,0.8339,1.8545,1.9689
9875,0.7981,1.8548,2.0007
9876,0.7997,1.8527,1.9693
9877,0.7985,1.8549,1.9800
9878,0.7984,1.8685,1.9840
9879,0.8247,1.8558,2.0861
9880,0.7998,1.8566,2.5261
9881,0.8006,1.8572,3.5811
9882,0.8001,1.8560,2.4527
9883,0.7985,1.8776,1.9492
9884,0.8000,1.8532,2.0572
9885,0.8001,1.8514,1.9597
9886,0.7911,1.8503,1.9772
9887,0.7906,1.8508,2.0061
9888,0.7909,1.8538,1.9632
9889,0.7902,1.8716,2.0079
9890,0.7903,1.8562,1.9647
9891,0.7920,1.8578,1.9635
9892,0.8103,1.8567,1.9818
9893,0.7973,1.8524,1.9586
9894,0.7979,1.8687,1.9797
9895,0.7976,1.8508,1.9509
9896,0.7986,1.8506,1.9503
9897,0.7981,1.8499,1.9499
9898,0.7980,1.8502,1.9597
9899,0.7972,1.8654,1.9981
9900,0.7982,1.8490,1.9736
9901,0.7973,1.8498,1.9588
9902,0.7977,1.8500,1.9508
9903,0.7975,1.8497,1.9530
9904,0.8205,1.8495,1.9603
9905,0.7967,1.8721,1.9573
9906,0.7940,1.8564,1.9426
9907,0.7965,1.8572,1.9505
9908,0.7971,1.8554,1.9395
9909,0.7967,1.8553,1.9487
9910,0.7988,1.8692,1.9753
9911,0.7976,1.8512,1.9506
9912,0.8001,1.8521,1.9543
9913,0.7995,1.8524,1.9557
9914,0.7987,1.8523,1.9582
9915,0.8016,1.8517,1.9782
9916,0.7987,1.8701,1.9495
9917,0.8252,1.8550,1.9702
9918,0.7971,1.8540,1.9532
9919,0.8021,1.8554,1.9551
9920,0.7998,1.8559,1.9787
9921,0.7982,1.8751,1.9530
9922,0.7985,1.8543,1.9595
9923,0.7977,1.8553,1.9565
9924,0.7986,1.8550,1.9575
9925,0.7982,1.8560,1.9775
9926,0.7967,1.8660,1.9489
9927,0.7970,1.8517,1.9522
9928,0.7992,1.8510,1.9551
9929,0.8120,1.8510,1.9554
9930,0.7982,1.8502,1.9712
9931,0.7975,1.8493,1.9533
9932,0.7968,1.8665,1.9507
9933,0.7981,1.8498,1.9499
9934,0.7968,1.8509,1.9531
9935,0.7968,1.8457,2.0800
9936,0.7884,1.8495,1.9656
9937,0.7865,1.8629,1.9926
9938,0.7880,1.8513,1.9822
9939,0.7877,1.8518,2.0019
9940,0.7889,1.8507,2.1012
9941,0.7874,1.8517,1.9719
9942,0.8133,1.8666,1.9811
9943,0.7946,1.8581,1.9726
9944,0.7956,1.8558,1.9705
9945,0.7865,1.8562,1.9832
9946,0.7864,1.8554,1.9542
9947,0.7890,1.8567,1.9526
9948,0.7861,1.8702,1.9571
9949,0.7931,1.8968,1.9535
9950,0.7949,1.8512,1.9731
9951,0.7869,1.8972,1.9604
9952,0.7919,1.8508,1.9723
9953,0.7920,1.8726,1.9699
9954,0.8220,1.8800,1.9723
9955,0.7939,1.8791,1.9927
9956,0.7950,1.8780,1.9538
9957,0.7953,1.8778,1.9515
9958,0.7945,1.8780,1.9559
9959,0.7951,1.8851,1.9510
9960,0.7952,1.8724,1.9710
9961,0.7946,1.8751,1.9997
9962,0.7956,1.8759,2.0031
9963,0.7939,1.8739,1.9994
9964,0.7952,1.8879,2.0003
9965,0.7949,1.8750,2.0139
9966,0.7945,1.8763,1.9979
9967,0.8202,1.8782,1.9969
9968,0.7941,1.8738,1.9927
9969,0.7957,1.8883,1.9953
9970,0.7951,1.8554,2.0142
9971,0.7928,1.8553,1.9728
9972,0.7964,1.8545,1.9547
9973,0.7955,1.8556,1.9568
9974,0.7960,1.8563,1.9698
9975,0.7958,1.8670,1.9901
9976,0.7956,1.8542,1.9594
9977,0.7956,1.8546,1.9596
9978,0.7965,1.8544,1.9599
9979,0.8099,1.8529,1.9558
9980,0.7992,1.8738,1.9535
9981,0.7872,1.8550,1.9813
9982,0.7976,1.8553,1.9663
9983,0.7930,1.8556,1.9680
9984,0.7928,1.8547,1.9647
9985,0.7930,1.8684,1.9666
9986,0.7934,1.8550,2.0104
9987,0.7923,1.8545,1.9433
9988,0.7947,1.8543,1.9468
9989,0.7916,1.8540,1.9435
9990,0.7957,1.8542,1.9474
9991,0.7860,1.8689,1.9621
9992,0.8227,1.8575,1.9499
9993,0.7921,1.8557,1.9519
9994,0.7922,1.8552,1.9494
9995,0.7907,1.8564,1.9512
9996,0.7918,1.8763,1.9735
9997,0.7920,1.8500,1.9466
9998,0.7897,1.8507,1.9497
9999,0.7904,1.8506,1.9516
10000,0.7901,1.8504,1.9426
