iteration,float32_us,int8_us
1,1.8592,2.5016
2,1.7910,2.4617
3,1.8529,2.4647
4,1.8990,2.4658
5,1.8609,2.4939
6,1.9088,2.4716
7,2.2292,2.4755
8,2.8386,2.4654
9,2.7566,2.5039
10,2.8151,2.4637
11,2.7316,2.7000
12,2.7017,3.0715
13,2.7118,3.2078
14,2.7210,3.2411
15,2.6944,3.2462
16,2.4252,3.3880
17,2.5259,3.1772
18,2.4748,3.2172
19,2.5124,3.3054
20,2.4488,3.2373
21,2.5962,3.1688
22,2.5367,3.2298
23,2.3318,3.2242
24,1.8476,3.1791
25,1.7932,3.3154
26,1.9061,3.1206
27,1.8767,2.5244
28,1.8647,2.5752
29,1.8361,2.5564
30,1.8878,2.4761
31,1.8985,2.4755
32,1.7698,2.4694
33,1.7554,2.5482
34,1.7679,2.6450
35,1.7168,2.6611
36,1.7087,2.6949
37,1.7516,2.5189
38,1.7006,2.4639
39,1.7046,2.4613
40,1.6900,2.5083
41,1.7045,2.4617
42,1.6959,2.4602
43,1.7438,2.4610
44,1.7025,2.5104
45,1.7082,2.4626
46,1.7071,2.4618
47,1.7029,2.4639
48,1.7126,2.5048
49,1.7909,2.4619
50,1.7007,2.4610
51,1.7022,2.4611
52,1.6968,2.4642
53,2.6139,2.5178
54,3.3104,2.4653
55,1.6997,2.4624
56,1.7032,2.4620
57,1.6983,2.5225
58,1.7105,2.4609
59,1.7679,2.4604
60,1.6983,2.4613
61,2.2303,2.6030
62,2.4200,2.4633
63,2.4221,2.4611
64,2.4837,2.4612
65,2.4192,2.4871
66,2.4294,2.4615
67,2.4220,2.4621
68,2.4642,2.4616
69,2.0415,2.4909
70,1.7080,2.4610
71,1.6999,2.4609
72,1.6946,2.4616
73,1.7346,2.4924
74,1.7047,2.4603
75,1.6985,2.4609
76,1.7018,2.4609
77,1.6992,2.4960
78,1.7058,2.4625
79,1.7645,2.4607
80,1.7025,2.4615
81,1.7027,2.4958
82,1.7019,2.4646
83,1.7064,2.4698
84,1.7104,2.4609
85,1.7626,2.4851
86,1.7029,2.4584
87,2.7264,2.4591
88,3.2837,2.4589
89,3.3813,2.4840
90,2.2681,2.4604
91,1.7059,2.4612
92,1.7028,2.5021
93,1.7698,2.6738
94,1.6991,2.7122
95,1.9768,2.5149
96,1.9263,2.4633
97,1.9137,2.5196
98,1.9131,2.4612
99,1.9846,2.4610
100,2.6376,2.4611
101,3.2934,2.4987
102,3.4046,2.4616
103,2.9439,2.4618
104,1.6983,2.4689
105,1.7047,2.4963
106,1.6991,2.4543
107,1.7442,2.4596
108,1.7037,2.4600
109,1.6979,2.5281
110,1.7010,2.4612
111,1.7067,2.4615
112,1.7023,2.4629
113,1.7406,2.5283
114,1.7027,2.4621
115,1.6993,2.4642
116,1.6979,2.4621
117,1.7076,2.5101
118,1.7106,2.4597
119,1.7490,2.4596
120,1.7010,2.4602
121,1.7017,2.4932
122,1.6980,2.4590
123,1.6993,2.4591
124,1.6956,2.4588
125,1.7376,2.4962
126,1.6896,2.4590
127,1.7197,2.4601
128,1.7073,2.4596
129,1.7072,2.5106
130,1.7372,2.4756
131,1.6995,2.4612
132,1.7079,2.4611
133,1.7031,2.5227
134,1.7084,2.4612
135,1.7037,2.4612
136,1.7471,2.4622
137,1.6993,2.5171
138,1.7248,2.4561
139,1.7221,2.4621
140,1.7037,2.4650
141,1.7175,2.5134
142,1.7430,2.4600
143,1.7063,2.4595
144,1.7085,2.4605
145,2.6763,2.5263
146,2.7215,2.4607
147,2.8170,2.4611
148,2.6709,2.4604
149,2.5679,2.5041
150,2.6286,2.4602
151,2.5628,2.4612
152,2.5876,2.4605
153,2.6015,2.4996
154,2.7080,2.4623
155,2.5718,2.4625
156,2.5569,2.4631
157,2.4272,2.5008
158,2.5006,2.4604
159,2.2854,2.4606
160,1.7098,2.4616
161,1.7150,2.4951
162,1.7076,2.4618
163,1.6999,2.4638
164,1.7685,2.4616
165,1.7216,2.4605
166,1.7028,2.5182
167,1.6996,2.4615
168,1.7036,2.4620
169,1.7365,2.4612
170,1.7039,2.4910
171,1.6976,2.4619
172,1.6962,2.4599
173,1.6871,2.4602
174,1.7020,2.5172
175,2.7118,2.4601
176,1.0673,2.4608
177,1.0669,2.4609
178,0.9614,2.5001
179,0.7574,2.4599
180,0.7584,2.4604
181,0.7593,2.4599
182,0.7592,2.5168
183,0.7589,2.4608
184,0.7598,2.4611
185,0.7582,2.4616
186,0.8214,2.4950
187,0.7600,2.4602
188,0.7601,2.4628
189,0.7595,2.4610
190,0.7611,2.4909
191,0.7595,2.4610
192,0.7629,2.4611
193,0.7642,2.4616
194,0.7632,2.4943
195,0.7596,2.4609
196,0.7583,2.4604
197,0.7617,2.4608
198,0.7696,2.5016
199,0.8094,2.4653
200,0.7620,2.4616
201,0.7757,2.4614
202,0.7693,2.4946
203,0.7677,2.4606
204,0.7822,2.4601
205,0.7787,2.4604
206,0.7792,2.4939
207,0.7788,2.4664
208,0.7857,2.4606
209,0.7745,2.4608
210,0.7703,2.4907
211,0.7655,2.4617
212,0.8189,2.4630
213,0.7673,2.4625
214,0.7610,2.5082
215,0.7597,2.4618
216,0.7636,2.4601
217,0.7636,2.4606
218,0.7650,2.4964
219,0.7622,2.4615
220,0.7611,2.4611
221,0.7906,2.4649
222,0.7808,2.5258
223,0.7812,2.4598
224,0.7752,2.4609
225,0.8185,2.4613
226,0.7722,2.5514
227,0.7722,2.4485
228,0.7785,2.4491
229,0.7717,2.4603
230,0.7767,2.4993
231,0.7714,2.4490
232,0.7694,2.4511
233,0.7721,2.4610
234,0.7769,2.4904
235,0.7777,2.4627
236,0.7805,2.4684
237,0.7871,2.4658
238,0.7941,2.5152
239,0.7756,2.4616
240,0.7824,2.4632
241,0.7805,2.4638
242,0.7751,2.5005
243,0.7733,2.4602
244,0.7784,2.4614
245,0.7788,2.4610
246,0.7738,2.4971
247,0.7728,2.4611
248,0.7765,2.4612
249,0.7720,2.4609
250,0.8312,2.5146
251,0.7740,2.4616
252,0.7746,2.4616
253,0.7730,2.4613
254,0.7742,2.4612
255,0.7747,2.5026
256,0.7784,2.4619
257,0.7750,2.4610
258,0.7746,2.4609
259,0.7739,2.5111
260,0.7723,2.4599
261,0.7730,2.4589
262,0.7738,2.4592
263,0.8470,2.5009
264,0.7769,2.4614
265,0.7740,2.4614
266,0.7747,2.4607
267,0.7732,2.5280
268,0.7741,2.4598
269,0.7734,2.4598
270,0.7727,2.4628
271,0.7781,2.5106
272,0.7735,2.4616
273,0.7748,2.4617
274,0.7733,2.4620
275,0.7752,2.5197
276,0.9405,2.4618
277,0.7725,2.4618
278,0.7741,2.4608
279,0.7746,2.5113
280,0.7771,2.4638
281,0.7733,2.4642
282,0.7755,2.4646
283,0.7727,2.4885
284,0.7745,2.4602
285,0.7735,2.4609
286,0.7743,2.4602
287,0.7770,2.5238
288,0.7739,2.4610
289,0.8092,2.4610
290,0.7746,2.4611
291,0.7727,2.5041
292,0.7752,2.4606
293,0.7733,2.4599
294,0.7732,2.4607
295,0.7741,2.4939
296,0.7743,2.4635
297,0.7776,2.4602
298,0.7745,2.4606
299,0.7738,2.4932
300,0.7739,2.4602
301,0.7738,2.4601
302,0.8091,2.4586
303,0.7736,2.4924
304,0.7719,2.4610
305,0.7751,2.4603
306,0.7741,2.4621
307,0.7745,2.5009
308,0.7758,2.4605
309,0.7744,2.4599
310,0.7746,2.4600
311,0.7769,2.4950
312,0.7732,2.4606
313,0.7729,2.4610
314,0.8041,2.4604
315,0.7755,2.4975
316,0.7743,2.4607
317,0.7765,2.4608
318,0.7743,2.4610
319,0.7759,2.4941
320,0.7819,2.4610
321,0.7821,2.4608
322,0.7804,2.4615
323,0.7797,2.4908
324,0.7821,2.4618
325,0.7768,2.4604
326,0.7769,2.4606
327,0.8264,2.4959
328,0.7772,2.4608
329,0.7744,2.4604
330,0.7728,2.4650
331,0.7727,2.4966
332,0.7727,2.4624
333,0.7788,2.4611
334,0.7737,2.4607
335,0.7794,2.4981
336,0.7733,2.4604
337,0.7861,2.4608
338,0.7734,2.4612
339,0.7741,2.4940
340,0.8060,2.4615
341,0.7741,2.4600
342,0.7733,2.4615
343,0.7737,2.4607
344,0.7743,2.4901
345,0.7751,2.4609
346,0.7747,2.4606
347,0.7738,2.4609
348,0.7735,2.4825
349,0.7730,2.4610
350,0.7720,2.4614
351,0.7757,2.4610
352,0.7730,2.4954
353,0.8021,2.4612
354,0.7754,2.4605
355,0.7746,2.4620
356,0.7723,2.4885
357,0.7731,2.4610
358,0.7742,2.4631
359,0.7750,2.4644
360,0.7747,2.5120
361,0.7744,2.4627
362,0.7742,2.4615
363,0.7758,2.4645
364,0.7727,2.4972
365,0.7745,2.4603
366,0.8586,2.4603
367,0.7742,2.4605
368,0.7736,2.5479
369,0.7733,2.4624
370,0.7736,2.4612
371,0.7732,2.4613
372,0.7744,2.5024
373,0.7740,2.4621
374,0.7739,2.4621
375,0.7723,2.4608
376,0.7735,2.4901
377,0.7797,2.4602
378,0.7739,2.4604
379,0.8028,2.4608
380,0.7739,2.5027
381,0.7732,2.4610
382,0.7742,2.4646
383,0.7741,2.4614
384,0.7771,2.4919
385,0.7735,2.4664
386,0.7743,2.4639
387,0.7733,2.4652
388,0.7781,2.4936
389,0.7738,2.4614
390,0.7749,2.4616
391,0.7741,2.4631
392,0.7982,2.5610
393,0.7743,2.4602
394,0.7737,2.4603
395,0.7715,2.4615
396,0.7745,2.5083
397,0.7732,2.4622
398,0.7740,2.4624
399,0.7748,2.4619
400,0.7745,2.5195
401,0.7738,2.4603
402,0.7752,2.4605
403,0.7772,2.4670
404,0.8045,2.4934
405,0.7742,2.4602
406,0.7760,2.4639
407,0.7734,2.4624
408,0.7742,2.5016
409,0.7716,2.4597
410,0.7736,2.4608
411,0.7764,2.4605
412,0.7721,2.5073
413,0.7763,2.4611
414,0.7738,2.4601
415,0.7736,2.4609
416,0.7735,2.5006
417,0.8109,2.4620
418,0.7707,2.4618
419,0.7762,2.4618
420,0.7711,2.4852
421,0.7716,2.4612
422,0.7698,2.4602
423,0.7698,2.4596
424,0.7718,2.4955
425,0.7715,2.4616
426,0.7766,2.4617
427,0.7731,2.4600
428,0.7745,2.4828
429,0.7774,2.4629
430,0.8048,2.4691
431,0.7737,2.6186
432,0.7732,2.6359
433,0.7733,2.5443
434,0.7734,2.4623
435,0.7724,2.4625
436,0.7791,2.5238
437,0.7734,2.4629
438,0.7731,2.4626
439,0.7736,2.4619
440,0.7748,2.4931
441,0.7721,2.4624
442,0.7728,2.4579
443,0.8047,2.4643
444,0.7721,2.4628
445,0.7736,2.4960
446,0.7736,2.4619
447,0.7728,2.4645
448,0.7731,2.4627
449,0.7775,2.5022
450,0.7749,2.4610
451,0.7737,2.4642
452,0.7723,2.4647
453,0.7736,2.5172
454,0.7723,2.4632
455,0.7730,2.4634
456,0.8086,2.4633
457,0.7734,2.4862
458,0.7751,2.4587
459,0.7748,2.4648
460,0.7731,2.4639
461,0.7732,2.4995
462,0.7741,2.4865
463,0.7737,2.4615
464,0.7756,2.4616
465,0.7750,2.4991
466,0.7755,2.4617
467,0.7748,2.4602
468,0.7743,2.4618
469,0.7920,2.5065
470,0.7762,2.4607
471,0.7731,2.4601
472,0.7745,2.4613
473,0.7742,2.4832
474,0.7703,2.4601
475,0.7742,2.4594
476,0.7744,2.4612
477,0.7754,2.4939
478,0.7742,2.4620
479,0.7752,2.4622
480,0.7734,2.4618
481,0.7747,2.5120
482,0.7927,2.4619
483,0.7747,2.4615
484,0.7735,2.4617
485,0.7738,2.4880
486,0.7742,2.4612
487,0.7788,2.4619
488,0.7741,2.4610
489,0.7728,2.4817
490,0.7746,2.4617
491,0.7730,2.4607
492,0.7744,2.4603
493,0.7745,2.4932
494,0.7746,2.4604
495,0.8713,2.4611
496,0.7721,2.4609
497,0.7735,2.4967
498,0.7735,2.4623
499,0.7749,2.4616
500,0.7744,2.4619
501,0.7788,2.4993
502,0.7740,2.4621
503,0.7732,2.4610
504,0.7745,2.4626
505,0.7763,2.4915
506,0.7744,2.4587
507,0.8121,2.4600
508,0.7753,2.4593
509,0.7743,2.4972
510,0.7749,2.4596
511,0.7742,2.4596
512,0.7727,2.4597
513,0.7734,2.4983
514,0.7741,2.4605
515,0.7800,2.4601
516,0.7732,2.4603
517,0.7752,2.4920
518,0.7739,2.4609
519,0.7755,2.4621
520,0.8027,2.4611
521,0.7731,2.5294
522,0.7729,2.4614
523,0.7721,2.4622
524,0.7730,2.4625
525,0.7721,2.6022
526,0.7707,2.9401
527,0.7701,2.9485
528,0.7727,3.0265
529,0.7716,3.1088
530,0.7715,3.0003
531,0.7715,3.0340
532,0.7735,2.9526
533,0.7894,2.4669
534,0.7733,2.4631
535,0.7718,2.4688
536,0.7735,2.7757
537,0.7787,3.2507
538,0.7736,3.2034
539,0.7726,3.3711
540,0.7734,3.1661
541,0.7714,3.2108
542,0.7725,3.4327
543,0.7733,2.6714
544,0.7766,2.4724
545,0.7773,2.4744
546,0.7906,2.8054
547,0.7725,2.4639
548,0.7727,2.4603
549,0.7725,2.4599
550,0.7718,2.4988
551,0.7732,2.4624
552,0.7719,2.4613
553,0.7778,2.4645
554,0.7745,2.5077
555,0.7746,2.4602
556,0.7727,2.4607
557,0.7744,2.4598
558,0.7728,2.4938
559,0.7955,2.4596
560,0.7742,2.4608
561,0.7741,2.4596
562,0.7736,2.5043
563,0.7814,2.4598
564,0.7737,2.4606
565,0.7740,2.4601
566,0.7743,2.4971
567,0.7768,2.4602
568,0.7798,2.4594
569,0.7749,2.4621
570,0.7733,2.5160
571,0.7735,2.4624
572,0.7916,2.4604
573,0.7754,2.4599
574,0.7720,2.4856
575,0.7728,2.4617
576,0.7734,2.4624
577,0.7734,2.4617
578,0.7736,2.4940
579,0.7731,2.4619
580,0.7752,2.4621
581,0.7730,2.4633
582,0.7740,2.5007
583,0.7730,2.4603
584,0.7737,2.4608
585,0.7897,2.4602
586,0.7750,2.4974
587,0.7735,2.4614
588,0.7738,2.4613
589,0.7725,2.4605
590,0.7735,2.4866
591,0.7733,2.4607
592,0.7804,2.4618
593,0.7743,2.4615
594,0.7724,2.4940
595,0.7730,2.4610
596,0.7729,2.4606
597,0.7743,2.4597
598,0.7958,2.4604
599,0.7708,2.4995
600,0.7721,2.4601
601,0.7715,2.4599
602,0.7713,2.4602
603,0.7717,2.4969
604,0.7705,2.4621
605,0.7709,2.4633
606,0.7720,2.4605
607,0.7722,2.4921
608,0.7709,2.4615
609,0.7706,2.4609
610,0.7710,2.4614
611,0.8061,2.4915
612,0.7732,2.4632
613,0.7738,2.4630
614,0.7729,2.4623
615,0.7737,2.5007
616,0.7731,2.4618
617,0.7767,2.4617
618,0.7732,2.4620
619,0.7747,2.4967
620,0.7735,2.4608
621,0.7737,2.4686
622,0.7741,2.4612
623,0.7940,2.4826
624,0.7729,2.4607
625,0.7744,2.4610
626,0.7749,2.4612
627,0.7735,2.5084
628,0.7754,2.4613
629,0.7736,2.4610
630,0.7781,2.4616
631,0.7755,2.4985
632,0.7747,2.4625
633,0.7760,2.4613
634,0.7763,2.4618
635,0.7742,2.4937
636,0.8002,2.4623
637,0.7749,2.4630
638,0.7754,2.4630
639,0.7748,2.4885
640,0.7735,2.4624
641,0.7735,2.4616
642,0.7756,2.4616
643,0.7803,2.4951
644,0.7754,2.4609
645,0.7747,2.4612
646,0.7745,2.4614
647,0.7738,2.5025
648,0.7804,2.4607
649,0.7925,2.4605
650,0.7744,2.4611
651,0.7795,2.5087
652,0.7747,2.4678
653,0.7776,2.4611
654,0.7742,2.4608
655,0.7739,2.4816
656,0.7748,2.4613
657,0.7798,2.4607
658,0.7735,2.4645
659,0.7724,2.4940
660,0.7730,2.4603
661,0.7759,2.4616
662,0.8196,2.4618
663,0.7732,2.4934
664,0.7753,2.4600
665,0.7746,2.4616
666,0.7744,2.4608
667,0.7744,2.5218
668,0.7744,2.4608
669,0.7738,2.4618
670,0.7742,2.4619
671,0.7728,2.5014
672,0.7723,2.4605
673,0.7743,2.4615
674,0.7733,2.4633
675,0.8036,2.4949
676,0.7715,2.4629
677,0.7729,2.4610
678,0.7728,2.4612
679,0.7730,2.4931
680,0.7737,2.4618
681,0.7757,2.4612
682,0.7724,2.4630
683,0.7743,2.4617
684,0.7726,2.4972
685,0.7722,2.4602
686,0.7721,2.4597
687,0.7734,2.4594
688,0.7918,2.4770
689,0.7752,2.4595
690,0.7780,2.4585
691,0.7733,2.4584
692,0.7747,2.4934
693,0.7756,2.4600
694,0.7749,2.4604
695,0.7731,2.4605
696,0.7761,2.4968
697,0.7804,2.4604
698,0.7752,2.4600
699,0.7749,2.4602
700,0.7736,2.4919
701,0.7967,2.4605
702,0.7725,2.4606
703,0.7741,2.4607
704,0.7743,2.4830
705,0.7746,2.4640
706,0.7746,2.4646
707,0.7732,2.4637
708,0.7754,2.5003
709,0.7748,2.4619
710,0.7745,2.4685
711,0.7801,2.4656
712,0.7744,2.4990
713,0.7740,2.4614
714,0.7945,2.4607
715,0.7730,2.4767
716,0.7733,2.4980
717,0.7734,2.4591
718,0.7735,2.4590
719,0.7732,2.4596
720,0.7725,2.4937
721,0.7737,2.4892
722,0.7735,2.4615
723,0.7721,2.4617
724,0.7731,2.5098
725,0.7782,2.4605
726,0.8068,2.4607
727,0.7719,2.4614
728,0.7727,2.5010
729,0.7738,2.4611
730,0.7773,2.4606
731,0.7727,2.4611
732,0.7726,2.4996
733,0.7736,2.4604
734,0.7731,2.4611
735,0.7743,2.4610
736,0.7736,2.4995
737,0.7733,2.4638
738,0.7722,2.4643
739,0.7964,2.4632
740,0.7736,2.4995
741,0.7733,2.4608
742,0.7733,2.4622
743,0.7735,2.4621
744,0.7752,2.4888
745,0.7734,2.4617
746,0.7724,2.4615
747,0.7735,2.4617
748,0.7734,2.5012
749,0.7732,2.4615
750,0.7718,2.4615
751,0.7731,2.4612
752,0.8136,2.4994
753,0.7724,2.4615
754,0.7726,2.4617
755,0.7721,2.4618
756,0.7731,2.4862
757,0.7710,2.4611
758,0.7722,2.4616
759,0.7721,2.4599
760,0.7734,2.4958
761,0.7735,2.4619
762,0.7722,2.4650
763,0.7719,2.4629
764,0.7720,2.5040
765,0.7964,2.4628
766,0.7739,2.4598
767,0.7743,2.4631
768,0.7736,2.4626
769,0.7736,2.5115
770,0.7723,2.4619
771,0.7728,2.4602
772,0.7740,2.4610
773,0.7735,2.4988
774,0.7732,2.4610
775,0.7740,2.4634
776,0.7733,2.4618
777,0.7787,2.4980
778,0.8044,2.4598
779,0.7745,2.4594
780,0.7736,2.4591
781,0.7735,2.4984
782,0.7748,2.4614
783,0.7732,2.4608
784,0.7741,2.4609
785,0.7749,2.4952
786,0.7805,2.4622
787,0.7747,2.4601
788,0.7804,2.4613
789,0.7748,2.4994
790,0.7795,2.4591
791,0.7884,2.4609
792,0.7710,2.4611
793,0.7706,2.4834
794,0.7709,2.4602
795,0.7713,2.4614
796,0.7710,2.4598
797,0.7702,2.4907
798,0.7701,2.4631
799,0.7751,2.4612
800,0.7718,2.4613
801,0.7714,2.5081
802,0.7705,2.4614
803,0.7734,2.4608
804,0.7945,2.4599
805,0.7714,2.5032
806,0.7716,2.4601
807,0.7715,2.4609
808,0.7705,2.4599
809,0.7724,2.4893
810,0.7788,2.4607
811,0.7726,2.4611
812,0.7778,2.4604
813,0.7716,2.4986
814,0.7710,2.4613
815,0.7718,2.4610
816,0.7783,2.4614
817,0.8032,2.5118
818,0.7709,2.4609
819,0.7705,2.4605
820,0.7719,2.4619
821,0.7704,2.5105
822,0.7713,2.4613
823,0.7702,2.4622
824,0.7711,2.4617
825,0.7701,2.4865
826,0.7709,2.4612
827,0.7710,2.4611
828,0.7705,2.4609
829,0.7706,2.5122
830,0.8061,2.5965
831,0.7724,2.6432
832,0.7735,2.4931
833,0.7744,2.4969
834,0.7720,2.4633
835,0.7738,2.4634
836,0.7737,2.4628
837,0.7741,2.5064
838,0.7728,2.4623
839,0.7748,2.4620
840,0.7760,2.4625
841,0.7726,2.5067
842,0.7890,2.4620
843,0.7732,2.4622
844,0.7740,2.4616
845,0.7740,2.5273
846,0.7735,2.4618
847,0.7735,2.4627
848,0.7732,2.4621
849,0.7737,2.4992
850,0.7725,2.4492
851,0.7736,2.4512
852,0.7739,2.4487
853,0.7741,2.5039
854,0.7741,2.4612
855,0.8021,2.4610
856,0.7727,2.4625
857,0.7732,2.4929
858,0.7729,2.4622
859,0.7733,2.4618
860,0.7725,2.4619
861,0.7736,2.4977
862,0.7730,2.4610
863,0.7717,2.4610
864,0.7734,2.4611
865,0.7724,2.4608
866,0.7764,2.4834
867,0.7809,2.4613
868,0.8029,2.4619
869,0.7743,2.4613
870,0.7744,2.4946
871,0.7733,2.4615
872,0.7743,2.4605
873,0.7741,2.4606
874,0.7717,2.4936
875,0.7737,2.4606
876,0.7729,2.4607
877,0.7715,2.4612
878,0.7728,2.4951
879,0.7736,2.4612
880,0.7742,2.4607
881,0.8123,2.4609
882,0.7709,2.4974
883,0.7712,2.4598
884,0.7711,2.4601
885,0.7696,2.4600
886,0.7703,2.4831
887,0.7746,2.4614
888,0.7714,2.4607
889,0.7706,2.4786
890,0.7710,2.4818
891,0.7714,2.4605
892,0.7703,2.4615
893,0.7710,2.4628
894,0.7902,2.5075
895,0.7720,2.4606
896,0.7707,2.4605
897,0.7726,2.4609
898,0.7721,2.4957
899,0.7716,2.4608
900,0.7708,2.4600
901,0.7711,2.4606
902,0.7758,2.4846
903,0.7714,2.4607
904,0.7707,2.4606
905,0.7714,2.4611
906,0.7717,2.5292
907,0.8104,2.4607
908,0.7705,2.4610
909,0.7717,2.4607
910,0.7732,2.4975
911,0.7714,2.4608
912,0.7715,2.4602
913,0.7754,2.4615
914,0.7715,2.4895
915,0.7755,2.4614
916,0.7724,2.4614
917,0.7709,2.4618
918,0.7756,2.4954
919,0.7717,2.4616
920,0.7918,2.4611
921,0.7708,2.4606
922,0.7711,2.4917
923,0.7714,2.4611
924,0.7708,2.4605
925,0.7722,2.4603
926,0.7715,2.4950
927,0.7721,2.4608
928,0.7722,2.4606
929,0.7705,2.4560
930,0.7707,2.4788
931,0.7715,2.4610
932,0.7721,2.4687
933,0.8062,2.4626
934,0.7719,2.5206
935,0.7717,2.4606
936,0.7714,2.4605
937,0.7710,2.4604
938,0.7718,2.4921
939,0.7713,2.4613
940,0.7726,2.4606
941,0.7731,2.4602
942,0.7728,2.4811
943,0.7733,2.4613
944,0.7707,2.4607
945,0.7719,2.4614
946,0.8154,2.4608
947,0.7727,2.4897
948,0.7724,2.4604
949,0.7718,2.4604
950,0.7731,2.4603
951,0.7712,2.4910
952,0.7731,2.4606
953,0.7723,2.4605
954,0.7725,2.4616
955,0.7719,2.4904
956,0.7723,2.4612
957,0.7720,2.4608
958,0.7735,2.4604
959,0.8123,2.4910
960,0.7734,2.4688
961,0.7731,2.4619
962,0.7743,2.4630
963,0.7743,2.4834
964,0.7756,2.4614
965,0.7740,2.4612
966,0.7731,2.4700
967,0.7746,2.4903
968,0.7834,2.4610
969,0.7779,2.4620
970,0.7792,2.4612
971,0.8156,2.5164
972,0.7767,2.4605
973,0.7767,2.4600
974,0.7753,2.4606
975,0.7743,2.5022
976,0.7738,2.4620
977,0.7755,2.4709
978,0.7746,2.4693
979,0.7752,2.5066
980,0.7789,2.4686
981,0.7761,2.4685
982,0.7739,2.4706
983,0.7729,2.4963
984,0.8782,2.4710
985,0.7713,2.4679
986,0.7717,2.4682
987,0.7714,2.5388
988,0.7719,2.4610
989,0.7735,2.4615
990,0.7736,2.4620
991,0.7714,2.5040
992,0.7709,2.4622
993,0.7749,2.4635
994,0.7718,2.4624
995,0.7720,2.4789
996,0.7714,2.4615
997,0.8124,2.4600
998,0.7736,2.4606
999,0.7719,2.4916
1000,0.7735,2.4612
1001,0.7728,2.4624
1002,0.7750,2.4614
1003,0.7741,2.5211
1004,0.7741,2.4619
1005,0.7739,2.4617
1006,0.7738,2.4613
1007,0.7757,2.4986
1008,0.8162,2.4597
1009,0.8615,2.4636
1010,0.9358,2.4671
1011,0.8681,2.4945
1012,0.8720,2.4430
1013,0.9007,2.4420
1014,0.9154,2.4428
1015,0.8883,2.4673
1016,0.9041,2.4500
1017,0.8816,2.4505
1018,0.9291,2.4502
1019,0.9291,2.4833
1020,0.9311,2.4641
1021,1.0172,2.4592
1022,0.9319,2.4590
1023,0.9424,2.4981
1024,0.9483,2.4604
1025,0.9258,2.4638
1026,0.9155,2.4645
1027,0.9393,2.5005
1028,0.9236,2.4580
1029,0.9181,2.4652
1030,0.9295,2.4673
1031,1.0155,2.4658
1032,0.8978,2.4807
1033,0.8885,2.4664
1034,0.8989,2.4671
1035,0.9021,2.4666
1036,0.9175,2.4905
1037,0.9167,2.4612
1038,0.9364,2.4615
1039,0.9400,2.4614
1040,0.9255,2.5029
1041,0.9389,2.4614
1042,1.0119,2.4618
1043,0.9207,2.4616
1044,0.9176,2.4841
1045,0.9186,2.4622
1046,0.9049,2.4613
1047,0.9088,2.4616
1048,0.9202,2.4909
1049,0.8933,2.4624
1050,0.7884,2.4615
1051,0.8671,2.4623
1052,0.8390,2.5014
1053,0.7749,2.4711
1054,0.8680,2.4613
1055,0.8172,2.4617
1056,0.8519,2.4934
1057,0.8847,2.4770
1058,0.8990,2.4615
1059,0.8938,2.4609
1060,0.8853,2.4948
1061,0.8796,2.4628
1062,0.8870,2.4619
1063,0.8855,2.4607
1064,0.8777,2.4922
1065,0.9467,2.4614
1066,0.8646,2.4605
1067,0.8100,2.4615
1068,0.8719,2.4930
1069,0.8693,2.4623
1070,0.8698,2.4617
1071,0.8621,2.4611
1072,0.8660,2.4999
1073,0.8670,2.4606
1074,0.8603,2.4602
1075,0.8712,2.4605
1076,0.7779,2.4990
1077,0.8270,2.4614
1078,0.7727,2.4616
1079,0.7734,2.4620
1080,0.7733,2.4816
1081,0.7733,2.4601
1082,0.7728,2.4610
1083,0.7736,2.4606
1084,0.7736,2.4956
1085,0.7734,2.4507
1086,0.7725,2.4495
1087,0.7732,2.4497
1088,0.7765,2.4908
1089,0.7989,2.4630
1090,0.7721,2.4629
1091,0.7716,2.4658
1092,0.7707,2.4882
1093,0.7759,2.4689
1094,0.7717,2.4714
1095,0.7765,2.4691
1096,0.7711,2.4877
1097,0.7708,2.4601
1098,0.7752,2.4669
1099,0.7746,2.4672
1100,0.7763,2.4974
1101,0.7727,2.4665
1102,0.8033,2.4658
1103,0.7922,2.4680
1104,0.7740,2.5040
1105,0.7738,2.4665
1106,0.7749,2.4689
1107,0.7734,2.4705
1108,0.7748,2.5150
1109,0.7745,2.4609
1110,0.7752,2.4612
1111,0.7733,2.4608
1112,0.7744,2.4944
1113,0.7746,2.4577
1114,0.7757,2.4622
1115,0.8092,2.4645
1116,0.7725,2.4654
1117,0.7680,2.4987
1118,0.7693,2.4678
1119,0.7678,2.4673
1120,0.7722,2.4659
1121,0.7682,2.5103
1122,0.7691,2.4651
1123,0.7687,2.4661
1124,0.7705,2.4648
1125,0.7742,2.5123
1126,0.8126,2.4618
1127,0.8111,2.4626
1128,0.8384,2.4615
1129,0.8137,2.4856
1130,0.7946,2.4597
1131,0.7923,2.4593
1132,0.8671,2.4595
1133,0.8006,2.4921
1134,0.7734,2.4607
1135,0.7753,2.4604
1136,0.7716,2.4601
1137,0.7728,2.4983
1138,0.7723,2.4603
1139,0.7726,2.4611
1140,0.7722,2.4600
1141,0.8188,2.5018
1142,0.7750,2.4603
1143,0.7716,2.4610
1144,0.7722,2.4617
1145,0.7709,2.4817
1146,0.7707,2.4591
1147,0.7713,2.4592
1148,0.7717,2.4604
1149,0.7705,2.4995
1150,0.7743,2.4601
1151,0.7745,2.4592
1152,0.7750,2.4597
1153,0.8234,2.4923
1154,0.7732,2.4597
1155,0.7732,2.4596
1156,0.7736,2.4595
1157,0.7714,2.4824
1158,0.7719,2.4605
1159,0.7728,2.4618
1160,0.7729,2.4600
1161,0.7727,2.4950
1162,0.7730,2.4615
1163,0.7721,2.4614
1164,0.7733,2.4619
1165,0.7716,2.4825
1166,0.7963,2.4614
1167,0.7748,2.4628
1168,0.7743,2.4613
1169,0.7723,2.4957
1170,0.7728,2.4635
1171,0.7757,2.4620
1172,0.7748,2.4615
1173,0.7746,2.5120
1174,0.7755,2.4616
1175,0.7739,2.4634
1176,0.7748,2.4625
1177,0.7720,2.5026
1178,0.7807,2.4606
1179,0.8129,2.4618
1180,0.7720,2.4626
1181,0.7742,2.5107
1182,0.7735,2.4613
1183,0.7734,2.4651
1184,0.7734,2.4626
1185,0.7732,2.5046
1186,0.7719,2.4617
1187,0.7733,2.4615
1188,0.7727,2.4620
1189,0.7735,2.4901
1190,0.7729,2.4615
1191,0.7729,2.4619
1192,0.8196,2.4615
1193,0.7740,2.4892
1194,0.7732,2.4617
1195,0.7748,2.4619
1196,0.7733,2.4639
1197,0.7739,2.4879
1198,0.7726,2.4613
1199,0.7809,2.4610
1200,0.7731,2.4646
1201,0.7747,2.4614
1202,0.7741,2.4932
1203,0.7732,2.4611
1204,0.7731,2.4619
1205,0.7988,2.4614
1206,0.7732,2.4953
1207,0.7741,2.4619
1208,0.7738,2.4619
1209,0.7752,2.4617
1210,0.7722,2.4923
1211,0.7775,2.4624
1212,0.7720,2.4616
1213,0.7734,2.4618
1214,0.7715,2.4880
1215,0.7730,2.4620
1216,0.7733,2.4613
1217,0.7730,2.4618
1218,0.7982,2.4900
1219,0.7745,2.4611
1220,0.7760,2.4617
1221,0.7745,2.4623
1222,0.7749,2.4834
1223,0.7750,2.4629
1224,0.7752,2.4615
1225,0.7749,2.4601
1226,0.7767,2.4916
1227,0.7749,2.4595
1228,0.7808,2.4603
1229,0.7750,2.4611
1230,0.7758,2.5023
1231,0.8005,2.4958
1232,0.7747,2.6258
1233,0.7722,2.6739
1234,0.7721,2.5022
1235,0.7713,2.4636
1236,0.7724,2.4637
1237,0.7721,2.4642
1238,0.7723,2.4945
1239,0.7717,2.4630
1240,0.7735,2.4640
1241,0.7712,2.4636
1242,0.7721,2.4825
1243,0.7777,2.4613
1244,0.8043,2.4660
1245,0.7724,2.4666
1246,0.7725,2.4879
1247,0.7753,2.4630
1248,0.7749,2.4641
1249,0.7746,2.4684
1250,0.7738,2.5108
1251,0.7735,2.4614
1252,0.7735,2.4610
1253,0.7749,2.4614
1254,0.7741,2.4962
1255,0.7741,2.4615
1256,0.8052,2.4621
1257,0.7718,2.4610
1258,0.7730,2.4926
1259,0.7730,2.4621
1260,0.7735,2.4609
1261,0.7726,2.4617
1262,0.7736,2.4867
1263,0.7729,2.4605
1264,0.7739,2.4603
1265,0.7779,2.4597
1266,0.7735,2.4985
1267,0.7740,2.4641
1268,0.7737,2.4625
1269,0.8091,2.4624
1270,0.7744,2.4967
1271,0.7735,2.4856
1272,0.7739,2.4879
1273,0.7732,2.4850
1274,0.7738,2.5090
1275,0.7781,2.4621
1276,0.7767,2.4618
1277,0.7765,2.4635
1278,0.7747,2.4854
1279,0.7741,2.4619
1280,0.7734,2.4610
1281,0.7782,2.4614
1282,0.8230,2.4907
1283,0.7726,2.4613
1284,0.7726,2.4606
1285,0.7739,2.4626
1286,0.7741,2.4956
1287,0.7722,2.4607
1288,0.7723,2.4602
1289,0.7769,2.4604
1290,0.7735,2.5017
1291,0.7729,2.4627
1292,0.7732,2.4620
1293,0.7730,2.4618
1294,0.7728,2.4882
1295,0.8007,2.4617
1296,0.7799,2.4616
1297,0.7751,2.4615
1298,0.7749,2.4926
1299,0.7746,2.4623
1300,0.7754,2.4621
1301,0.7753,2.4619
1302,0.7758,2.4617
1303,0.7752,2.4874
1304,0.7746,2.4633
1305,0.7743,2.4623
1306,0.7754,2.4631
1307,0.7744,2.4958
1308,0.8030,2.4607
1309,0.7748,2.4609
1310,0.7935,2.4600
1311,0.7757,2.4917
1312,0.7714,2.4626
1313,0.7723,2.4625
1314,0.7736,2.4618
1315,0.7733,2.5093
1316,0.7767,2.4612
1317,0.7729,2.4613
1318,0.7734,2.4605
1319,0.7708,2.4884
1320,0.7835,2.4608
1321,0.8091,2.4613
1322,0.7825,2.4615
1323,0.7725,2.4909
1324,0.8081,2.4616
1325,0.7797,2.4610
1326,0.7729,2.4608
1327,0.7777,2.4816
1328,0.7740,2.4601
1329,0.7724,2.4607
1330,0.7746,2.4600
1331,0.7739,2.4866
1332,0.7743,2.4612
1333,0.7955,2.4603
1334,0.7949,2.4716
1335,0.7741,2.4950
1336,0.7744,2.4608
1337,0.7733,2.4610
1338,0.7751,2.4613
1339,0.7746,2.4895
1340,0.7750,2.4605
1341,0.7732,2.4646
1342,0.7740,2.4618
1343,0.7739,2.5275
1344,0.7746,2.4617
1345,0.7744,2.4622
1346,0.7946,2.4636
1347,0.7739,2.4985
1348,0.7726,2.4626
1349,0.7741,2.4614
1350,0.7737,2.4618
1351,0.7739,2.5045
1352,0.7770,2.4608
1353,0.7736,2.4605
1354,0.7737,2.4612
1355,0.7741,2.4966
1356,0.7772,2.4609
1357,0.7735,2.4610
1358,0.7788,2.4602
1359,0.8037,2.4822
1360,0.7735,2.4602
1361,0.7750,2.4609
1362,0.7743,2.4751
1363,0.7734,2.4925
1364,0.7747,2.4611
1365,0.7759,2.4613
1366,0.7736,2.4610
1367,0.7738,2.4844
1368,0.7734,2.4608
1369,0.7779,2.4615
1370,0.7738,2.4607
1371,0.7737,2.4952
1372,0.8025,2.4635
1373,0.7741,2.4640
1374,0.7747,2.4633
1375,0.7729,2.4872
1376,0.7720,2.4614
1377,0.7734,2.4608
1378,0.7744,2.4615
1379,0.7726,2.4904
1380,0.7727,2.4605
1381,0.7719,2.4613
1382,0.7743,2.4603
1383,0.7735,2.4969
1384,0.7735,2.4616
1385,0.8015,2.4604
1386,0.7746,2.4605
1387,0.7736,2.4605
1388,0.7730,2.4897
1389,0.7730,2.4612
1390,0.7741,2.4600
1391,0.7734,2.4606
1392,0.7745,2.4907
1393,0.7779,2.4614
1394,0.7743,2.4617
1395,0.7753,2.4618
1396,0.7739,2.5023
1397,0.7735,2.4609
1398,0.7993,2.4626
1399,0.7728,2.4635
1400,0.7741,2.4902
1401,0.7731,2.4602
1402,0.7736,2.4608
1403,0.7734,2.4609
1404,0.7739,2.5867
1405,0.7741,2.4613
1406,0.7734,2.4615
1407,0.7725,2.4612
1408,0.7731,2.4884
1409,0.7734,2.4598
1410,0.7722,2.4601
1411,0.7937,2.4599
1412,0.7735,2.4843
1413,0.7721,2.4603
1414,0.7725,2.4599
1415,0.7736,2.4602
1416,0.7729,2.4948
1417,0.7734,2.4606
1418,0.7729,2.4601
1419,0.7730,2.4593
1420,0.7739,2.4874
1421,0.7785,2.4616
1422,0.7727,2.4603
1423,0.7777,2.4608
1424,0.8152,2.4991
1425,0.7731,2.4613
1426,0.7733,2.4604
1427,0.7756,2.4603
1428,0.7720,2.4868
1429,0.7732,2.4603
1430,0.7715,2.4598
1431,0.7732,2.4603
1432,0.7716,2.4947
1433,0.7731,2.4598
1434,0.7759,2.4600
1435,0.7721,2.4600
1436,0.7747,2.4974
1437,0.8079,2.4607
1438,0.8327,2.4602
1439,0.9071,2.4604
1440,0.8981,2.4955
1441,0.9102,2.4619
1442,0.9047,2.4621
1443,0.7943,2.4616
1444,0.7729,2.5080
1445,0.7748,2.4613
1446,0.7709,2.4609
1447,0.7715,2.4615
1448,0.7704,2.4904
1449,0.8069,2.4608
1450,0.7739,2.4605
1451,0.7732,2.4610
1452,0.7731,2.4911
1453,0.7727,2.4610
1454,0.7731,2.4609
1455,0.7774,2.4623
1456,0.7737,2.5094
1457,0.7723,2.4606
1458,0.7747,2.4606
1459,0.7738,2.4602
1460,0.7735,2.5114
1461,0.7739,2.4628
1462,0.8060,2.4618
1463,0.7731,2.4612
1464,0.7749,2.5543
1465,0.7730,2.4626
1466,0.7737,2.4614
1467,0.7734,2.4613
1468,0.7726,2.5140
1469,0.7742,2.4712
1470,0.7770,2.4855
1471,0.7740,2.4608
1472,0.7741,2.4905
1473,0.7740,2.4993
1474,0.8089,2.4667
1475,0.7776,2.4680
1476,0.7740,2.4673
1477,0.7744,2.5180
1478,0.7751,2.4616
1479,0.7743,2.4612
1480,0.7761,2.4607
1481,0.7755,2.5194
1482,0.7729,2.4616
1483,0.7777,2.4610
1484,0.7758,2.4608
1485,0.7750,2.4954
1486,0.7739,2.4631
1487,0.8135,2.4628
1488,0.7738,2.4623
1489,0.7740,2.4969
1490,0.7743,2.4628
1491,0.7742,2.4622
1492,0.7722,2.4621
1493,0.7733,2.5128
1494,0.7728,2.4622
1495,0.7741,2.4667
1496,0.7781,2.4613
1497,0.7749,2.4946
1498,0.7716,2.4630
1499,0.7732,2.4633
1500,0.8099,2.4624
1501,0.7749,2.4922
1502,0.7742,2.4614
1503,0.7751,2.4606
1504,0.7744,2.4617
1505,0.7739,2.5153
1506,0.7738,2.4623
1507,0.7749,2.4612
1508,0.7731,2.4609
1509,0.7739,2.4918
1510,0.7745,2.4630
1511,0.7741,2.4631
1512,0.7751,2.4625
1513,0.8061,2.4868
1514,0.7760,2.4598
1515,0.7748,2.4608
1516,0.7752,2.4608
1517,0.7747,2.4869
1518,0.7743,2.4607
1519,0.7757,2.4615
1520,0.7754,2.4603
1521,0.7747,2.5198
1522,0.7755,2.4609
1523,0.7804,2.4606
1524,0.7744,2.4614
1525,0.7732,2.4983
1526,0.8087,2.4601
1527,0.7748,2.4601
1528,0.7750,2.4612
1529,0.7745,2.4928
1530,0.7748,2.4631
1531,0.7747,2.4609
1532,0.7752,2.4602
1533,0.7752,2.4883
1534,0.7786,2.4607
1535,0.7746,2.4601
1536,0.7748,2.4608
1537,0.7754,2.5099
1538,0.7754,2.4607
1539,0.7965,2.4604
1540,0.7749,2.4601
1541,0.7748,2.5355
1542,0.8122,2.4629
1543,0.7734,2.4624
1544,0.7750,2.4627
1545,0.7744,2.4992
1546,0.7732,2.4609
1547,0.7728,2.4605
1548,0.7754,2.4601
1549,0.7735,2.4924
1550,0.7724,2.4872
1551,0.7742,2.4861
1552,0.8312,2.4871
1553,0.7745,2.5049
1554,0.7747,2.4623
1555,0.7743,2.4627
1556,0.7722,2.4626
1557,0.7732,2.5122
1558,0.7750,2.4613
1559,0.7752,2.4600
1560,0.7754,2.4606
1561,0.7754,2.5013
1562,0.7797,2.4603
1563,0.7752,2.4599
1564,0.8165,2.4596
1565,0.7742,2.4894
1566,0.7728,2.4631
1567,0.7725,2.4616
1568,0.7740,2.4596
1569,0.7781,2.4597
1570,0.7732,2.4986
1571,0.7736,2.4598
1572,0.7733,2.4605
1573,0.7735,2.4601
1574,0.7724,2.5066
1575,0.7739,2.4627
1576,0.7739,2.4628
1577,0.8085,2.4617
1578,0.7747,2.5200
1579,0.7731,2.4608
1580,0.7738,2.4611
1581,0.7724,2.4603
1582,0.7721,2.4984
1583,0.7735,2.4635
1584,0.7740,2.4635
1585,0.7739,2.4624
1586,0.7733,2.5149
1587,0.7743,2.4619
1588,0.7730,2.4630
1589,0.7742,2.4624
1590,0.8125,2.5044
1591,0.7763,2.4621
1592,0.7745,2.4632
1593,0.7755,2.4610
1594,0.7745,2.5033
1595,0.7745,2.4611
1596,0.7770,2.4727
1597,0.7749,2.4601
1598,0.7753,2.4870
1599,0.7747,2.4610
1600,0.7752,2.4611
1601,0.7736,2.4609
1602,0.7753,2.4854
1603,0.8122,2.4604
1604,0.7738,2.4603
1605,0.7746,2.4608
1606,0.7751,2.4886
1607,0.7761,2.4605
1608,0.7751,2.4624
1609,0.7747,2.4634
1610,0.7756,2.5011
1611,0.7749,2.4601
1612,0.7745,2.4600
1613,0.7787,2.4599
1614,0.7748,2.4848
1615,0.7751,2.4601
1616,0.8170,2.4599
1617,0.7756,2.4604
1618,0.7752,2.4913
1619,0.7743,2.4610
1620,0.7737,2.4610
1621,0.7751,2.4616
1622,0.7756,2.4967
1623,0.7738,2.4615
1624,0.7813,2.4614
1625,0.7739,2.4608
1626,0.7768,2.4930
1627,0.7744,2.4604
1628,0.7804,2.4603
1629,0.7932,2.4604
1630,0.7751,2.4826
1631,0.7749,2.4612
1632,0.7748,2.4621
1633,0.7752,2.4665
1634,0.7751,2.4948
1635,0.7754,2.4657
1636,0.7750,2.4612
1637,0.7740,2.5489
1638,0.7736,2.6117
1639,0.7810,2.6528
1640,0.7751,2.4612
1641,0.7813,2.4614
1642,0.8017,2.5122
1643,0.7744,2.4632
1644,0.7797,2.4626
1645,0.7769,2.4632
1646,0.7743,2.5091
1647,0.7741,2.4657
1648,0.7782,2.4658
1649,0.7731,2.4640
1650,0.7732,2.5179
1651,0.7729,2.4633
1652,0.7732,2.4623
1653,0.7729,2.4624
1654,0.8097,2.5075
1655,0.7748,2.4629
1656,0.7733,2.4625
1657,0.7730,2.4626
1658,0.7729,2.5267
1659,0.7741,2.4610
1660,0.7736,2.4606
1661,0.7743,2.4604
1662,0.7724,2.5059
1663,0.7739,2.4623
1664,0.7738,2.4619
1665,0.7724,2.4617
1666,0.7737,2.4912
1667,0.8037,2.4620
1668,0.7738,2.4620
1669,0.7736,2.4614
1670,0.7742,2.4613
1671,0.7732,2.5049
1672,0.7736,2.4602
1673,0.7743,2.4603
1674,0.7727,2.4644
1675,0.7736,2.5152
1676,0.7718,2.4613
1677,0.7733,2.4604
1678,0.7749,2.4614
1679,0.7739,2.5072
1680,0.7933,2.4619
1681,0.7747,2.4619
1682,0.7738,2.4616
1683,0.7737,2.4885
1684,0.7743,2.4612
1685,0.7737,2.4630
1686,0.7739,2.4615
1687,0.7738,2.5073
1688,0.7743,2.4610
1689,0.7733,2.4614
1690,0.7739,2.4608
1691,0.7738,2.4993
1692,0.7773,2.4620
1693,0.7920,2.4615
1694,0.7746,2.4608
1695,0.7746,2.5104
1696,0.7748,2.4628
1697,0.7743,2.4619
1698,0.7755,2.4616
1699,0.7754,2.4925
1700,0.7754,2.4628
1701,0.7739,2.4623
1702,0.7747,2.4622
1703,0.7745,2.4939
1704,0.7749,2.4613
1705,0.7778,2.4631
1706,0.8010,2.4610
1707,0.7737,2.4987
1708,0.7738,2.4611
1709,0.7745,2.4623
1710,0.7738,2.4623
1711,0.7721,2.4952
1712,0.7801,2.4643
1713,0.7746,2.4626
1714,0.7753,2.4626
1715,0.7785,2.5016
1716,0.7747,2.4610
1717,0.7765,2.4617
1718,0.7726,2.4610
1719,0.8084,2.4817
1720,0.7739,2.4614
1721,0.7752,2.4623
1722,0.7732,2.4615
1723,0.7748,2.4920
1724,0.7798,2.4625
1725,0.7750,2.4626
1726,0.7738,2.4638
1727,0.7745,2.4875
1728,0.7728,2.4613
1729,0.7747,2.4605
1730,0.7748,2.4616
1731,0.7745,2.5009
1732,0.7921,2.4625
1733,0.7729,2.4620
1734,0.7730,2.4613
1735,0.7737,2.4905
1736,0.7821,2.4607
1737,0.7830,2.4610
1738,0.7732,2.4617
1739,0.7730,2.4962
1740,0.7706,2.4613
1741,0.7721,2.4613
1742,0.7737,2.4605
1743,0.7738,2.4868
1744,0.7737,2.4610
1745,0.8064,2.4611
1746,0.7727,2.4607
1747,0.7734,2.4869
1748,0.7717,2.4616
1749,0.7726,2.4618
1750,0.8018,2.4634
1751,0.7737,2.5003
1752,0.7905,2.4644
1753,0.7739,2.4635
1754,0.7732,2.4633
1755,0.7742,2.4635
1756,0.7732,2.4983
1757,0.8003,2.4621
1758,0.7742,2.4637
1759,0.7736,2.4622
1760,0.7736,2.4945
1761,0.7730,2.4629
1762,0.7743,2.4624
1763,0.7748,2.4631
1764,0.7786,2.4990
1765,0.7731,2.4617
1766,0.7800,2.4624
1767,0.7741,2.4615
1768,0.7757,2.5061
1769,0.7734,2.4631
1770,0.7968,2.4625
1771,0.7742,2.4621
1772,0.7736,2.4911
1773,0.7736,2.4614
1774,0.7729,2.4623
1775,0.7750,2.4612
1776,0.7749,2.4929
1777,0.7753,2.4676
1778,0.7733,2.4621
1779,0.7736,2.4617
1780,0.7747,2.4894
1781,0.7802,2.4620
1782,0.7752,2.4616
1783,0.8301,2.4627
1784,0.7717,2.4918
1785,0.7729,2.4613
1786,0.7704,2.4620
1787,0.7721,2.4607
1788,0.7720,2.4959
1789,0.7716,2.4635
1790,0.7723,2.4605
1791,0.7718,2.4617
1792,0.7717,2.4874
1793,0.7721,2.4597
1794,0.7706,2.4602
1795,0.7716,2.4606
1796,0.7988,2.4872
1797,0.7746,2.4602
1798,0.7740,2.4613
1799,0.7745,2.4688
1800,0.7751,2.4952
1801,0.7745,2.4617
1802,0.7745,2.4622
1803,0.7733,2.4609
1804,0.7729,2.4899
1805,0.7744,2.4607
1806,0.7734,2.4602
1807,0.7720,2.4609
1808,0.7720,2.4828
1809,0.7956,2.4601
1810,0.7735,2.4601
1811,0.7738,2.4608
1812,0.7743,2.4945
1813,0.7750,2.4612
1814,0.7745,2.4605
1815,0.7770,2.4601
1816,0.7737,2.4949
1817,0.7736,2.4600
1818,0.7732,2.4607
1819,0.7739,2.4600
1820,0.7737,2.4913
1821,0.7729,2.4604
1822,0.8008,2.4598
1823,0.7732,2.4597
1824,0.7745,2.4793
1825,0.7735,2.4598
1826,0.7770,2.4600
1827,0.7745,2.4597
1828,0.7739,2.4948
1829,0.7729,2.4600
1830,0.7754,2.4599
1831,0.7731,2.4597
1832,0.7735,2.4874
1833,0.7734,2.4613
1834,0.7727,2.4613
1835,0.8023,2.4619
1836,0.7758,2.4625
1837,0.7725,2.4986
1838,0.7737,2.4606
1839,0.7727,2.4604
1840,0.7738,2.4600
1841,0.7719,2.4809
1842,0.7744,2.4611
1843,0.7731,2.4600
1844,0.7721,2.4597
1845,0.7741,2.4957
1846,0.7728,2.4657
1847,0.7768,2.4602
1848,0.7977,2.4606
1849,0.7734,2.4936
1850,0.7738,2.4609
1851,0.7742,2.4610
1852,0.7756,2.4598
1853,0.7716,2.4906
1854,0.7734,2.4604
1855,0.7757,2.4608
1856,0.7741,2.4615
1857,0.7745,2.4872
1858,0.7747,2.4738
1859,0.7813,2.4659
1860,0.7993,2.4611
1861,0.7745,2.4852
1862,0.7738,2.4607
1863,0.7739,2.4610
1864,0.7736,2.4608
1865,0.7734,2.4934
1866,0.7738,2.4597
1867,0.7733,2.4709
1868,0.7731,2.4621
1869,0.7740,2.4890
1870,0.7731,2.4630
1871,0.7727,2.4616
1872,0.7729,2.4618
1873,0.7980,2.5007
1874,0.7727,2.4612
1875,0.7739,2.4610
1876,0.7737,2.4619
1877,0.7734,2.4951
1878,0.7735,2.4613
1879,0.7741,2.4620
1880,0.7783,2.4755
1881,0.7736,2.5174
1882,0.7733,2.4605
1883,0.7738,2.4607
1884,0.7774,2.4607
1885,0.7740,2.4958
1886,0.7945,2.4613
1887,0.7746,2.4611
1888,0.7741,2.4602
1889,0.7744,2.4885
1890,0.7796,2.4655
1891,0.7746,2.4603
1892,0.7747,2.4599
1893,0.7741,2.4949
1894,0.7739,2.4610
1895,0.7750,2.4606
1896,0.7741,2.4612
1897,0.7750,2.4818
1898,0.7743,2.4609
1899,0.7993,2.4610
1900,0.7743,2.4616
1901,0.7738,2.4897
1902,0.7748,2.4612
1903,0.7732,2.4613
1904,0.7744,2.4614
1905,0.7750,2.4825
1906,0.7752,2.4607
1907,0.7748,2.4609
1908,0.7755,2.4621
1909,0.7741,2.5002
1910,0.7747,2.4601
1911,0.7758,2.4605
1912,0.8075,2.4607
1913,0.7747,2.4974
1914,0.7737,2.4599
1915,0.7747,2.4588
1916,0.7751,2.4605
1917,0.7806,2.4604
1918,0.7743,2.4889
1919,0.7758,2.4595
1920,0.7792,2.4764
1921,0.7750,2.4599
1922,0.7756,2.4908
1923,0.7746,2.4605
1924,0.7727,2.4600
1925,0.8065,2.4603
1926,0.7731,2.4954
1927,0.7734,2.4602
1928,0.7740,2.4697
1929,0.7771,2.4607
1930,0.7733,2.4856
1931,0.7740,2.4637
1932,0.7733,2.4625
1933,0.7736,2.4629
1934,0.7736,2.4923
1935,0.7726,2.4609
1936,0.7736,2.4632
1937,0.7727,2.4644
1938,0.8031,2.4851
1939,0.7750,2.4610
1940,0.7732,2.4614
1941,0.7728,2.4600
1942,0.7739,2.5021
1943,0.7806,2.4624
1944,0.7727,2.4608
1945,0.7752,2.4605
1946,0.7753,2.4933
1947,0.7741,2.4601
1948,0.7746,2.4611
1949,0.7748,2.4596
1950,0.7742,2.5006
1951,0.7901,2.4620
1952,0.7753,2.4621
1953,0.7745,2.4628
1954,0.7746,2.4883
1955,0.7749,2.4613
1956,0.7782,2.4616
1957,0.7749,2.4610
1958,0.7750,2.4996
1959,0.7981,2.4603
1960,0.7737,2.4599
1961,0.7737,2.4600
1962,0.7779,2.4869
1963,0.8271,2.4603
1964,0.7740,2.4587
1965,0.7741,2.4593
1966,0.7743,2.5020
1967,0.7731,2.4618
1968,0.7772,2.4617
1969,0.7726,2.4623
1970,0.7719,2.4821
1971,0.7735,2.4702
1972,0.7807,2.4618
1973,0.7914,2.4610
1974,0.7777,2.4958
1975,0.7722,2.4622
1976,0.8061,2.4611
1977,0.7746,2.4631
1978,0.7741,2.4865
1979,0.7744,2.4615
1980,0.7754,2.4629
1981,0.7734,2.4622
1982,0.7728,2.5367
1983,0.7728,2.4610
1984,0.7731,2.4600
1985,0.7734,2.4602
1986,0.7735,2.4985
1987,0.7721,2.4612
1988,0.7739,2.4611
1989,0.8029,2.4618
1990,0.7744,2.4813
1991,0.7733,2.4628
1992,0.7734,2.4636
1993,0.7723,2.4625
1994,0.7734,2.4895
1995,0.7723,2.4616
1996,0.7734,2.4616
1997,0.7730,2.4637
1998,0.7746,2.5229
1999,0.7731,2.4610
2000,0.7732,2.4603
2001,0.7732,2.4632
2002,0.7924,2.4628
2003,0.7724,2.4921
2004,0.7728,2.4611
2005,0.7729,2.4610
2006,0.7732,2.4599
2007,0.7732,2.5416
2008,0.7773,2.4619
2009,0.7742,2.4617
2010,0.7737,2.4611
2011,0.7739,2.5220
2012,0.7732,2.4608
2013,0.7733,2.4602
2014,0.7736,2.4602
2015,0.7981,2.4991
2016,0.7729,2.4605
2017,0.7717,2.4609
2018,0.7718,2.4608
2019,0.7729,2.4876
2020,0.7725,2.4606
2021,0.7729,2.4604
2022,0.7722,2.4609
2023,0.7723,2.9534
2024,0.7721,2.8608
2025,0.7726,2.8369
2026,0.7714,2.8923
2027,0.7727,2.8361
2028,0.8056,2.8289
2029,0.7741,2.7201
2030,0.7735,2.7512
2031,0.7748,2.6215
2032,0.7729,2.6920
2033,0.7729,2.7792
2034,0.7741,2.7428
2035,0.7784,2.7064
2036,0.7738,2.7226
2037,0.7736,2.6869
2038,0.7739,2.6140
2039,0.7736,2.6185
2040,0.7728,2.6146
2041,0.7913,2.7183
2042,0.7737,2.6189
2043,0.7754,2.6095
2044,0.7744,2.6216
2045,0.7741,2.7027
2046,0.7737,2.6171
2047,0.7732,2.6089
2048,0.7741,2.6688
2049,0.7727,2.6170
2050,0.7764,2.6145
2051,0.7735,2.6228
2052,0.7779,2.6589
2053,0.7738,2.6281
2054,0.8104,2.6164
2055,0.7739,2.6156
2056,0.7740,2.6758
2057,0.7776,2.5838
2058,0.7781,2.5325
2059,0.7741,2.5144
2060,0.7740,2.5635
2061,0.7742,2.5166
2062,0.7759,2.5292
2063,0.7740,2.5168
2064,0.7743,2.5775
2065,0.7730,2.5176
2066,0.8036,2.5307
2067,0.7733,2.5167
2068,0.7750,2.5724
2069,0.7741,2.5209
2070,0.7747,2.5157
2071,0.7803,2.5234
2072,0.7750,3.8887
2073,0.7739,3.1224
2074,0.7737,3.1196
2075,0.7747,3.2614
2076,0.7757,3.0297
2077,0.7745,2.9853
2078,0.7729,3.0242
2079,0.8111,2.8906
2080,0.7741,2.8505
2081,0.7746,2.8335
2082,0.7728,2.7778
2083,0.7732,2.7967
2084,0.7733,2.6951
2085,0.7739,2.7855
2086,0.7746,2.8291
2087,0.7728,2.6791
2088,0.7740,2.5984
2089,0.7728,2.6382
2090,0.7742,2.5997
2091,0.7773,2.6020
2092,0.7956,2.5301
2093,0.7738,2.5775
2094,0.7738,2.5304
2095,0.7736,2.5291
2096,0.7742,2.5433
2097,0.7734,2.5786
2098,0.7745,2.5326
2099,0.7728,2.5285
2100,0.7739,2.5756
2101,0.7744,2.5305
2102,0.7739,2.5125
2103,0.7731,2.4622
2104,0.7726,2.4991
2105,0.8093,2.4631
2106,0.7740,2.4624
2107,0.7734,2.4613
2108,0.7785,2.4618
2109,0.7725,2.4960
2110,0.7721,2.4619
2111,0.7732,2.5028
2112,0.7746,2.4617
2113,0.7773,2.6453
2114,0.7765,2.5477
2115,0.7720,2.4620
2116,0.7732,2.4615
2117,0.7733,2.5135
2118,0.8162,2.4613
2119,0.7727,2.4617
2120,0.7740,2.4610
2121,0.7724,2.4924
2122,0.7734,2.4614
2123,0.7739,2.4609
2124,0.7792,2.4609
2125,0.7734,2.5020
2126,0.7730,2.4614
2127,0.7773,2.4613
2128,0.7749,2.4607
2129,0.7731,2.4996
2130,0.7724,2.4611
2131,0.8006,2.4612
2132,0.7746,2.7743
2133,0.7733,3.0762
2134,0.7735,2.4981
2135,0.7736,2.5029
2136,0.7733,2.5562
2137,0.7775,2.4968
2138,0.7733,2.4728
2139,0.7735,2.4616
2140,0.7735,2.5457
2141,0.7744,2.6382
2142,0.7731,2.5023
2143,0.7736,2.4807
2144,0.7966,2.4964
2145,0.7738,2.4647
2146,0.7713,2.4619
2147,0.7737,2.4604
2148,0.7746,2.4941
2149,0.7734,2.4623
2150,0.7734,2.4617
2151,0.7727,2.4613
2152,0.7732,2.5178
2153,0.7731,2.4644
2154,0.7724,2.4636
2155,0.7747,2.4607
2156,0.7729,2.5275
2157,0.7989,2.4633
2158,0.7738,2.4620
2159,0.7743,2.4639
2160,0.7742,2.5010
2161,0.7732,2.4617
2162,0.7749,2.4618
2163,0.7729,2.4607
2164,0.7776,2.5212
2165,0.7733,2.4600
2166,0.7740,2.4661
2167,0.7945,2.5009
2168,0.7729,2.4629
2169,0.8076,2.6216
2170,0.7739,2.4619
2171,0.7749,2.4621
2172,0.7753,2.4625
2173,0.7731,2.5075
2174,0.7806,2.4616
2175,0.7744,2.4614
2176,0.7743,2.4617
2177,0.7748,2.4938
2178,0.7742,2.4610
2179,0.7740,2.4622
2180,0.7775,2.4626
2181,0.7971,2.4950
2182,0.8017,2.4605
2183,0.7740,2.4613
2184,0.7728,2.4669
2185,0.7736,2.4982
2186,0.7736,2.4636
2187,0.7742,2.4719
2188,0.7739,2.4685
2189,0.7745,2.5027
2190,0.7750,2.4614
2191,0.7739,2.4613
2192,0.7746,2.4619
2193,0.7747,2.4986
2194,0.7747,2.4874
2195,0.7981,2.4627
2196,0.7734,2.4935
2197,0.7745,2.6105
2198,0.7730,2.4619
2199,0.7722,2.4618
2200,0.7745,2.4621
2201,0.7740,2.4962
2202,0.7769,2.4624
2203,0.7743,2.4619
2204,0.7740,2.4611
2205,0.7739,2.5051
2206,0.7723,2.4615
2207,0.7741,2.4608
2208,0.8031,2.4611
2209,0.7735,2.4964
2210,0.7738,2.4610
2211,0.7768,2.4621
2212,0.7731,2.4618
2213,0.7782,2.4997
2214,0.7728,2.4609
2215,0.7732,2.4622
2216,0.7738,2.4613
2217,0.7733,2.5305
2218,0.7751,2.4604
2219,0.7746,2.4604
2220,0.7734,2.4606
2221,0.8183,2.5051
2222,0.7726,2.4930
2223,0.7734,2.4606
2224,0.7716,2.4609
2225,0.7754,2.6043
2226,0.7778,2.4612
2227,0.7729,2.4605
2228,0.7725,2.4621
2229,0.7728,2.4976
2230,0.7729,2.4635
2231,0.7759,2.4624
2232,0.7722,2.4620
2233,0.7724,2.4938
2234,0.7956,2.4624
2235,0.7756,2.4618
2236,0.7739,2.4622
2237,0.7747,2.5376
2238,0.7754,2.4640
2239,0.7743,2.4620
2240,0.7738,2.4618
2241,0.7740,2.4923
2242,0.7758,2.4611
2243,0.7753,2.4612
2244,0.7749,2.4611
2245,0.7744,2.4875
2246,0.7919,2.4618
2247,0.8005,2.4609
2248,0.7754,2.4608
2249,0.7745,2.5314
2250,0.7741,2.4616
2251,0.7759,2.4619
2252,0.7743,2.4624
2253,0.7736,2.5751
2254,0.7722,2.5425
2255,0.7736,2.4609
2256,0.7753,2.4609
2257,0.7747,2.4935
2258,0.7796,2.4610
2259,0.8154,2.4613
2260,2.3047,2.4620
2261,2.5934,2.5054
2262,3.6936,2.4616
2263,0.9209,2.4610
2264,0.9672,2.4613
2265,0.9004,2.4914
2266,1.7846,2.4550
2267,2.0290,2.4632
2268,1.0201,2.4661
2269,1.7809,2.5229
2270,2.9556,2.4618
2271,2.6473,2.5096
2272,1.9302,2.8807
2273,1.6470,2.8623
2274,1.3798,2.4628
2275,1.4964,2.4620
2276,1.7929,2.4941
2277,1.4125,2.5202
2278,0.9561,2.4621
2279,0.9534,2.4675
2280,0.9619,2.5436
2281,1.1068,2.6207
2282,1.1841,2.4661
2283,0.7992,2.4637
2284,0.8349,2.4610
2285,0.7736,2.5071
2286,0.7723,2.4621
2287,0.7716,2.4617
2288,0.7718,2.4613
2289,0.7732,2.4980
2290,0.7720,2.4614
2291,0.7765,2.4610
2292,0.7726,2.4613
2293,0.7712,2.4947
2294,0.7735,2.4618
2295,0.7729,2.4628
2296,0.7712,2.4609
2297,0.8024,2.5363
2298,0.7717,2.4611
2299,0.7718,2.4619
2300,0.7712,2.4607
2301,0.7713,2.4984
2302,0.7726,2.4639
2303,0.7733,2.4623
2304,0.7731,2.4620
2305,0.7749,2.5386
2306,0.7713,2.4700
2307,0.7763,2.4641
2308,0.7774,2.5102
2309,0.7717,2.6017
2310,0.8063,2.4625
2311,0.7739,2.4623
2312,0.7732,2.4616
2313,0.7759,2.5516
2314,0.7735,2.4630
2315,0.7762,2.4627
2316,0.7743,2.4630
2317,0.7739,2.4867
2318,0.7740,2.4639
2319,0.7772,2.4631
2320,0.7740,2.4630
2321,0.7738,2.4942
2322,0.7740,2.4610
2323,0.7978,2.4611
2324,0.7747,2.4614
2325,0.7736,2.5038
2326,0.7737,2.4634
2327,0.7739,2.4618
2328,0.7743,2.4620
2329,0.7729,2.4619
2330,0.7765,2.4939
2331,0.7733,2.4622
2332,0.7736,2.4616
2333,0.7732,2.4891
2334,0.7733,2.4920
2335,0.7736,2.4660
2336,0.8031,2.5038
2337,0.7743,2.5909
2338,0.7748,2.4978
2339,0.7722,2.4622
2340,0.7755,2.4638
2341,0.7753,2.4624
2342,0.7747,2.5791
2343,0.7747,2.4622
2344,0.7750,2.4617
2345,0.7752,2.4615
2346,0.7745,2.5336
2347,0.7750,2.4608
2348,0.7738,2.4631
2349,0.8018,2.4628
2350,0.7733,2.5469
2351,0.7754,2.4623
2352,0.7736,2.4629
2353,0.7733,2.4627
2354,0.7751,2.5076
2355,0.7774,2.4617
2356,0.7735,2.4630
2357,0.7739,2.4664
2358,0.7734,2.5298
2359,0.7760,2.4617
2360,0.7728,2.4631
2361,0.7745,2.4630
2362,0.8088,2.5294
2363,0.7738,2.4903
2364,0.7752,2.5465
2365,0.7984,2.5450
2366,0.7750,2.5420
2367,0.7748,2.5774
2368,0.7733,3.1623
2369,0.7733,3.1568
2370,0.7712,2.4936
2371,0.7741,2.4877
2372,0.7736,2.7512
2373,0.7729,2.9949
2374,0.7724,3.2130
2375,0.8007,3.1982
2376,0.7734,3.1118
2377,0.7748,3.0755
2378,0.7737,3.2231
2379,0.7747,3.2872
2380,0.7741,3.1924
2381,0.7743,2.7073
2382,0.7744,2.4636
2383,0.7731,2.7992
2384,0.7747,2.9700
2385,0.7754,2.7835
2386,0.7867,2.7637
2387,0.8308,2.4921
2388,3.3138,2.6921
2389,0.8246,2.5936
2390,0.8487,2.7747
2391,0.8392,2.6058
2392,0.7734,2.4749
2393,0.7724,2.4778
2394,0.7747,2.5220
2395,0.7719,2.5025
2396,0.7743,2.4666
2397,0.8327,2.4716
2398,0.7781,2.5170
2399,0.7754,2.4634
2400,0.7784,2.4655
2401,0.7759,2.4646
2402,0.7763,2.5462
2403,0.7770,2.4622
2404,0.7723,2.4619
2405,0.7733,2.6232
2406,0.7744,2.5191
2407,0.7788,2.4621
2408,0.7829,2.4623
2409,0.7753,2.4638
2410,0.8521,2.5157
2411,0.8066,2.4492
2412,0.7760,2.4562
2413,0.7755,2.4622
2414,0.7773,2.4993
2415,0.7756,2.5513
2416,0.7751,2.5010
2417,0.7789,2.5383
2418,0.7793,2.5509
2419,0.7817,2.9500
2420,0.7800,2.9789
2421,0.7888,3.0000
2422,0.8114,2.5170
2423,0.7811,2.4965
2424,0.7764,2.4611
2425,0.7765,2.4630
2426,0.7817,2.5020
2427,0.7813,2.8242
2428,0.7826,3.1948
2429,0.7789,3.1929
2430,0.7735,2.6785
2431,0.7801,2.8268
2432,0.7722,3.0077
2433,0.7781,3.2428
2434,0.7752,3.2451
2435,0.7970,2.9959
2436,0.7767,3.1090
2437,0.7788,3.2146
2438,0.7750,3.2287
2439,0.7742,3.2482
2440,0.7760,2.6048
2441,0.7749,2.5482
2442,0.7774,2.5051
2443,0.7778,2.4630
2444,0.7770,2.4615
2445,0.7822,2.4630
2446,0.7875,2.4667
2447,0.7824,2.4982
2448,0.8053,2.4635
2449,0.7757,2.4623
2450,0.7737,2.4611
2451,0.7724,2.4860
2452,0.7782,2.4627
2453,0.7752,2.4614
2454,0.7730,2.4621
2455,0.7729,2.4914
2456,0.7741,2.4634
2457,0.7721,2.4621
2458,0.7747,2.4632
2459,0.7816,2.4887
2460,0.7726,2.4617
2461,0.8076,2.4623
2462,0.7800,2.4618
2463,0.7749,2.4895
2464,0.7756,2.4606
2465,0.7745,2.4616
2466,0.7741,2.4622
2467,0.7727,2.4942
2468,0.7750,2.4611
2469,0.7754,2.5520
2470,0.7765,2.6256
2471,0.7767,2.4931
2472,0.7749,2.4620
2473,0.7753,2.4626
2474,0.7991,2.4671
2475,0.7770,2.5104
2476,0.7737,2.4610
2477,0.7761,2.4631
2478,0.7798,2.4617
2479,0.7793,2.4918
2480,0.7789,2.4630
2481,0.7785,2.4616
2482,0.7893,2.4616
2483,0.7823,2.5129
2484,0.7809,2.4623
2485,0.7767,2.4628
2486,0.8078,2.4649
2487,0.7798,2.4970
2488,0.7803,2.4633
2489,0.7781,2.4639
2490,0.7770,2.4606
2491,0.7755,2.5039
2492,0.7752,2.4625
2493,0.7749,2.4624
2494,0.7797,2.4957
2495,0.7757,2.5335
2496,0.7744,2.4611
2497,0.7746,2.5026
2498,0.7741,2.4618
2499,0.7948,2.5091
2500,0.7739,2.4636
2501,0.7735,2.4630
2502,0.7742,2.4614
2503,0.7733,2.5003
2504,0.7777,2.4619
2505,0.7727,2.4622
2506,0.7724,2.4618
2507,0.7742,2.5070
2508,0.7727,2.4624
2509,0.7742,2.4615
2510,0.7758,2.5281
2511,0.7716,2.5265
2512,0.8044,2.5355
2513,0.7732,2.4781
2514,0.7730,2.4625
2515,0.7715,2.4971
2516,0.7746,2.4964
2517,0.7761,2.5272
2518,0.7734,2.8115
2519,0.7728,2.9753
2520,0.7788,2.6842
2521,0.7732,2.5798
2522,0.7746,2.4675
2523,0.7745,2.7688
2524,0.7730,2.4993
2525,0.7966,2.5479
2526,0.7729,2.6022
2527,0.7732,2.5284
2528,0.7766,2.4638
2529,0.7735,2.4650
2530,0.7739,2.4867
2531,0.7794,2.5023
2532,0.7734,2.5124
2533,0.7777,2.4612
2534,0.7743,2.4665
2535,0.7737,2.5024
2536,0.7740,2.4649
2537,0.7743,2.4704
2538,0.8055,2.4653
2539,0.7733,2.5224
2540,0.7744,2.4641
2541,0.7708,2.4612
2542,0.7973,2.4624
2543,0.7721,2.4970
2544,0.7708,2.4623
2545,0.7724,2.4615
2546,0.7729,2.4617
2547,0.7763,2.5014
2548,0.7716,2.4618
2549,0.7758,2.4613
2550,0.7722,2.5070
2551,0.8002,2.5547
2552,0.7742,2.4917
2553,0.7736,2.4775
2554,0.7743,2.4655
2555,0.7738,2.5542
2556,0.7796,2.4911
2557,0.7751,2.4627
2558,0.7801,2.4671
2559,0.7799,2.6265
2560,0.7734,2.4626
2561,0.7751,2.4612
2562,0.7774,2.4607
2563,0.7730,2.8416
2564,0.7901,3.1842
2565,0.7687,3.1977
2566,0.7688,3.3489
2567,0.7746,3.1910
2568,0.7689,3.2284
2569,0.7695,3.1014
2570,0.7690,3.2496
2571,0.7739,3.2470
2572,0.7699,3.3133
2573,0.7736,2.7333
2574,0.7705,2.4689
2575,0.7706,2.4710
2576,0.7700,2.5208
2577,0.7982,2.5163
2578,0.7741,2.4636
2579,0.7743,2.4635
2580,0.7750,2.5076
2581,0.7752,2.4683
2582,0.7746,2.4631
2583,0.7745,2.4619
2584,0.7757,2.5028
2585,0.7750,2.4615
2586,0.7738,2.4612
2587,0.7739,2.4624
2588,0.7737,2.5029
2589,0.8000,2.4620
2590,0.7736,2.5100
2591,0.7726,2.4762
2592,0.7706,2.5002
2593,0.7717,2.4675
2594,0.7726,2.4881
2595,0.7715,2.4641
2596,0.7732,2.5011
2597,0.7719,2.4622
2598,0.7737,2.4618
2599,0.7717,2.4616
2600,0.7723,2.4949
2601,0.7723,2.4604
2602,0.7965,2.4613
2603,0.7714,2.4617
2604,0.7728,2.4928
2605,0.7726,2.5065
2606,0.7722,2.4509
2607,0.7726,2.4536
2608,0.7728,2.5102
2609,0.7722,2.4627
2610,0.7730,2.4729
2611,0.7718,2.5163
2612,0.7711,2.4949
2613,0.7732,2.4580
2614,0.7778,2.4625
2615,0.8123,2.4611
2616,0.7716,2.4989
2617,0.7710,2.4613
2618,0.7704,2.4609
2619,0.7712,2.4606
2620,0.7710,2.5136
2621,0.7708,2.4812
2622,0.7702,2.4615
2623,0.7720,2.4618
2624,0.7707,2.5128
2625,0.7711,2.5216
2626,0.7753,2.4490
2627,0.7708,2.4656
2628,0.8007,2.4992
2629,0.7709,2.4598
2630,0.7722,2.4597
2631,0.7731,2.4595
2632,0.7735,2.4973
2633,0.7723,2.5010
2634,0.7708,2.4624
2635,0.7716,2.4619
2636,0.7716,2.4962
2637,0.7708,2.4618
2638,0.7715,2.4614
2639,0.7702,2.4610
2640,0.7706,2.4993
2641,0.8049,2.4617
2642,0.7736,2.4617
2643,0.7722,2.4600
2644,0.7734,2.4618
2645,0.7728,2.4955
2646,0.7727,2.4601
2647,0.7729,2.4609
2648,0.7726,2.4609
2649,0.7727,2.4984
2650,0.7734,2.4614
2651,0.7724,2.4607
2652,0.7721,2.4939
2653,0.7736,2.4902
2654,0.8103,2.5119
2655,0.7736,2.8391
2656,0.7729,2.9268
2657,0.7738,2.7958
2658,0.7738,2.5160
2659,0.7728,2.4638
2660,0.7740,2.7115
2661,0.7773,2.5699
2662,0.7734,2.6106
2663,0.7740,2.4679
2664,0.7719,2.5087
2665,0.7732,2.4629
2666,0.7767,2.4613
2667,0.8109,2.4653
2668,0.7749,2.5135
2669,0.7751,2.4690
2670,0.7749,2.4647
2671,0.7741,2.4625
2672,0.7736,2.5102
2673,0.7748,2.4630
2674,0.7735,2.4648
2675,0.7778,2.4777
2676,0.7745,2.4946
2677,0.7734,2.4536
2678,0.7735,2.4573
2679,0.7750,2.4636
2680,0.8103,2.5096
2681,0.7731,2.4650
2682,0.7733,2.4624
2683,0.7737,2.4617
2684,0.7732,2.5020
2685,0.7737,2.4863
2686,0.7728,2.4637
2687,0.7743,2.5791
2688,0.7733,2.4967
2689,0.7739,2.5844
2690,0.7728,2.4614
2691,0.7739,2.5084
2692,0.7739,2.4964
2693,0.8037,2.4598
2694,0.7745,2.4595
2695,0.7735,2.4609
2696,0.7742,2.5150
2697,0.7743,2.4614
2698,0.7761,2.4617
2699,0.7734,2.4613
2700,0.7748,2.4823
2701,0.7743,2.4623
2702,0.7744,2.4618
2703,0.7745,2.4613
2704,0.7755,2.4964
2705,0.8081,2.4681
2706,0.7800,2.4631
2707,0.7737,2.4617
2708,0.7753,2.4871
2709,0.7724,2.4625
2710,0.7742,2.4621
2711,0.7741,2.4622
2712,0.7736,2.4819
2713,0.7734,2.4624
2714,0.7746,2.4606
2715,0.7727,2.4607
2716,0.7737,2.4949
2717,0.7730,2.4979
2718,0.8047,2.4613
2719,0.7730,2.4617
2720,0.7740,2.4617
2721,0.7744,2.4937
2722,0.7728,2.4611
2723,0.7719,2.4764
2724,0.7735,2.4611
2725,0.7730,2.4944
2726,0.7739,2.4598
2727,0.7732,2.4612
2728,0.7744,2.4753
2729,0.7721,2.4870
2730,0.7736,2.8300
2731,0.7996,3.0365
2732,0.7740,3.0395
2733,0.7728,3.0171
2734,0.7743,3.0199
2735,0.7744,3.0654
2736,0.7725,3.0439
2737,0.7738,3.0342
2738,0.7729,3.0248
2739,0.7740,3.0751
2740,0.7734,3.0347
2741,0.7723,3.0031
2742,0.7732,2.6716
2743,0.7791,2.4877
2744,0.7907,2.4626
2745,0.7733,2.4623
2746,0.7716,2.5074
2747,0.7714,2.4537
2748,0.7711,3.5715
2749,0.7730,3.1483
2750,0.7775,3.1311
2751,0.7706,3.1287
2752,0.7717,3.2468
2753,0.7719,3.3591
2754,0.7721,3.1402
2755,0.7697,3.2337
2756,0.7710,3.2670
2757,0.7977,3.1975
2758,0.7742,3.2933
2759,0.7738,3.3554
2760,0.7743,3.2007
2761,0.7740,3.2508
2762,0.7742,3.1392
2763,0.7730,2.4821
2764,0.7755,2.5328
2765,0.7741,2.5297
2766,0.7797,2.5314
2767,0.7766,2.4630
2768,0.7744,2.4632
2769,0.7764,2.4647
2770,0.8161,2.8602
2771,0.7733,3.0140
2772,0.7744,2.9544
2773,0.7750,3.0026
2774,0.7748,2.9669
2775,0.7748,2.7466
2776,0.7740,2.4604
2777,0.7804,2.5102
2778,0.7762,2.4626
2779,0.7720,2.4622
2780,0.7744,2.4659
2781,0.7736,2.5538
2782,0.7787,2.4679
2783,1.4733,2.5201
2784,0.7734,2.4718
2785,0.7727,2.5277
2786,0.7741,2.7785
2787,0.7734,2.9120
2788,0.7724,2.8276
2789,0.7731,2.5627
2790,0.7743,2.4655
2791,0.7731,2.5943
2792,0.7738,2.6489
2793,0.7723,2.4634
2794,0.7741,2.4620
2795,0.8278,2.4652
2796,0.7720,2.5157
2797,0.7718,2.4617
2798,0.7714,2.4610
2799,0.7719,2.4614
2800,0.7717,2.5508
2801,0.7735,2.4627
2802,0.7723,2.4608
2803,0.7712,2.4698
2804,0.7716,2.5063
2805,0.7723,2.4703
2806,0.7757,2.5404
2807,0.7718,2.5152
2808,0.8109,2.5007
2809,0.7715,2.4609
2810,0.7705,2.4626
2811,0.7698,2.4712
2812,0.7722,2.5192
2813,0.7712,2.5138
2814,0.7716,2.4631
2815,0.7720,2.4627
2816,0.7725,2.5066
2817,0.7714,2.5079
2818,0.7706,2.8730
2819,0.7704,3.0606
2820,0.7715,3.2652
2821,0.8043,3.0954
2822,0.7732,2.9709
2823,0.7756,3.2432
2824,0.7747,3.2136
2825,0.7748,3.2186
2826,0.7733,3.2048
2827,0.7752,2.4819
2828,0.7741,2.4619
2829,0.7744,2.4620
2830,0.7755,2.5244
2831,0.7734,2.4654
2832,0.7743,2.4600
2833,0.7993,2.4611
2834,0.7734,2.8944
2835,0.7723,2.4617
2836,0.7735,2.4625
2837,0.7730,2.4628
2838,0.7776,2.5051
2839,0.7731,2.4620
2840,0.7723,2.4612
2841,0.7726,2.4611
2842,0.7734,2.5479
2843,0.7726,2.4624
2844,0.7733,2.4624
2845,0.7785,2.4643
2846,0.7966,2.5053
2847,0.7786,2.4568
2848,0.7720,2.4637
2849,0.7716,2.4616
2850,0.7730,2.5028
2851,0.7721,2.4931
2852,0.7716,2.4620
2853,0.7722,2.4641
2854,0.7727,2.4976
2855,0.7719,2.4620
2856,0.7715,2.4615
2857,0.7718,2.4610
2858,0.7713,2.4912
2859,0.7962,2.4626
2860,0.7714,2.4622
2861,0.7715,2.4618
2862,0.7719,2.5033
2863,0.7720,2.4629
2864,0.7724,2.4648
2865,0.7716,2.4627
2866,0.7716,2.4907
2867,0.7757,2.4632
2868,0.7702,2.4627
2869,0.7718,2.4636
2870,0.7704,2.4802
2871,0.7719,2.4614
2872,0.8088,2.4618
2873,0.7738,2.4617
2874,0.7729,2.4864
2875,0.7740,2.4619
2876,0.7723,2.4619
2877,0.7731,2.4891
2878,0.7719,2.5001
2879,0.7722,2.4537
2880,0.7719,2.4600
2881,0.7740,2.4664
2882,0.7730,2.4908
2883,0.7726,2.4655
2884,0.7731,2.4654
2885,0.8024,2.4674
2886,0.7752,2.4646
2887,0.7741,2.4978
2888,0.7755,2.4511
2889,0.7750,2.4522
2890,0.7727,2.4643
2891,0.7732,2.5148
2892,0.7732,2.4645
2893,0.7745,2.4668
2894,0.7778,2.4678
2895,0.7730,2.4956
2896,0.7756,2.4660
2897,0.7745,2.4672
2898,0.8022,2.4650
2899,0.7731,2.4764
2900,0.7733,2.4489
2901,0.7734,2.4486
2902,0.7783,2.4497
2903,0.7726,2.4806
2904,0.7740,2.4601
2905,0.7728,2.4604
2906,0.7738,2.4605
2907,0.7741,2.4911
2908,0.7741,2.4610
2909,0.7776,2.4607
2910,0.7733,2.4604
2911,0.7927,2.5062
2912,0.7748,2.4619
2913,0.7751,2.4617
2914,0.7743,2.4611
2915,0.7748,2.4884
2916,0.7734,2.4621
2917,0.7725,2.4610
2918,0.7749,2.4925
2919,0.7743,2.4975
2920,0.7744,2.4525
2921,0.7737,2.4634
2922,0.7735,2.5150
2923,0.7740,2.8972
2924,0.8042,2.8764
2925,0.7737,2.5913
2926,0.7739,2.4638
2927,0.7733,2.5264
2928,0.7728,2.5334
2929,0.7731,2.4736
2930,0.7723,2.4995
2931,0.7757,2.4990
2932,0.7729,2.4656
2933,0.7738,2.4628
2934,0.7736,2.4660
2935,0.7766,2.5047
2936,0.7762,2.4610
2937,0.8035,2.4628
2938,0.7712,2.4609
2939,0.7710,2.4912
2940,0.7709,2.4509
2941,0.7712,2.4620
2942,0.7714,2.4637
2943,0.7754,2.5186
2944,0.7714,2.4907
2945,0.7710,2.4618
2946,0.7706,2.4641
2947,0.7720,2.4979
2948,0.7719,2.4638
2949,0.8009,2.4672
2950,0.7727,2.4660
2951,0.7732,2.4921
2952,0.7747,2.4626
2953,0.7740,2.4644
2954,0.7752,2.4607
2955,0.7753,2.5007
2956,0.7745,2.4607
2957,0.7732,2.4627
2958,0.7734,2.4626
2959,0.7733,2.5094
2960,0.7751,2.4641
2961,0.7740,2.4621
2962,0.7984,2.4623
2963,0.7741,2.5008
2964,0.7749,2.4615
2965,0.7747,2.4617
2966,0.7750,2.4614
2967,0.7747,2.4910
2968,0.7745,2.4612
2969,0.7747,2.4639
2970,0.7750,2.4612
2971,0.7745,2.4860
2972,0.7753,2.4705
2973,0.7736,2.4605
2974,0.7754,2.4611
2975,0.8043,2.4922
2976,0.7747,2.4623
2977,0.7746,2.4618
2978,0.7741,2.4616
2979,0.7747,2.4955
2980,0.7739,2.4619
2981,0.7744,2.4624
2982,0.7751,2.4627
2983,0.7800,2.4894
2984,0.7740,2.4605
2985,0.7750,2.4926
2986,0.7748,2.4602
2987,0.7749,2.5001
2988,0.7926,2.4602
2989,0.7730,2.4604
2990,0.7744,2.4599
2991,0.7734,2.5308
2992,0.7730,2.4628
2993,0.7732,2.4635
2994,0.7726,2.4617
2995,0.7730,2.5332
2996,0.7714,2.4606
2997,0.7728,2.4596
2998,0.7725,2.4600
2999,0.7727,2.4953
3000,0.7764,2.4604
3001,0.8085,2.4606
3002,0.7742,2.4602
3003,0.7738,2.4923
3004,0.7736,2.4601
3005,0.7733,2.4608
3006,0.7740,2.4605
3007,0.7730,2.5164
3008,0.7752,2.4617
3009,0.7725,2.4611
3010,0.7735,2.4612
3011,0.7743,2.4845
3012,0.7745,2.4845
3013,0.7732,2.4603
3014,0.8174,2.4597
3015,0.7753,2.4610
3016,0.7758,2.4990
3017,0.7763,2.4622
3018,0.7726,2.4634
3019,0.7744,2.4630
3020,0.7743,2.4998
3021,0.7743,2.4606
3022,0.7789,2.4604
3023,0.7746,2.4608
3024,0.7779,2.5026
3025,0.7801,2.4612
3026,0.7801,2.4607
3027,0.8058,2.4617
3028,0.7758,2.5504
3029,0.7748,2.4600
3030,0.7754,2.4616
3031,0.7735,2.4619
3032,0.7745,2.4891
3033,0.7743,2.4619
3034,0.7748,2.4596
3035,0.7747,2.7720
3036,0.7758,2.9373
3037,0.7745,2.6874
3038,0.7739,2.4600
3039,0.8082,2.5309
3040,0.7738,2.5305
3041,0.7729,2.5647
3042,0.7719,2.4720
3043,0.7734,2.4973
3044,0.7735,2.4527
3045,0.7731,2.4584
3046,0.7741,2.4629
3047,0.7733,2.4970
3048,0.7737,2.4632
3049,0.7738,2.4621
3050,0.7736,2.4631
3051,0.7727,2.5499
3052,0.7976,2.4940
3053,0.7737,2.4615
3054,0.7738,2.4621
3055,0.7736,2.4948
3056,0.7758,2.4634
3057,0.7741,2.4612
3058,0.7796,2.4602
3059,0.7730,2.4606
3060,0.7739,2.4873
3061,0.7732,2.4628
3062,0.7741,2.4610
3063,0.7733,2.4601
3064,0.7753,2.4924
3065,0.8104,2.4599
3066,0.7728,2.4606
3067,0.7730,2.4607
3068,0.7727,2.4921
3069,0.7724,2.4603
3070,0.7721,2.4604
3071,0.7723,2.4641
3072,0.7726,2.5001
3073,0.7728,2.4612
3074,0.7719,2.4614
3075,0.7731,2.4606
3076,0.7709,2.4915
3077,0.7730,2.4600
3078,0.8009,2.4609
3079,0.7720,2.4910
3080,0.7727,2.4795
3081,0.7720,2.4606
3082,0.7724,2.4612
3083,0.7734,2.4610
3084,0.7725,2.5272
3085,0.7730,2.4605
3086,0.7721,2.4603
3087,0.7728,2.4608
3088,0.7725,2.5061
3089,0.7781,2.4597
3090,0.7720,2.4608
3091,0.7988,2.4614
3092,0.7726,2.5230
3093,0.7722,2.4618
3094,0.7712,2.4623
3095,0.7727,2.4609
3096,0.7722,2.6024
3097,0.7727,2.4607
3098,0.7790,2.4604
3099,0.7724,2.4664
3100,0.7721,2.4979
3101,0.7708,2.4619
3102,0.7728,2.4621
3103,0.7781,2.4619
3104,0.8024,2.5059
3105,0.7737,2.4607
3106,0.7736,2.4605
3107,0.7763,2.4602
3108,0.7769,2.4923
3109,0.7745,2.4618
3110,0.7806,2.4604
3111,0.7758,2.4593
3112,0.7758,2.4929
3113,0.7742,2.4608
3114,0.7737,2.4605
3115,0.7764,2.4613
3116,0.7759,2.4970
3117,0.8015,2.4604
3118,0.7746,2.4610
3119,0.7745,2.4874
3120,0.7752,2.5089
3121,0.7752,2.4617
3122,0.7730,2.4610
3123,0.7748,2.4616
3124,0.7746,2.4904
3125,0.7739,2.4623
3126,0.7736,2.4632
3127,0.7741,2.4618
3128,0.7736,2.5049
3129,0.7756,2.4613
3130,0.8036,2.4606
3131,0.7745,2.4606
3132,0.7742,2.4951
3133,0.7741,2.4599
3134,0.7744,2.4606
3135,0.7736,2.4610
3136,0.7753,2.5014
3137,0.7743,2.4613
3138,0.7751,2.4617
3139,0.7750,2.4620
3140,0.7748,2.4930
3141,0.7739,2.4643
3142,0.7736,2.4622
3143,0.8055,2.4625
3144,0.7738,2.4871
3145,0.7736,2.4623
3146,0.7739,2.4897
3147,0.7740,2.4598
3148,0.7741,2.4848
3149,0.7751,2.4625
3150,0.7740,2.4616
3151,0.7752,2.4609
3152,0.7737,2.4620
3153,0.7742,2.5691
3154,0.7729,2.4628
3155,0.7983,2.4643
3156,0.7761,2.4612
3157,0.7732,2.4960
3158,0.7764,2.5233
3159,0.7743,2.4631
3160,0.7765,2.4621
3161,0.7753,2.5526
3162,0.7737,2.4604
3163,0.7758,2.4610
3164,0.7747,2.4601
3165,0.7743,2.5505
3166,0.7741,2.4617
3167,0.7745,2.4613
3168,0.8078,2.4607
3169,0.7734,2.5136
3170,0.7729,2.4607
3171,0.7739,2.4611
3172,0.7744,2.5001
3173,0.7740,2.4812
3174,0.7728,2.5689
3175,0.7737,2.8475
3176,0.7739,2.8789
3177,0.7724,2.5643
3178,0.7735,2.4977
3179,0.7737,2.4629
3180,0.7732,2.6002
3181,0.8032,2.5474
3182,0.7759,2.4634
3183,0.7735,2.4623
3184,0.7741,2.5129
3185,0.7762,2.4624
3186,0.7746,2.4895
3187,0.7743,2.4669
3188,0.7742,2.4969
3189,0.7801,2.4632
3190,0.7748,2.4674
3191,0.7736,2.4638
3192,0.7744,2.4949
3193,0.7740,2.4614
3194,0.8285,2.4622
3195,0.7716,2.4622
3196,0.7721,2.4906
3197,0.7718,2.5399
3198,0.7724,2.4549
3199,0.7716,2.4603
3200,0.7725,2.5176
3201,0.7716,2.4659
3202,0.7712,2.4624
3203,0.7720,2.4621
3204,0.7717,2.4891
3205,0.7719,2.4666
3206,0.7716,2.4644
3207,0.7962,2.4619
3208,0.7728,2.4774
3209,0.7733,2.5551
3210,0.7715,2.4611
3211,0.7731,2.4616
3212,0.7725,2.4623
3213,0.7719,2.5166
3214,0.7730,2.4616
3215,0.7722,2.4622
3216,0.7732,2.4618
3217,0.7721,2.4866
3218,0.7730,2.5704
3219,0.7725,2.6158
3220,0.8059,2.6643
3221,0.7735,2.4634
3222,0.7737,2.4630
3223,0.7737,2.4620
3224,0.7733,2.4620
3225,0.7724,2.5233
3226,0.7735,2.4611
3227,0.7738,2.4609
3228,0.7733,2.4632
3229,0.7735,2.5035
3230,0.7714,2.4616
3231,0.7728,2.4632
3232,0.7737,2.4663
3233,0.8042,2.5346
3234,0.7722,2.4612
3235,0.7724,2.4611
3236,0.7715,2.4619
3237,0.7722,2.5346
3238,0.7731,2.4611
3239,0.7720,2.4617
3240,0.7732,2.4619
3241,0.7735,2.4925
3242,0.7720,2.4616
3243,0.7731,2.4613
3244,0.7721,2.4615
3245,0.7729,2.5053
3246,0.7994,2.4612
3247,0.7751,2.4609
3248,0.7738,2.4611
3249,0.7734,2.5036
3250,0.7742,2.4625
3251,0.7725,2.4615
3252,0.7738,2.4610
3253,0.7743,2.5455
3254,0.7740,2.4638
3255,0.7750,2.4629
3256,0.7802,2.4611
3257,0.7745,2.4881
3258,0.7982,2.4496
3259,0.7737,2.4495
3260,0.7753,2.4503
3261,0.7745,2.4802
3262,0.7741,2.4610
3263,0.7746,2.4612
3264,0.7742,2.4618
3265,0.7746,2.5463
3266,0.7753,2.4610
3267,0.7739,2.4601
3268,0.7730,2.4603
3269,0.7750,2.5048
3270,0.7748,2.4633
3271,0.8112,2.4633
3272,0.7725,2.4628
3273,0.7725,2.4910
3274,0.7748,2.4582
3275,0.7722,2.4641
3276,0.7783,2.4641
3277,0.7746,2.5157
3278,0.7766,2.4613
3279,0.7734,2.4608
3280,0.7752,2.4860
3281,0.7776,2.4915
3282,0.7788,2.4550
3283,0.7751,2.4659
3284,0.8111,2.4653
3285,0.7743,2.4977
3286,0.7728,2.4616
3287,0.7745,2.4613
3288,0.7749,2.4617
3289,0.7749,2.4861
3290,0.7751,2.4528
3291,0.7728,2.4634
3292,0.7732,2.4661
3293,0.7723,2.5392
3294,0.7737,2.4613
3295,0.7736,2.4612
3296,0.7739,2.4623
3297,0.8006,2.5111
3298,0.7732,2.4576
3299,0.7713,2.4583
3300,0.7716,2.4643
3301,0.7706,2.5092
3302,0.7728,2.4612
3303,0.7714,2.4615
3304,0.7719,2.4614
3305,0.7702,2.5443
3306,0.7713,2.4616
3307,0.7709,2.4610
3308,0.7712,2.4606
3309,0.7733,2.4987
3310,0.8064,2.4617
3311,0.7739,2.4617
3312,0.7737,2.4939
3313,0.7735,2.5135
3314,0.7731,2.6251
3315,0.7795,2.9301
3316,0.7710,2.7445
3317,0.7740,2.5239
3318,0.7740,2.4622
3319,0.7711,2.4631
3320,0.7733,2.5939
3321,0.7738,2.5463
3322,0.7729,2.4628
3323,0.8134,2.4695
3324,0.7738,2.4621
3325,0.7746,2.5050
3326,0.7729,2.4630
3327,0.7740,2.4628
3328,0.7740,2.4628
3329,0.7742,2.5009
3330,0.7736,2.4613
3331,0.7749,2.4617
3332,0.7743,2.4609
3333,0.7749,2.4860
3334,0.7749,2.4618
3335,0.7749,2.4627
3336,0.7996,2.4619
3337,0.7721,2.4968
3338,0.7728,2.4617
3339,0.7736,2.4617
3340,0.7728,2.4615
3341,0.7728,2.4924
3342,0.7736,2.4614
3343,0.7731,2.4605
3344,0.7737,2.4611
3345,0.7725,2.4904
3346,0.7726,2.4606
3347,0.7725,2.4826
3348,0.7726,2.4607
3349,0.8020,2.5508
3350,0.7707,2.4616
3351,0.7701,2.4620
3352,0.7704,2.4609
3353,0.7704,2.4931
3354,0.7714,2.4604
3355,0.7716,2.4607
3356,0.7711,2.4610
3357,0.7715,2.5058
3358,0.7712,2.4615
3359,0.7756,2.4637
3360,0.7703,2.4598
3361,0.7718,2.4615
3362,0.8070,2.4990
3363,0.7720,2.4610
3364,0.7736,2.4601
3365,0.7732,2.4607
3366,0.7745,2.5042
3367,0.7740,2.4598
3368,0.7737,2.4594
3369,0.7724,2.4599
3370,0.7723,2.5069
3371,0.7728,2.4612
3372,0.7716,2.4614
3373,0.7731,2.4622
3374,0.8008,2.4958
3375,0.7736,2.4625
3376,0.7735,2.4620
3377,0.7730,2.4945
3378,0.7734,2.5020
3379,0.7774,2.4621
3380,0.7729,2.4620
3381,0.7725,2.4627
3382,0.7729,2.5070
3383,0.7726,2.4620
3384,0.7731,2.4626
3385,0.7722,2.4623
3386,0.7735,2.4969
3387,0.8013,2.4622
3388,0.7737,2.4784
3389,0.7756,2.4531
3390,0.7739,2.4877
3391,0.7723,2.4601
3392,0.7731,2.4601
3393,0.7726,2.4603
3394,0.7731,2.4907
3395,0.7726,2.4599
3396,0.7731,2.4632
3397,0.7737,2.4620
3398,0.7726,2.5033
3399,0.7736,2.4591
3400,0.8110,2.4594
3401,0.7728,2.4600
3402,0.7738,2.4844
3403,0.7724,2.4607
3404,0.7754,2.4611
3405,0.7733,2.6822
3406,0.7741,2.5655
3407,0.7721,2.5828
3408,0.7766,2.4705
3409,0.7780,2.4619
3410,0.7771,2.5142
3411,0.7726,2.4624
3412,0.7725,2.4640
3413,0.8070,2.4635
3414,0.7737,2.5373
3415,0.7729,2.4613
3416,0.7736,2.4642
3417,0.7726,2.4633
3418,0.7733,2.5004
3419,0.7735,2.4627
3420,0.7720,2.4636
3421,0.7722,2.4632
3422,0.7748,2.4985
3423,0.7712,2.4721
3424,0.7733,2.4607
3425,0.7729,2.4610
3426,0.8086,2.4916
3427,0.7711,2.4616
3428,0.7707,2.4622
3429,0.7706,2.4623
3430,0.7713,2.5011
3431,0.7703,2.4617
3432,0.7707,2.4618
3433,0.7714,2.4625
3434,0.7719,2.4963
3435,0.7707,2.4629
3436,0.7708,2.4626
3437,0.7713,2.4617
3438,0.7707,2.4979
3439,0.7994,2.4603
3440,0.7728,2.4607
3441,0.7724,2.4605
3442,0.7715,2.4887
3443,0.7727,2.4619
3444,0.7727,2.4618
3445,0.7737,2.4617
3446,0.7726,2.5070
3447,0.7732,2.4615
3448,0.7729,2.4615
3449,0.7720,2.4671
3450,0.7716,2.4851
3451,0.7728,2.4625
3452,0.8001,2.4617
3453,0.7726,2.4624
3454,0.7729,2.7664
3455,0.7725,2.9096
3456,0.7736,2.7261
3457,0.7731,2.4615
3458,0.7725,2.5338
3459,0.7737,2.5668
3460,0.7738,2.4640
3461,0.7740,2.4636
3462,0.7773,2.4866
3463,0.7737,2.4610
3464,0.7739,2.4617
3465,0.7945,2.4625
3466,0.7724,2.4889
3467,0.7737,2.4622
3468,0.7753,2.4647
3469,0.7732,2.4627
3470,0.7752,2.4928
3471,0.7784,2.4615
3472,0.7742,2.4627
3473,0.7741,2.4616
3474,0.7738,2.4954
3475,0.7792,2.4633
3476,0.7749,2.4646
3477,0.7792,2.4630
3478,0.8273,2.4841
3479,0.7730,2.4630
3480,0.7733,2.4607
3481,0.7726,2.4717
3482,0.7722,2.4809
3483,0.7714,2.4608
3484,0.7722,2.4616
3485,0.7725,2.4615
3486,0.7709,2.4974
3487,0.7737,2.4635
3488,0.7780,2.4631
3489,0.7733,2.4643
3490,0.8040,2.4979
3491,0.7736,2.4609
3492,0.7732,2.4615
3493,0.7742,2.4615
3494,0.7718,2.4905
3495,0.7727,2.4618
3496,0.7722,2.4609
3497,0.7733,2.4615
3498,0.7737,2.4843
3499,0.7735,2.4614
3500,0.7733,2.4619
3501,0.7732,2.4614
3502,0.7725,2.4609
3503,0.7966,2.4866
3504,0.7730,2.4605
3505,0.7728,2.4597
3506,0.7743,2.4597
3507,0.7716,2.5052
3508,0.7730,2.4613
3509,0.7719,2.4617
3510,0.7729,2.4623
3511,0.7725,2.4933
3512,0.7728,2.4624
3513,0.7733,2.4625
3514,0.7739,2.4611
3515,0.7731,2.4920
3516,0.8059,2.4624
3517,0.7726,2.4612
3518,0.7740,2.4622
3519,0.7725,2.4964
3520,0.7724,2.4628
3521,0.7721,2.4698
3522,0.7729,2.4619
3523,0.7721,2.4959
3524,0.7739,2.4636
3525,0.7724,2.4628
3526,0.7740,2.4617
3527,0.7734,2.4903
3528,0.7726,2.4621
3529,0.8084,2.4786
3530,0.7758,2.4617
3531,0.7746,2.4828
3532,0.7740,2.4596
3533,0.7719,2.4590
3534,0.7751,2.4596
3535,0.7738,2.5178
3536,0.7736,2.4603
3537,0.7737,2.4604
3538,0.7775,2.4597
3539,0.7745,2.4946
3540,0.7790,2.4610
3541,0.7796,2.4599
3542,0.8406,2.4595
3543,0.7744,2.5049
3544,0.7745,2.4609
3545,0.7730,2.4605
3546,0.7746,2.4618
3547,0.7798,2.4867
3548,0.7803,2.4596
3549,0.7733,2.4599
3550,0.7738,2.4598
3551,0.7767,2.4803
3552,0.7744,2.4606
3553,0.7775,2.4599
3554,0.7756,2.4604
3555,0.8371,2.5543
3556,0.7750,2.4639
3557,0.7739,2.4633
3558,0.7738,2.4623
3559,0.7737,2.5301
3560,0.7772,2.4623
3561,0.7792,2.4620
3562,0.7745,2.4619
3563,0.7758,2.5307
3564,0.7731,2.4617
3565,0.7732,2.4614
3566,0.7733,2.4625
3567,0.7747,2.5455
3568,0.8163,2.4604
3569,0.7736,2.4608
3570,0.7747,2.4607
3571,0.7743,2.5036
3572,0.7737,2.4607
3573,0.7750,2.4593
3574,0.7794,2.4600
3575,0.7740,2.5102
3576,0.7743,2.4605
3577,0.7746,2.4607
3578,0.7800,2.4614
3579,0.7766,2.5061
3580,0.8037,2.4632
3581,0.7748,2.4620
3582,0.7773,2.4615
3583,0.7748,2.4856
3584,0.7742,2.4613
3585,0.7753,2.4612
3586,0.7736,2.4605
3587,0.7740,2.4866
3588,0.7726,2.4627
3589,0.7733,2.4632
3590,0.7735,2.4620
3591,0.7736,2.4613
3592,0.7725,2.4851
3593,0.7996,2.4633
3594,0.7716,2.6891
3595,0.7726,2.9617
3596,0.7713,2.6943
3597,0.7722,2.4612
3598,0.7725,2.4623
3599,0.7722,2.5239
3600,0.7734,2.4625
3601,0.7729,2.5244
3602,0.7735,2.4598
3603,0.7733,2.5103
3604,0.7731,2.4616
3605,0.7725,2.4613
3606,0.7910,2.4605
3607,0.7733,2.6860
3608,0.7729,2.4622
3609,0.7724,2.4617
3610,0.7738,2.4620
3611,0.7722,2.5594
3612,0.7727,2.4614
3613,0.7722,2.4616
3614,0.7724,2.4647
3615,0.7730,2.4849
3616,0.7726,2.4644
3617,0.7720,2.4611
3618,0.7732,2.4632
3619,0.8083,2.5047
3620,0.7732,2.4642
3621,0.7733,2.4613
3622,0.7723,2.4610
3623,0.7726,2.6485
3624,0.7719,2.5881
3625,0.7724,2.6231
3626,0.7725,2.4586
3627,0.7727,2.4951
3628,0.7732,2.4625
3629,0.7720,2.4653
3630,0.7733,3.4193
3631,0.7716,3.1586
3632,0.8025,2.5292
3633,0.7723,2.5287
3634,0.7724,2.5280
3635,0.7742,2.6212
3636,0.7727,2.5270
3637,0.7731,2.5327
3638,0.7729,2.5427
3639,0.7734,2.6140
3640,0.7732,2.5329
3641,0.7738,2.5258
3642,0.7721,2.5301
3643,0.7713,2.4649
3644,0.7729,2.4751
3645,0.7926,2.4787
3646,0.7729,2.5218
3647,0.7719,2.4938
3648,0.7725,2.4703
3649,0.7731,2.4758
3650,0.7713,2.5002
3651,0.7739,2.4912
3652,0.7726,2.4701
3653,0.7736,2.4773
3654,0.7731,2.4759
3655,0.7747,2.5546
3656,0.7778,2.4665
3657,0.7720,2.4624
3658,0.7992,2.4625
3659,0.7732,2.5075
3660,0.7750,2.4636
3661,0.7715,2.4614
3662,0.7731,2.4618
3663,0.7722,2.5381
3664,0.7743,2.4639
3665,0.7717,2.4630
3666,0.7733,2.4634
3667,0.7771,2.5378
3668,0.8415,2.4614
3669,0.7716,2.4610
3670,0.7712,2.4609
3671,0.8104,2.5338
3672,0.7733,2.4633
3673,0.8094,2.4614
3674,0.8005,2.4618
3675,0.8102,2.4906
3676,0.8019,2.4604
3677,0.8069,2.4606
3678,0.7937,2.4618
3679,0.8652,2.5210
3680,0.8278,2.5412
3681,0.8043,2.4632
3682,0.8047,2.4622
3683,0.8278,2.5234
3684,0.7737,2.4614
3685,0.7715,2.4620
3686,0.7753,2.4619
3687,0.7724,2.5525
3688,0.7717,2.4642
3689,0.7710,2.4606
3690,0.7730,2.4611
3691,0.7717,2.4937
3692,0.7718,2.4641
3693,0.7729,2.4619
3694,0.7733,2.4607
3695,0.7719,2.5211
3696,0.8163,2.4608
3697,0.7706,2.4611
3698,0.7728,2.4606
3699,0.7726,2.5166
3700,0.7710,2.4628
3701,0.7732,2.4742
3702,0.7727,2.4611
3703,0.7752,2.5231
3704,0.7734,2.4611
3705,0.7722,2.4607
3706,0.7722,2.4651
3707,0.7733,2.6334
3708,0.7733,2.4614
3709,0.8011,2.4603
3710,0.7724,2.4600
3711,0.7727,2.5370
3712,0.7739,2.5385
3713,0.7744,2.4602
3714,0.7730,2.4606
3715,0.7733,2.4962
3716,0.7728,2.4669
3717,0.7736,2.4662
3718,0.7749,2.4673
3719,0.7740,2.5063
3720,0.7720,2.4623
3721,0.7734,2.4612
3722,0.8216,2.4620
3723,0.7750,2.4931
3724,0.7749,2.4798
3725,0.8106,2.4988
3726,0.7721,2.4636
3727,0.7750,2.6238
3728,0.7736,2.4766
3729,0.7718,2.4618
3730,0.7798,2.4608
3731,0.7716,2.5042
3732,0.7730,2.4673
3733,0.7737,2.4647
3734,0.7994,2.4702
3735,0.7751,2.5088
3736,0.7750,2.5257
3737,0.7748,2.4607
3738,0.7747,2.4982
3739,0.7732,2.4906
3740,0.7741,2.4678
3741,0.7741,2.4684
3742,0.7743,2.4678
3743,0.7756,2.5094
3744,0.7740,2.4614
3745,0.7743,2.4613
3746,0.7753,2.4607
3747,0.8061,2.4889
3748,0.7754,2.4606
3749,0.7732,2.4607
3750,0.7758,2.4608
3751,0.7750,2.4955
3752,0.7715,2.4776
3753,0.7742,2.4593
3754,0.7794,2.4670
3755,0.7748,2.4959
3756,0.7743,2.4567
3757,0.7745,2.4625
3758,0.7734,2.4616
3759,0.7734,2.5093
3760,0.7982,2.4608
3761,0.7744,2.4603
3762,0.7740,2.4603
3763,0.7735,2.4975
3764,0.7751,2.4627
3765,0.7738,2.4602
3766,0.7733,2.4612
3767,0.7731,2.5281
3768,0.7745,2.4614
3769,0.7732,2.4604
3770,0.7739,2.4607
3771,0.7733,2.5293
3772,0.7748,2.4660
3773,0.8053,2.4615
3774,0.7741,2.4603
3775,0.7752,2.5102
3776,0.7739,2.4733
3777,0.7736,2.4595
3778,0.7741,2.4598
3779,0.7746,2.4660
3780,0.7791,2.5017
3781,0.7733,2.4604
3782,0.7745,2.4605
3783,0.7746,2.4593
3784,0.7738,2.5320
3785,0.7739,2.4614
3786,0.7960,2.4618
3787,0.7731,2.4615
3788,0.7741,2.4939
3789,0.7736,2.4619
3790,0.7735,2.4610
3791,0.7730,2.4607
3792,0.7736,2.5288
3793,0.7792,2.4765
3794,0.7733,2.4618
3795,0.7737,2.4601
3796,0.7776,2.4958
3797,0.7741,2.4638
3798,0.7732,2.4608
3799,0.8048,2.4615
3800,0.7725,2.5218
3801,0.7737,2.4619
3802,0.7708,2.4612
3803,0.7721,2.4602
3804,0.7720,2.5120
3805,0.7722,2.4609
3806,0.7717,2.4604
3807,0.7734,2.4604
3808,0.7782,2.5152
3809,0.7718,2.4605
3810,0.7725,2.4623
3811,0.7723,2.4607
3812,0.7945,2.5171
3813,0.7720,2.4611
3814,0.7721,2.4617
3815,0.7740,2.4617
3816,0.7715,2.5047
3817,0.7732,2.4606
3818,0.7738,2.4681
3819,0.7728,2.4602
3820,0.7729,2.5049
3821,0.7736,2.4616
3822,0.7769,2.4609
3823,0.7734,2.4623
3824,0.7740,2.5245
3825,0.7900,2.4671
3826,0.7735,2.4606
3827,0.7734,2.4624
3828,0.7729,2.5315
3829,0.7734,2.4613
3830,0.7784,2.4613
3831,0.7720,2.4607
3832,0.7711,2.5241
3833,0.7729,2.4609
3834,0.7776,2.4610
3835,0.7778,2.4615
3836,0.7736,2.5109
3837,0.7752,2.4610
3838,0.8151,2.4607
3839,0.7730,2.4605
3840,0.7726,2.5084
3841,0.7718,2.4614
3842,0.7729,2.4613
3843,0.7765,2.4616
3844,0.7729,2.4911
3845,0.7761,2.4602
3846,0.7762,2.5633
3847,0.7747,2.4607
3848,0.7737,2.5493
3849,0.7727,2.4607
3850,0.8145,2.5674
3851,0.7722,2.4623
3852,0.7723,2.4825
3853,0.7779,2.5207
3854,0.7748,2.4606
3855,0.7739,2.4609
3856,0.7733,2.5519
3857,0.7770,2.4618
3858,0.7780,2.4604
3859,0.7728,2.4609
3860,0.7752,2.4951
3861,0.7731,2.4606
3862,0.7718,2.4607
3863,0.8043,2.4610
3864,0.7739,2.5409
3865,0.7739,2.4554
3866,0.7739,2.4597
3867,0.7735,2.4594
3868,0.7758,2.5213
3869,0.7724,2.4610
3870,0.7720,2.4605
3871,0.7775,2.4614
3872,0.7736,2.5229
3873,0.7729,2.4616
3874,0.7759,2.4624
3875,0.7740,2.4652
3876,0.8214,2.4824
3877,0.7735,2.4607
3878,0.7729,2.5119
3879,0.7740,2.4618
3880,0.7734,2.5052
3881,0.7747,2.4612
3882,0.7785,2.4612
3883,0.7728,2.4605
3884,0.7725,2.5012
3885,0.7766,2.4616
3886,0.7744,2.4611
3887,0.7735,2.4613
3888,0.7780,2.5025
3889,0.8033,2.4990
3890,0.7731,2.4624
3891,0.7730,2.4624
3892,0.7737,2.4611
3893,0.7731,2.4883
3894,0.7772,2.4696
3895,0.7732,2.4684
3896,0.7730,2.4635
3897,0.7735,2.5162
3898,0.7757,2.4624
3899,0.7733,2.4619
3900,0.7741,2.4620
3901,0.7731,2.5383
3902,0.8129,2.4631
3903,0.7731,2.4611
3904,0.7722,2.4619
3905,0.7738,2.5249
3906,0.7732,2.4617
3907,0.7737,2.4619
3908,0.7732,2.4621
3909,0.7719,2.4948
3910,0.7734,2.4647
3911,0.7723,2.4649
3912,0.7719,2.4658
3913,0.7762,2.5462
3914,0.7743,2.4616
3915,0.7940,2.4618
3916,0.7744,2.4616
3917,0.7736,2.4786
3918,0.7737,2.4602
3919,0.7732,2.4608
3920,0.7738,2.4609
3921,0.7716,2.5530
3922,0.7731,2.4605
3923,0.7735,2.4604
3924,0.7772,2.4609
3925,0.7740,2.5263
3926,0.7734,2.4599
3927,0.7731,2.4612
3928,0.8037,2.4611
3929,0.7739,2.5260
3930,0.7736,2.4617
3931,0.7767,2.4614
3932,0.7729,2.4606
3933,0.7731,2.5255
3934,0.7730,2.4624
3935,0.7751,2.4638
3936,0.7734,2.4638
3937,0.7724,2.5391
3938,0.7742,2.4610
3939,0.7735,2.4611
3940,0.7728,2.4603
3941,0.8053,2.4914
3942,0.7737,2.4607
3943,0.7730,2.4602
3944,0.7729,2.4652
3945,0.7739,2.5268
3946,0.7736,2.4607
3947,0.7745,2.4609
3948,0.7714,2.4622
3949,0.7738,2.4817
3950,0.7737,2.4602
3951,0.7746,2.4612
3952,0.7737,2.4610
3953,0.7955,2.5223
3954,0.7735,2.4607
3955,0.7723,2.4612
3956,0.7747,2.4610
3957,0.7729,2.4954
3958,0.7725,2.4621
3959,0.7722,2.4620
3960,0.7731,2.4616
3961,0.7738,2.5267
3962,0.7736,2.4614
3963,0.7728,2.4606
3964,0.7738,2.4622
3965,0.7733,2.5560
3966,0.7982,2.4606
3967,0.7748,2.4628
3968,0.7722,2.4650
3969,0.7739,2.6567
3970,0.7748,2.4616
3971,0.7737,2.4613
3972,0.7738,2.4613
3973,0.7733,2.5017
3974,0.7739,2.4613
3975,0.7745,2.4619
3976,0.7734,2.4659
3977,0.7739,2.5477
3978,0.7801,2.4610
3979,0.7969,2.4605
3980,0.7750,2.4621
3981,0.7750,2.5009
3982,0.7751,2.4612
3983,0.7735,2.4612
3984,0.7726,2.4620
3985,0.7746,2.5372
3986,0.7745,2.5530
3987,0.7735,2.4613
3988,0.7741,2.4614
3989,0.7742,2.5128
3990,0.7742,2.5700
3991,0.7735,2.4626
3992,0.7945,2.4619
3993,0.7745,2.5584
3994,0.7742,2.4622
3995,0.7754,2.4622
3996,0.7745,2.4618
3997,0.7750,2.5101
3998,0.7743,2.4621
3999,0.7750,2.4618
4000,0.7751,2.4619
4001,0.7726,2.5053
4002,0.7749,2.4629
4003,0.7750,2.4619
4004,0.7746,2.4616
4005,0.8104,2.5144
4006,0.7741,2.4627
4007,0.7755,2.4635
4008,0.7745,2.5053
4009,0.7750,2.5494
4010,0.7749,2.4641
4011,0.7747,2.4862
4012,0.7797,2.4927
4013,0.7731,2.5445
4014,0.7739,2.4941
4015,0.7751,2.4608
4016,0.7751,2.4640
4017,0.7798,2.5062
4018,0.7962,2.5105
4019,0.7739,2.4655
4020,0.7739,2.4632
4021,0.7739,2.4634
4022,0.7741,2.5506
4023,0.7737,2.4616
4024,0.7735,2.4617
4025,0.7732,2.4607
4026,0.7737,2.5639
4027,0.7723,2.6109
4028,0.7741,2.5977
4029,0.7742,2.5926
4030,0.7738,2.4628
4031,0.7955,2.4621
4032,0.7727,2.4621
4033,0.7730,2.4943
4034,0.7735,2.4627
4035,0.7743,2.4631
4036,0.7737,2.4624
4037,0.7733,2.5023
4038,0.7729,2.4799
4039,0.7772,2.4625
4040,0.7718,2.4943
4041,0.7741,2.4626
4042,0.7747,2.6279
4043,0.7774,2.4628
4044,0.7973,2.4640
4045,0.7738,2.4640
4046,0.7745,2.5928
4047,0.7737,2.4640
4048,0.7734,2.4629
4049,0.7719,2.4624
4050,0.7744,2.5343
4051,0.7741,2.4616
4052,0.7731,2.4624
4053,0.7780,2.4616
4054,0.7738,2.5113
4055,0.7739,2.4615
4056,0.8156,2.4625
4057,0.7747,2.4624
4058,0.7731,2.5089
4059,0.7729,2.4628
4060,0.7738,2.4614
4061,0.7742,2.4615
4062,0.7734,2.4781
4063,0.7741,2.4602
4064,0.7730,2.4599
4065,0.7735,2.4603
4066,0.7733,2.5175
4067,0.7751,2.4614
4068,0.7744,2.4613
4069,0.7967,2.4638
4070,0.7726,2.5173
4071,0.7731,2.4620
4072,0.7730,2.4616
4073,0.7728,2.4603
4074,0.7739,2.5054
4075,0.7733,2.4607
4076,0.7777,2.4609
4077,0.7728,2.4610
4078,0.7738,2.4852
4079,0.7719,2.4629
4080,0.7773,2.4625
4081,0.7727,2.4630
4082,0.8078,2.4835
4083,0.7745,2.4624
4084,0.7736,2.4603
4085,0.7738,2.4613
4086,0.7732,2.5581
4087,0.7732,2.4644
4088,0.7742,2.4614
4089,0.7773,2.4619
4090,0.7735,2.5428
4091,0.7730,2.4606
4092,0.7737,2.4613
4093,0.7745,2.4605
4094,0.7765,2.5156
4095,0.8014,2.4617
4096,0.7733,2.4616
4097,0.7726,2.4628
4098,0.7741,2.4921
4099,0.7728,2.4604
4100,0.7735,2.4617
4101,0.7741,2.4612
4102,0.7732,2.5225
4103,0.7777,2.4625
4104,0.7757,2.4618
4105,0.7723,2.4615
4106,0.7723,2.5207
4107,0.7724,2.4609
4108,0.8025,2.4613
4109,0.7722,2.4620
4110,0.7725,2.5308
4111,0.7715,2.4618
4112,0.7730,2.4609
4113,0.7734,2.4606
4114,0.7719,2.4850
4115,0.7733,2.4609
4116,0.7732,2.4609
4117,0.7735,2.4615
4118,0.7743,2.5110
4119,0.7748,2.4629
4120,0.7733,2.4613
4121,0.7956,2.4615
4122,0.7860,2.5175
4123,0.8450,2.4621
4124,0.7934,2.4636
4125,0.7704,2.4637
4126,0.7670,2.5158
4127,0.7710,2.4616
4128,0.7698,2.4603
4129,0.7714,2.4609
4130,0.7718,2.4983
4131,0.7720,2.4615
4132,0.7755,2.4960
4133,0.7722,2.4609
4134,0.8242,2.5297
4135,0.7715,2.4617
4136,0.7710,2.4621
4137,0.7710,2.4612
4138,0.7711,2.5177
4139,0.7715,2.4616
4140,0.7714,2.4618
4141,0.7708,2.4609
4142,0.7704,2.4851
4143,0.7722,2.4622
4144,0.7721,2.4595
4145,0.7716,2.4609
4146,0.7713,2.4596
4147,0.8007,2.5795
4148,0.7711,2.4612
4149,0.7715,2.4614
4150,0.7714,2.4617
4151,0.7718,2.5009
4152,0.7703,2.4630
4153,0.7719,2.4789
4154,0.7713,2.4615
4155,0.7715,2.5052
4156,0.7721,2.4606
4157,0.7716,2.4616
4158,0.7725,2.5112
4159,0.8003,2.4814
4160,0.7739,2.4618
4161,0.7731,2.4616
4162,0.7741,2.4627
4163,0.7734,2.5341
4164,0.7739,2.4665
4165,0.7730,2.6020
4166,0.7783,3.0467
4167,0.7739,2.6949
4168,0.7740,2.5144
4169,0.7777,2.5104
4170,0.7747,2.5604
4171,0.7773,2.4662
4172,0.7955,2.4782
4173,0.7711,2.4685
4174,0.7716,2.5316
4175,0.7715,2.4693
4176,0.7711,2.5016
4177,0.7731,2.4654
4178,0.7718,2.5258
4179,0.7721,2.4504
4180,0.7760,2.4621
4181,0.7714,2.4638
4182,0.7719,2.5315
4183,0.7766,2.4611
4184,0.7711,2.4630
4185,0.8003,2.4605
4186,0.7732,2.5333
4187,0.7733,2.4621
4188,0.7737,2.4605
4189,0.7732,2.4609
4190,0.7724,2.4914
4191,0.7736,2.4618
4192,0.7727,2.4614
4193,0.7736,2.4622
4194,0.7731,2.4906
4195,0.7741,2.4617
4196,0.7726,2.4606
4197,0.7780,2.4601
4198,0.8082,2.4607
4199,0.7718,2.5076
4200,0.7712,2.4608
4201,0.7718,2.4609
4202,0.7710,2.4618
4203,0.7726,2.5269
4204,0.7717,2.4610
4205,0.7718,2.4631
4206,0.7712,2.4624
4207,0.7715,2.5886
4208,0.7713,2.4610
4209,0.7712,2.4608
4210,0.7723,2.4606
4211,0.8032,2.4912
4212,0.7729,2.4616
4213,0.7747,2.4613
4214,0.7743,2.4613
4215,0.7719,2.4993
4216,0.7781,2.4615
4217,0.7735,2.4609
4218,0.7735,2.4611
4219,0.7724,2.5117
4220,0.7773,2.4615
4221,0.7741,2.4611
4222,0.7779,2.4607
4223,0.7735,2.4973
4224,0.8145,2.4616
4225,0.7737,2.4612
4226,0.7744,2.4615
4227,0.7738,2.4971
4228,0.7754,2.4610
4229,0.7747,2.4598
4230,0.7747,2.4607
4231,0.7734,2.4946
4232,0.7739,2.4612
4233,0.7748,2.4616
4234,0.7728,2.4639
4235,0.7745,2.5119
4236,0.7741,2.4621
4237,0.8054,2.4607
4238,0.7746,2.4607
4239,0.7740,2.5002
4240,0.7747,2.4602
4241,0.7740,2.4605
4242,0.7750,2.4611
4243,0.7742,2.5024
4244,0.7744,2.4602
4245,0.7752,2.4613
4246,0.7737,2.4599
4247,0.7747,2.5157
4248,0.7814,2.4612
4249,0.7761,2.4611
4250,0.8017,2.4615
4251,0.7759,2.5182
4252,0.7739,2.4605
4253,0.7746,2.4614
4254,0.7743,2.4621
4255,0.7749,2.5127
4256,0.7744,2.4615
4257,0.7798,2.4607
4258,0.7735,2.4611
4259,0.7743,2.4896
4260,0.7769,2.4515
4261,0.7744,2.4637
4262,0.7730,2.4635
4263,0.8102,2.5136
4264,0.7750,2.4605
4265,0.7742,2.4611
4266,0.7718,2.4610
4267,0.7741,2.6189
4268,0.7730,2.4611
4269,0.7731,2.4623
4270,0.7741,2.4629
4271,0.7740,2.6248
4272,0.7738,2.4936
4273,0.7748,2.4604
4274,0.7732,2.4602
4275,0.8033,2.4896
4276,0.7717,2.4544
4277,0.7727,2.4549
4278,0.7714,2.4673
4279,0.7721,2.5024
4280,0.7711,2.4511
4281,0.7714,2.4549
4282,0.7725,2.4592
4283,0.7728,2.5075
4284,0.7723,2.4623
4285,0.7733,2.4623
4286,0.7725,2.4665
4287,0.7711,2.5725
4288,0.8091,2.4621
4289,0.7729,2.4612
4290,0.7729,2.4615
4291,0.7725,2.4959
4292,0.7727,2.4540
4293,0.7721,2.4643
4294,0.7736,2.4646
4295,0.7716,2.4957
4296,0.7739,2.4635
4297,0.7752,2.4622
4298,0.7751,2.5019
4299,0.7772,2.4996
4300,0.7731,2.4621
4301,0.7925,2.4609
4302,0.7729,2.4609
4303,0.7740,2.4611
4304,0.7731,2.4979
4305,0.7767,2.4604
4306,0.7734,2.4613
4307,0.7733,2.4618
4308,0.7735,2.5073
4309,0.7732,2.4608
4310,0.7733,2.4610
4311,0.7773,2.4606
4312,0.7733,2.4956
4313,0.7730,2.4605
4314,0.8003,2.4707
4315,0.7728,2.4604
4316,0.7722,2.5410
4317,0.7730,2.4613
4318,0.7743,2.4608
4319,0.7802,2.4612
4320,0.7740,2.5065
4321,0.7735,2.4630
4322,0.7740,2.4616
4323,0.7738,2.4618
4324,0.7716,2.4900
4325,0.7727,2.4622
4326,0.7735,2.4648
4327,0.8022,2.4604
4328,0.7745,2.4879
4329,0.7738,2.4611
4330,0.7744,2.4618
4331,0.7724,2.4609
4332,0.7741,2.5320
4333,0.7753,2.4614
4334,0.7732,2.4619
4335,0.7734,2.4624
4336,0.7778,2.5043
4337,0.7754,2.4616
4338,0.7742,2.4604
4339,0.7795,2.4618
4340,0.7984,2.4879
4341,0.7756,2.4601
4342,0.7741,2.4604
4343,0.7727,2.4610
4344,0.7742,2.5097
4345,0.7740,2.4601
4346,0.7754,2.4627
4347,0.7741,2.4607
4348,0.7734,2.5143
4349,0.7739,2.4610
4350,0.7733,2.4612
4351,0.7729,2.4610
4352,0.7755,2.4959
4353,0.7983,2.4608
4354,0.7744,2.4613
4355,0.7738,2.4613
4356,0.7751,2.5090
4357,0.7743,2.4611
4358,0.7741,2.4621
4359,0.7727,2.4612
4360,0.7744,2.4929
4361,0.7740,2.4615
4362,0.7759,2.4610
4363,0.7772,2.4627
4364,0.7732,2.5878
4365,0.7728,2.4619
4366,0.8016,2.4632
4367,0.7727,2.4605
4368,0.7718,2.5304
4369,0.7745,2.4602
4370,0.7723,2.4605
4371,0.7714,2.4606
4372,0.7730,2.5049
4373,0.7731,2.4743
4374,0.7768,2.4631
4375,0.7732,2.4644
4376,0.7730,2.4942
4377,0.7728,2.4624
4378,0.7951,2.4653
4379,0.7735,2.4661
4380,0.7757,2.7712
4381,0.7733,2.4615
4382,0.7720,2.4615
4383,0.7730,2.4624
4384,0.7780,2.6351
4385,0.7735,2.4630
4386,0.7771,2.4632
4387,0.7733,2.4640
4388,0.7716,2.5165
4389,0.7729,2.4635
4390,0.7722,2.4663
4391,0.8105,2.4633
4392,0.7729,2.5053
4393,0.7713,2.4614
4394,0.7734,2.4609
4395,0.7727,2.4616
4396,0.7736,2.5457
4397,0.7723,2.4622
4398,0.7772,2.4598
4399,0.7726,2.5044
4400,0.7731,2.5210
4401,0.7734,2.4630
4402,0.7736,2.4611
4403,0.7773,2.4604
4404,0.7942,2.4922
4405,0.7727,2.4624
4406,0.7732,2.4648
4407,0.7723,2.5110
4408,0.7727,2.4917
4409,0.7727,2.4603
4410,0.7727,2.4599
4411,0.7737,2.4605
4412,0.7778,2.5303
4413,0.7761,2.5188
4414,0.7725,2.4622
4415,0.7770,2.6332
4416,0.7736,2.5096
4417,0.8082,2.5146
4418,0.7759,2.4615
4419,0.7732,2.4612
4420,0.7749,2.4912
4421,0.7732,2.4615
4422,0.7741,2.4613
4423,0.7735,2.4619
4424,0.7732,2.4862
4425,0.7734,2.4613
4426,0.7738,2.4613
4427,0.7737,2.4605
4428,0.7734,2.4607
4429,0.7732,2.5103
4430,0.7901,2.4612
4431,0.7753,2.9717
4432,0.7744,2.5098
4433,0.7742,2.4608
4434,0.7726,2.4604
4435,0.7745,2.4603
4436,0.7746,2.4934
4437,0.7796,2.4604
4438,0.7738,2.5113
4439,0.7744,2.4602
4440,0.7742,2.5004
4441,0.7777,2.4613
4442,0.7731,2.4611
4443,0.8064,2.4604
4444,0.7742,2.4937
4445,0.7756,2.4820
4446,0.7739,2.4613
4447,0.7749,2.4615
4448,0.7742,2.4618
4449,0.7730,2.5043
4450,0.7741,2.4606
4451,0.7746,2.4602
4452,0.7816,2.4601
4453,0.7759,2.5148
4454,0.7731,2.4612
4455,0.7736,2.4609
4456,0.7998,2.4605
4457,0.7715,2.4804
4458,0.7726,2.4616
4459,0.7726,2.4610
4460,0.7727,2.4616
4461,0.7727,2.5105
4462,0.7721,2.4612
4463,0.7731,2.4611
4464,0.7717,2.4606
4465,0.7711,2.5067
4466,0.7713,2.4950
4467,0.7719,2.4626
4468,0.7728,2.4619
4469,0.7983,2.4953
4470,0.7739,2.4619
4471,0.7745,2.4636
4472,0.7746,2.4614
4473,0.7742,2.4974
4474,0.7802,2.4625
4475,0.7736,2.4611
4476,0.7724,2.4623
4477,0.7741,2.5575
4478,0.7751,2.4671
4479,0.7736,2.4617
4480,0.7739,2.4620
4481,0.7740,2.5249
4482,0.7999,2.4609
4483,0.7726,2.4612
4484,0.7734,2.4617
4485,0.7738,2.4870
4486,0.7727,2.4613
4487,0.7732,2.4660
4488,0.7723,2.4600
4489,0.7723,2.4916
4490,0.7731,2.4484
4491,0.7735,2.4620
4492,0.7723,2.5110
4493,0.7727,2.5624
4494,0.8033,2.4603
4495,0.7736,2.4613
4496,0.7720,2.4604
4497,0.7731,2.4963
4498,0.7731,2.4614
4499,0.7735,2.4616
4500,0.7740,2.4610
4501,0.7732,2.5299
4502,0.7728,2.4612
4503,0.7735,2.4616
4504,0.7773,2.4614
4505,0.7724,2.5228
4506,0.7732,2.4614
4507,0.8017,2.4613
4508,0.7719,2.4617
4509,0.7727,2.5374
4510,0.7730,2.5124
4511,0.7723,2.4767
4512,0.7719,2.4624
4513,0.7725,2.5398
4514,0.7733,2.4603
4515,0.7729,2.4611
4516,0.7733,2.4615
4517,0.7727,2.5261
4518,0.7734,2.4615
4519,0.7721,2.4683
4520,0.8081,2.6008
4521,0.7734,2.5164
4522,0.7745,2.4637
4523,0.7737,2.4616
4524,0.7746,2.4604
4525,0.7749,2.5269
4526,0.7743,2.4612
4527,0.7739,2.4616
4528,0.7739,2.4607
4529,0.7794,2.5107
4530,0.7744,2.4609
4531,0.7737,2.4608
4532,0.7729,2.4607
4533,0.7976,2.4829
4534,0.7743,2.4602
4535,0.7743,2.4594
4536,0.7742,2.4588
4537,0.7739,2.5080
4538,0.7749,2.4618
4539,0.7748,2.4619
4540,0.7815,2.4620
4541,0.7724,2.5419
4542,0.7748,2.4626
4543,0.7735,2.4662
4544,0.7784,2.4619
4545,0.7782,2.5249
4546,0.8087,2.4616
4547,0.7740,2.4608
4548,0.7739,2.4611
4549,0.7743,2.5119
4550,0.7769,2.4603
4551,0.7794,2.4607
4552,0.7795,2.4607
4553,0.7730,2.5046
4554,0.7725,2.4621
4555,0.7740,2.4614
4556,0.7743,2.4628
4557,0.7734,2.4605
4558,0.7736,2.5492
4559,0.8142,2.4611
4560,0.7751,2.4611
4561,0.7739,2.4606
4562,0.7733,2.5402
4563,0.7743,2.5040
4564,0.7748,2.4614
4565,0.7731,2.4611
4566,0.7743,2.4784
4567,0.7733,2.4590
4568,0.7737,2.4601
4569,0.7750,2.4603
4570,0.7736,2.4841
4571,0.7792,2.4603
4572,0.8007,2.4598
4573,0.7735,2.4589
4574,0.7725,2.5493
4575,0.7741,2.4617
4576,0.7732,2.4619
4577,0.7723,2.4617
4578,0.7733,2.5306
4579,0.7724,2.4611
4580,0.7738,2.4616
4581,0.7730,2.4623
4582,0.7739,2.5350
4583,0.7737,2.4601
4584,0.7739,2.4648
4585,0.7978,2.4641
4586,0.7738,2.4996
4587,0.7742,2.4617
4588,0.7729,2.4613
4589,0.7732,2.4630
4590,0.7733,2.5585
4591,0.7730,2.4609
4592,0.7736,2.4606
4593,0.7733,2.6727
4594,0.7727,3.2896
4595,0.7720,3.2447
4596,0.7744,3.3037
4597,0.8092,3.3908
4598,0.7734,3.2639
4599,0.7727,3.1031
4600,0.7722,2.5913
4601,0.7725,2.6746
4602,0.7735,2.4731
4603,0.7710,2.4764
4604,0.7721,2.8466
4605,0.7737,2.6280
4606,0.7738,2.4789
4607,0.7718,2.4618
4608,0.7729,2.5222
4609,0.7775,2.4616
4610,0.7980,2.4637
4611,0.7741,2.4628
4612,0.7737,2.5461
4613,0.7746,2.4631
4614,0.7730,2.4631
4615,0.7922,2.4627
4616,0.8094,2.5169
4617,0.7850,2.4620
4618,0.7694,2.4617
4619,0.7716,2.4617
4620,0.7701,2.5182
4621,0.7699,2.4635
4622,0.7735,2.4621
4623,0.8253,2.4612
4624,0.7730,2.5401
4625,0.7741,2.4620
4626,0.7737,2.4626
4627,0.7726,2.4610
4628,0.7728,2.5057
4629,0.7719,2.4626
4630,0.7728,2.4621
4631,0.7772,2.4987
4632,0.7725,2.6783
4633,0.7727,2.5521
4634,0.7724,2.4619
4635,0.7737,2.4618
4636,0.8019,2.8645
4637,0.7747,2.4611
4638,0.7750,2.4617
4639,0.7741,2.4616
4640,0.7733,2.5758
4641,0.7738,2.4627
4642,0.7780,2.4614
4643,0.7803,2.4614
4644,0.7745,2.5578
4645,0.7811,2.4618
4646,0.7783,2.4622
4647,0.7751,2.4621
4648,0.7737,2.5418
4649,0.8211,2.4620
4650,0.7753,2.4618
4651,0.7752,2.8816
4652,0.7742,2.9839
4653,0.7719,2.4617
4654,0.7785,2.4618
4655,0.7738,2.5449
4656,0.7817,2.4621
4657,0.7751,2.5001
4658,0.7794,2.4671
4659,0.7748,2.5291
4660,0.7796,2.6600
4661,0.7752,2.4907
4662,0.8221,2.4624
4663,0.7755,2.5857
4664,0.7740,2.4687
4665,0.7743,2.4651
4666,0.7735,2.4642
4667,0.7749,2.5254
4668,0.7725,2.4634
4669,0.7740,2.4650
4670,0.7783,2.4619
4671,0.7743,2.5349
4672,0.7739,2.4583
4673,0.7757,2.4671
4674,0.7781,2.4723
4675,0.8061,2.5373
4676,0.7743,2.4623
4677,0.7750,2.4614
4678,0.7744,2.4623
4679,0.7748,2.5258
4680,0.7748,2.4941
4681,0.7797,2.4628
4682,0.7750,2.4646
4683,0.7730,2.5085
4684,0.7741,2.5365
4685,0.7745,2.4625
4686,0.7742,2.4621
4687,0.8030,2.5445
4688,0.7750,2.5799
4689,0.7741,2.4621
4690,0.7739,2.4617
4691,0.7745,2.5040
4692,0.7735,2.5002
4693,0.7745,2.4625
4694,0.7727,2.4613
4695,0.7746,2.4615
4696,0.7750,2.5179
4697,0.7749,2.4619
4698,0.7754,2.4618
4699,0.7745,2.4610
4700,0.8024,2.4935
4701,0.7735,2.4615
4702,0.7729,2.4605
4703,0.7762,2.4609
4704,0.7753,2.5358
4705,0.7744,2.4610
4706,0.7748,2.4677
4707,0.7744,2.4701
4708,0.7807,2.5551
4709,0.7758,2.4612
4710,0.7787,2.4607
4711,0.7754,2.4609
4712,0.7753,2.5210
4713,0.7987,2.4597
4714,0.7744,2.5642
4715,0.7741,2.5562
4716,0.7751,2.5788
4717,0.7736,2.4551
4718,0.7739,2.4625
4719,0.7735,2.4656
4720,0.7736,2.5046
4721,0.7737,2.4612
4722,0.7742,2.4618
4723,0.7794,2.4609
4724,0.7732,2.5407
4725,0.7806,2.4602
4726,0.8091,2.4610
4727,0.7748,2.4627
4728,0.7742,2.5253
4729,0.7749,2.4626
4730,0.7736,2.4614
4731,0.7751,2.4607
4732,0.7757,2.4899
4733,0.7736,2.4613
4734,0.7755,2.4620
4735,0.7752,2.4623
4736,0.7740,2.4951
4737,0.7748,2.4633
4738,0.7749,2.4629
4739,0.8005,2.4872
4740,0.7916,2.5139
4741,0.8028,2.4614
4742,0.8112,2.4610
4743,0.8093,2.5574
4744,0.7992,2.5493
4745,0.8023,2.4614
4746,0.8435,2.4611
4747,0.8394,2.4605
4748,0.8035,2.5169
4749,0.8041,2.4655
4750,0.8040,2.4679
4751,0.8313,2.4670
4752,0.7705,2.4987
4753,0.7722,2.4652
4754,0.7721,2.4614
4755,0.7730,2.4607
4756,0.7722,2.6234
4757,0.7723,2.4608
4758,0.7740,2.4612
4759,0.7723,2.4623
4760,0.7735,2.5352
4761,0.7729,2.4618
4762,0.7727,2.4616
4763,0.7722,2.4629
4764,0.8160,2.5203
4765,0.7738,2.4615
4766,0.7732,2.4611
4767,0.7731,2.4613
4768,0.7724,2.5212
4769,0.7744,2.4914
4770,0.7736,2.4625
4771,0.7780,2.5518
4772,0.7722,2.5742
4773,0.7769,2.4618
4774,0.7712,2.4617
4775,0.7738,2.4634
4776,0.7736,2.5372
4777,0.8095,2.4606
4778,0.7732,2.4619
4779,0.7742,2.4612
4780,0.7740,2.5128
4781,0.7724,2.4616
4782,0.7733,2.4631
4783,0.7737,2.4625
4784,0.7740,2.5519
4785,0.7714,2.4612
4786,0.7737,2.4622
4787,0.7730,2.4611
4788,0.7735,2.5514
4789,0.7735,2.4655
4790,0.7944,2.7369
4791,0.7737,2.9348
4792,0.7741,2.6878
4793,0.7736,2.4631
4794,0.7726,2.4618
4795,0.7722,2.5328
4796,0.7727,2.5106
4797,0.7723,2.4659
4798,0.7743,2.4686
4799,0.7720,2.6236
4800,0.7744,2.5911
4801,0.7725,2.4984
4802,0.7731,2.4659
4803,0.7987,2.4622
4804,0.7738,2.5772
4805,0.7732,2.4628
4806,0.7733,2.4614
4807,0.7749,2.4614
4808,0.7738,2.5208
4809,0.7735,2.4614
4810,0.7729,2.4610
4811,0.7728,2.4614
4812,0.7727,2.4921
4813,0.7761,2.4626
4814,0.7774,2.4621
4815,0.7743,2.4608
4816,0.8228,2.5294
4817,0.7737,2.4610
4818,0.7724,2.4612
4819,0.7726,2.4605
4820,0.7734,2.5407
4821,0.7735,2.4542
4822,0.7731,2.4687
4823,0.7786,2.4657
4824,0.7725,2.5290
4825,0.7741,2.4626
4826,0.7732,2.4623
4827,0.7742,2.6072
4828,0.8017,2.5271
4829,0.8045,2.4632
4830,0.7888,2.4649
4831,0.7698,2.4627
4832,0.7706,2.5715
4833,0.7702,2.4620
4834,0.7719,2.4631
4835,0.7724,2.4615
4836,0.7720,2.5375
4837,0.7723,2.4624
4838,0.7728,2.4618
4839,0.7726,2.4614
4840,0.7711,2.5429
4841,0.8072,2.4626
4842,0.7716,2.4628
4843,0.7702,2.4624
4844,0.7709,2.5310
4845,0.7705,2.4620
4846,0.7712,2.4621
4847,0.7709,2.4617
4848,0.7740,2.5132
4849,0.7709,2.4611
4850,0.7739,2.4599
4851,0.7714,2.4612
4852,0.7748,2.5437
4853,0.7742,2.4630
4854,0.8355,2.5200
4855,0.7714,2.5582
4856,0.7732,2.5252
4857,0.7715,2.4609
4858,0.7712,2.4620
4859,0.7713,2.4606
4860,0.7722,2.5600
4861,0.7707,2.4608
4862,0.7735,2.4607
4863,0.7711,2.4612
4864,0.7718,2.5241
4865,0.7731,2.4612
4866,0.7717,2.4612
4867,0.8229,2.4625
4868,0.7743,2.5265
4869,0.7726,2.4630
4870,0.7741,2.4620
4871,0.7732,2.4700
4872,0.7738,2.5264
4873,0.7730,2.4609
4874,0.7736,2.4607
4875,0.7736,2.4613
4876,0.7732,2.5157
4877,0.7725,2.4623
4878,0.7728,2.4617
4879,0.7721,2.4631
4880,0.8014,2.5479
4881,0.7710,2.4918
4882,0.7715,2.4629
4883,0.7721,2.5746
4884,0.7719,2.5238
4885,0.7713,2.4627
4886,0.7753,2.4630
4887,0.7723,2.4634
4888,0.7757,2.6128
4889,0.7734,3.0511
4890,0.7710,2.9407
4891,0.7720,3.0694
4892,0.7723,3.2464
4893,0.8048,3.0399
4894,0.7742,3.0913
4895,0.7720,3.1611
4896,0.7735,3.0813
4897,0.7736,3.0458
4898,0.7731,3.0918
4899,0.7740,2.6747
4900,0.7767,2.7499
4901,0.7762,2.6943
4902,0.7759,2.7344
4903,0.7728,2.6785
4904,0.7751,2.6739
4905,0.7720,2.6779
4906,0.7970,2.6138
4907,0.7727,2.6345
4908,0.7721,2.6607
4909,0.7747,2.7263
4910,0.7730,2.6173
4911,0.7731,2.6112
4912,0.7741,2.5606
4913,0.7730,2.5758
4914,0.7738,2.5403
4915,0.7772,2.5373
4916,0.7735,2.5361
4917,0.7730,2.6148
4918,0.7735,2.5305
4919,0.7967,2.5343
4920,0.7726,2.5298
4921,0.7742,2.5827
4922,0.7741,2.5308
4923,0.7730,2.5157
4924,0.7730,2.4628
4925,0.7731,2.5017
4926,0.7741,2.4625
4927,0.7736,2.4622
4928,0.7747,2.4634
4929,0.7739,2.4906
4930,0.7740,2.4624
4931,0.7743,2.4619
4932,0.8082,2.4628
4933,0.7739,2.5007
4934,0.7779,2.4661
4935,0.7734,2.4623
4936,0.7744,2.5002
4937,0.7746,2.5047
4938,0.7746,2.5068
4939,0.7742,2.4617
4940,0.7744,2.4610
4941,0.7749,2.5074
4942,0.7748,2.4603
4943,0.7746,2.4608
4944,0.7965,2.4611
4945,0.7741,2.4920
4946,0.7735,2.4617
4947,0.7734,2.4618
4948,0.7743,2.4626
4949,0.7830,2.4895
4950,0.8089,2.4844
4951,0.8102,2.4729
4952,0.8126,2.4876
4953,0.8086,2.5122
4954,0.8074,2.4604
4955,0.8100,2.4606
4956,0.8697,2.4597
4957,0.8284,2.4926
4958,0.8038,2.4611
4959,0.7832,2.4612
4960,0.7733,2.4613
4961,0.7715,2.5210
4962,0.7727,2.4611
4963,0.7724,2.4609
4964,0.7706,2.4613
4965,0.7736,2.5034
4966,0.7724,2.4611
4967,0.7738,2.4608
4968,0.7738,2.4606
4969,0.7713,2.4991
4970,0.8103,2.4610
4971,0.7716,2.4612
4972,0.7724,2.4604
4973,0.7736,2.5188
4974,0.7735,2.4609
4975,0.7731,2.4610
4976,0.7730,2.4614
4977,0.7745,2.5081
4978,0.7725,2.4870
4979,0.7724,2.4612
4980,0.7724,2.4607
4981,0.7744,2.4965
4982,0.7728,2.4621
4983,0.8166,4.0267
4984,0.7732,5.4869
4985,0.7741,4.2445
4986,0.7730,5.4783
4987,0.7759,4.1645
4988,0.7730,3.8604
4989,0.7727,3.4409
4990,0.7736,2.8586
4991,0.7774,2.4623
4992,0.7735,2.5278
4993,0.7729,2.4613
4994,0.7738,2.4641
4995,0.7955,2.4621
4996,0.7736,2.4796
4997,0.7738,2.4615
4998,0.7726,2.4598
4999,0.7726,2.4696
5000,0.7738,2.5318
5001,0.7723,2.4597
5002,0.7730,2.4855
5003,0.7736,2.4646
5004,0.7726,2.5015
5005,0.7731,2.4603
5006,0.7734,2.4604
5007,0.7732,2.4597
5008,0.7992,2.4830
5009,0.7732,2.4598
5010,0.7735,2.4599
5011,0.7738,2.4597
5012,0.7730,2.4911
5013,0.7732,2.4623
5014,0.7734,2.4620
5015,0.7731,2.4618
5016,0.7742,2.4842
5017,0.7776,2.4613
5018,0.7729,2.4623
5019,0.7738,2.4620
5020,0.7738,2.4878
5021,0.8028,2.4626
5022,0.7742,2.4621
5023,0.7738,2.4619
5024,0.7722,2.4961
5025,0.7735,2.4603
5026,0.7733,2.4597
5027,0.7749,2.4602
5028,0.7734,2.5056
5029,0.7724,2.4616
5030,0.7737,2.4629
5031,0.7737,2.4601
5032,0.7772,2.4986
5033,0.7740,2.4625
5034,0.8011,2.4613
5035,0.7791,2.4611
5036,0.7748,2.4930
5037,0.7741,2.4607
5038,0.7738,2.4605
5039,0.7744,2.4616
5040,0.7727,2.4990
5041,0.7733,2.4599
5042,0.7728,2.4605
5043,0.7743,2.5032
5044,0.7746,2.4892
5045,0.7751,2.4629
5046,0.7741,2.4613
5047,0.7945,2.4613
5048,0.7745,2.4621
5049,0.7748,2.4798
5050,0.7747,2.4615
5051,0.7751,2.4613
5052,0.7726,2.4619
5053,0.7727,2.4888
5054,0.7805,2.4608
5055,0.7747,2.4611
5056,0.7747,2.4620
5057,0.7741,2.4866
5058,0.7754,2.5031
5059,0.7747,2.4610
5060,0.7984,2.4619
5061,0.7934,2.4968
5062,0.7710,2.4607
5063,0.7708,2.4605
5064,0.7714,2.4926
5065,0.7721,2.5065
5066,0.7709,2.4617
5067,0.7716,2.4626
5068,0.7701,2.5386
5069,0.7723,2.4916
5070,0.7728,2.4588
5071,0.7708,2.4643
5072,0.7713,2.4626
5073,0.8004,2.5001
5074,0.7774,2.4636
5075,0.7727,2.4642
5076,0.7741,2.4652
5077,0.7739,2.4734
5078,0.7738,2.4490
5079,0.7734,2.4493
5080,0.7738,2.4492
5081,0.7744,2.4799
5082,0.7743,2.4599
5083,0.7792,2.4678
5084,0.7729,2.4719
5085,0.7739,2.4900
5086,0.8171,2.4510
5087,0.7735,2.4506
5088,0.7742,2.4516
5089,0.7741,2.4792
5090,0.7788,2.4482
5091,0.7739,2.4492
5092,0.7742,2.4477
5093,0.7741,2.4831
5094,0.7737,2.4654
5095,0.7745,2.4669
5096,0.7734,2.4816
5097,0.7744,2.4908
5098,0.8053,2.4599
5099,0.7798,2.4599
5100,0.7739,2.4602
5101,0.7753,2.4862
5102,0.7739,2.4610
5103,0.7747,2.4622
5104,0.7739,2.4609
5105,0.7744,2.4972
5106,0.7752,2.4610
5107,0.7747,2.4607
5108,0.7748,2.4608
5109,0.7733,2.5004
5110,0.7737,2.4605
5111,0.7963,2.4604
5112,0.7740,2.5014
5113,0.7731,2.4945
5114,0.7728,2.4625
5115,0.7717,2.4605
5116,0.7716,2.4613
5117,0.7722,2.4895
5118,0.7732,2.4612
5119,0.7726,2.4612
5120,0.7728,2.4606
5121,0.7740,2.4844
5122,0.7743,2.4590
5123,0.7711,2.4589
5124,0.7987,2.4627
5125,0.7734,2.4834
5126,0.7740,2.4608
5127,0.7748,2.4604
5128,0.7745,2.4607
5129,0.7744,2.4831
5130,0.7738,2.4610
5131,0.7742,2.4610
5132,0.7745,2.4605
5133,0.7749,2.4884
5134,0.7805,2.4967
5135,0.7745,2.4606
5136,0.7748,2.4610
5137,0.8050,2.4742
5138,0.7731,2.5461
5139,0.7728,2.4598
5140,0.7770,2.4604
5141,0.7716,2.4604
5142,0.7773,2.4847
5143,0.9002,2.4606
5144,0.9347,2.4608
5145,0.9592,2.4612
5146,0.9043,2.4822
5147,0.8684,2.4610
5148,0.9044,2.4612
5149,0.9834,2.4625
5150,0.8906,2.4873
5151,0.8645,2.4622
5152,0.9101,2.4646
5153,0.9433,2.4616
5154,0.9176,2.4934
5155,0.9189,2.4615
5156,0.9269,2.4609
5157,0.9231,2.4612
5158,0.9221,2.4862
5159,0.9082,2.4609
5160,1.0252,2.4613
5161,0.9828,2.4615
5162,0.9636,2.5228
5163,0.9213,2.4599
5164,0.9251,2.4601
5165,0.9181,2.4603
5166,0.9354,2.4861
5167,0.9341,2.4602
5168,0.9433,2.4601
5169,0.9449,2.4605
5170,1.0131,2.4811
5171,0.9335,2.4614
5172,0.9332,2.4616
5173,0.9105,2.4616
5174,0.9034,2.4846
5175,0.8988,2.4612
5176,0.8993,2.4599
5177,0.8983,2.4608
5178,0.8589,2.4919
5179,0.8188,2.4588
5180,0.8133,2.4591
5181,0.7698,2.4609
5182,0.8420,2.4938
5183,0.7724,2.4602
5184,0.7728,2.4908
5185,0.7730,2.4732
5186,0.7716,2.5324
5187,0.7736,2.4616
5188,0.7726,2.4617
5189,0.7725,2.4630
5190,0.7786,2.5209
5191,0.7729,2.4631
5192,0.7728,2.4634
5193,0.7968,2.4631
5194,0.7978,2.5157
5195,0.7856,2.4602
5196,0.7926,2.4697
5197,0.7710,2.4716
5198,0.7723,2.5712
5199,0.7721,2.4844
5200,0.7716,2.4613
5201,0.7724,2.4606
5202,0.7751,2.5012
5203,0.7709,2.5155
5204,0.7724,2.4618
5205,0.7720,2.4624
5206,0.7697,2.4955
5207,0.8101,2.4597
5208,0.7718,2.4782
5209,0.7714,2.4610
5210,0.7707,2.4863
5211,0.7716,2.4613
5212,0.7723,2.4615
5213,0.7709,2.4608
5214,0.7713,2.4889
5215,0.7706,2.4594
5216,0.7768,2.4749
5217,0.7731,2.4601
5218,0.7704,2.4905
5219,0.7715,2.4599
5220,0.8067,2.4593
5221,0.7751,2.4597
5222,0.7741,2.4867
5223,0.7741,2.4615
5224,0.7780,2.4701
5225,0.7735,2.5454
5226,0.7744,2.6310
5227,0.7778,2.6459
5228,0.7742,2.4619
5229,0.7743,2.4623
5230,0.7741,2.5009
5231,0.7741,2.4637
5232,0.7750,2.4644
5233,0.8345,2.4637
5234,0.7728,2.5095
5235,0.7725,2.4519
5236,0.7731,2.4748
5237,0.7916,2.4618
5238,0.7708,2.4616
5239,0.7746,2.5162
5240,0.7725,2.4621
5241,0.7721,2.4611
5242,0.7722,2.4713
5243,0.7718,2.4901
5244,0.7721,2.4623
5245,0.7774,2.4623
5246,0.8467,2.4631
5247,0.7830,2.4988
5248,0.7786,2.4615
5249,0.7797,2.4620
5250,0.7789,2.4608
5251,0.7844,2.4871
5252,0.7772,2.4610
5253,0.7729,2.4614
5254,0.7733,2.4614
5255,0.7718,2.4876
5256,0.7710,2.4615
5257,0.7715,2.4607
5258,0.7713,2.4609
5259,0.8096,2.4875
5260,0.7728,2.4607
5261,0.7719,2.4602
5262,0.7728,2.4615
5263,0.7722,2.4852
5264,0.7731,2.4607
5265,0.7716,2.4610
5266,0.7732,2.4622
5267,0.7731,2.4914
5268,0.7735,2.4873
5269,0.7709,2.4606
5270,0.7749,2.4604
5271,0.7725,2.4950
5272,0.8277,2.4911
5273,0.7714,2.4607
5274,0.7709,2.4613
5275,0.7707,2.4884
5276,0.7725,2.4626
5277,0.7733,2.4664
5278,0.7739,2.4660
5279,0.7730,2.5219
5280,0.7738,2.4603
5281,0.7731,2.4608
5282,0.7721,2.4608
5283,0.7731,3.0077
5284,0.8077,2.4756
5285,0.7705,2.4626
5286,0.7724,2.4624
5287,0.7714,2.5116
5288,0.7711,2.4650
5289,0.7731,2.4619
5290,0.7714,2.4615
5291,0.7724,2.4935
5292,0.7720,2.4616
5293,0.7744,2.4753
5294,0.7725,2.4620
5295,0.7733,2.4882
5296,0.7725,2.4620
5297,0.8025,2.4624
5298,0.7726,2.4620
5299,0.7737,2.4942
5300,0.7726,2.4616
5301,0.7742,2.4619
5302,0.7753,2.4617
5303,0.7730,2.4875
5304,0.7733,2.4635
5305,0.7725,2.4618
5306,0.7747,2.4622
5307,0.7739,2.4842
5308,0.7745,2.4605
5309,0.7732,2.4607
5310,0.8011,2.4615
5311,0.7723,2.4868
5312,0.7719,2.4627
5313,0.7760,2.4693
5314,0.7723,2.5402
5315,0.7733,2.5221
5316,0.7719,2.4597
5317,0.7737,2.4629
5318,0.7735,2.4698
5319,0.7722,2.5977
5320,0.7732,2.5522
5321,0.7739,2.5933
5322,0.7727,2.7008
5323,0.8053,2.7524
5324,0.7731,2.4513
5325,0.7725,2.6120
5326,0.7753,2.4837
5327,0.7732,2.5146
5328,0.7736,2.4690
5329,0.7725,2.4631
5330,0.7725,2.4636
5331,0.7728,2.5123
5332,0.7735,2.4939
5333,0.7741,2.4671
5334,0.7740,2.4655
5335,0.7785,2.6819
5336,0.8400,2.7783
5337,0.7994,2.7229
5338,0.8018,2.5007
5339,0.7795,2.5321
5340,0.7792,2.4634
5341,0.7806,2.4618
5342,0.7757,2.4624
5343,0.7738,2.5016
5344,0.7723,2.4616
5345,0.7721,2.4673
5346,0.7738,2.4618
5347,0.7732,2.4973
5348,0.7724,2.6556
5349,0.8203,2.5773
5350,0.7723,2.6653
5351,0.7718,2.5057
5352,0.7719,2.4611
5353,0.7729,2.4614
5354,0.7732,2.4613
5355,0.7727,2.4839
5356,0.7743,2.4606
5357,0.7725,2.4607
5358,0.7735,2.4604
5359,0.7743,2.4814
5360,0.7723,2.4622
5361,0.7738,2.4612
5362,0.8327,2.4624
5363,0.7700,2.4817
5364,0.7722,2.4625
5365,0.7709,2.4608
5366,0.7704,2.4623
5367,0.7716,2.4949
5368,0.7711,2.4617
5369,0.7691,2.4607
5370,0.7697,2.4624
5371,0.7708,2.4825
5372,0.7715,2.4628
5373,0.7711,2.4624
5374,0.7999,2.4925
5375,0.8042,2.4844
5376,0.7737,2.4649
5377,0.7728,2.5935
5378,0.7721,2.5395
5379,0.7728,2.4885
5380,0.7738,2.4676
5381,0.7733,2.4695
5382,0.7731,2.4710
5383,0.7721,2.6570
5384,0.7720,2.5473
5385,0.7738,2.4640
5386,0.7727,2.4635
5387,0.8123,2.5214
5388,0.7718,2.4611
5389,0.7722,2.4628
5390,0.7706,2.4633
5391,0.7710,2.5743
5392,0.7714,2.4621
5393,0.7720,2.4614
5394,0.7705,2.4614
5395,0.7722,2.5314
5396,0.7718,2.4633
5397,0.7705,2.4631
5398,0.7715,2.4617
5399,0.7720,2.5114
5400,0.8040,2.4609
5401,0.7730,2.4611
5402,0.7734,2.4933
5403,0.7717,2.4931
5404,0.7723,2.4662
5405,0.7732,2.6261
5406,0.7727,2.5211
5407,0.7716,2.4912
5408,0.7716,2.4624
5409,0.7728,2.4627
5410,0.7732,2.4617
5411,0.7728,2.4979
5412,0.7737,2.4627
5413,0.8004,2.4629
5414,0.7736,2.4623
5415,0.7720,2.4921
5416,0.7734,2.4615
5417,0.7771,2.4624
5418,0.7732,2.4619
5419,0.7729,2.5392
5420,0.7791,2.4617
5421,0.7727,2.4620
5422,0.7732,2.4651
5423,0.7737,2.5076
5424,0.7737,2.4610
5425,0.7756,2.4608
5426,0.8031,2.4618
5427,0.7722,2.4932
5428,0.7762,2.4620
5429,0.7715,2.4624
5430,0.7726,2.4999
5431,0.7734,2.5167
5432,0.7731,2.4635
5433,0.7737,2.6170
5434,0.7711,2.6122
5435,0.7731,2.5111
5436,0.7728,2.4615
5437,0.7725,2.4618
5438,0.7720,2.4607
5439,0.8208,2.5064
5440,0.7745,2.4617
5441,0.7744,2.4616
5442,0.7756,2.4613
5443,0.7751,2.5111
5444,0.7752,2.4603
5445,0.7758,2.4610
5446,0.7747,2.4606
5447,0.7751,2.5173
5448,0.7744,2.4638
5449,0.7754,2.4616
5450,0.7756,2.4618
5451,0.7811,2.5093
5452,0.8150,2.8601
5453,0.7734,2.9380
5454,0.7732,2.4628
5455,0.7739,2.5284
5456,0.7728,2.4623
5457,0.7748,2.5003
5458,0.7739,2.4938
5459,0.7727,2.5113
5460,0.7729,2.4688
5461,0.7725,2.6394
5462,0.7726,2.6017
5463,0.7725,2.5305
5464,0.7741,2.4610
5465,0.8396,2.4667
5466,0.7716,2.4696
5467,0.7709,2.5067
5468,0.7716,2.4609
5469,0.7723,2.4606
5470,0.7714,2.4611
5471,0.7717,2.5057
5472,0.7724,2.4601
5473,0.7720,2.4620
5474,0.7721,2.6677
5475,0.7722,2.8792
5476,0.7703,2.6665
5477,0.7970,2.5027
5478,0.7745,2.4612
5479,0.7752,2.5170
5480,0.7738,2.4605
5481,0.7735,2.4604
5482,0.7743,2.4772
5483,0.7749,2.5086
5484,0.7770,2.4605
5485,0.7747,2.4614
5486,0.7753,2.5213
5487,0.7749,2.5962
5488,0.7753,2.6337
5489,0.7748,2.5119
5490,0.8120,2.4622
5491,0.7736,2.5030
5492,0.7722,2.4617
5493,0.7731,2.4631
5494,0.7721,2.4623
5495,0.7740,2.5293
5496,0.7742,2.4622
5497,0.7746,2.4615
5498,0.7728,2.4613
5499,0.7735,2.5031
5500,0.7742,2.4732
5501,0.7742,2.4677
5502,0.7740,2.4640
5503,0.8070,2.4991
5504,0.7734,2.4612
5505,0.7726,2.4607
5506,0.7740,2.4625
5507,0.7725,2.4904
5508,0.7735,2.4614
5509,0.7741,2.4619
5510,0.7742,2.4609
5511,0.7730,2.5246
5512,0.7723,2.4621
5513,0.7746,2.4608
5514,0.7725,2.5096
5515,0.7720,2.5034
5516,0.7996,2.5696
5517,0.7751,2.4896
5518,0.7739,2.4615
5519,0.7749,2.4985
5520,0.7760,2.4615
5521,0.7746,2.4614
5522,0.7740,2.4614
5523,0.7755,2.4923
5524,0.7738,2.4615
5525,0.7729,2.4606
5526,0.7733,2.4608
5527,0.7749,2.4924
5528,0.7730,2.4617
5529,0.8087,2.4608
5530,0.7711,2.4610
5531,0.7738,2.5047
5532,0.7744,2.4613
5533,0.7742,2.4611
5534,0.7728,2.4615
5535,0.7742,2.4859
5536,0.7734,2.4637
5537,0.7734,2.4655
5538,0.7736,2.4623
5539,0.7722,2.4981
5540,0.7743,2.4612
5541,0.7738,2.4599
5542,0.8152,2.4953
5543,0.7718,2.5112
5544,0.7721,2.5483
5545,0.7719,2.7132
5546,0.7720,3.1038
5547,0.7720,3.1274
5548,0.7721,2.7188
5549,0.7702,2.7122
5550,0.7723,3.5946
5551,0.7707,2.4587
5552,0.7717,2.4784
5553,0.7710,2.4600
5554,0.7712,2.5216
5555,0.8096,2.4786
5556,0.7742,2.4676
5557,0.7731,2.4717
5558,0.7744,2.5201
5559,0.7743,2.4818
5560,0.7726,2.4740
5561,0.7723,2.4702
5562,0.7742,2.5495
5563,0.7725,2.4706
5564,0.7736,2.4793
5565,0.7748,2.4895
5566,0.7749,2.5358
5567,0.7746,2.4654
5568,0.8085,2.4668
5569,0.7747,2.4874
5570,0.7713,2.5613
5571,0.7743,2.6501
5572,0.7720,2.5646
5573,0.7738,2.4766
5574,0.7745,2.5176
5575,0.7778,2.4636
5576,0.7759,2.4643
5577,0.7733,2.4630
5578,0.7757,2.4974
5579,0.7736,2.4597
5580,0.8160,2.4589
5581,0.7741,2.4655
5582,0.7737,2.5103
5583,0.7748,2.4646
5584,0.7736,2.4633
5585,0.7749,2.4601
5586,0.7755,2.5168
5587,0.7738,2.4618
5588,0.7741,2.4676
5589,0.7749,2.5390
5590,0.7737,2.9460
5591,0.7748,2.8628
5592,0.7744,2.4714
5593,0.8014,2.4633
5594,0.7734,2.5685
5595,0.7722,2.5085
5596,0.7727,2.4932
5597,0.7742,2.4822
5598,0.7733,2.6724
5599,0.7717,2.6243
5600,0.7735,2.4632
5601,0.7737,2.4620
5602,0.7733,2.5022
5603,0.7732,2.4620
5604,0.7735,2.4621
5605,0.7732,2.4623
5606,0.8010,2.4826
5607,0.7727,2.4634
5608,0.7741,2.4622
5609,0.7734,2.4620
5610,0.7738,2.4861
5611,0.7724,2.4628
5612,0.7741,2.4627
5613,0.7750,2.4706
5614,0.7741,2.5010
5615,0.7737,2.5055
5616,0.7739,2.4634
5617,0.7732,2.4706
5618,0.7741,2.4939
5619,0.8217,2.4661
5620,0.7781,2.4640
5621,0.7730,2.4645
5622,0.7743,2.4964
5623,0.7742,2.4617
5624,0.7736,2.5408
5625,0.7726,2.5567
5626,0.7741,2.7119
5627,0.7744,2.4863
5628,0.7745,2.4628
5629,0.7738,2.4628
5630,0.7742,2.5013
5631,0.7729,2.4619
5632,0.8005,2.4624
5633,0.7711,2.4623
5634,0.7719,2.4905
5635,0.7721,2.4574
5636,0.7706,2.4618
5637,0.7702,2.4633
5638,0.7747,2.5013
5639,0.7725,2.4624
5640,0.7717,2.4626
5641,0.7718,2.4631
5642,0.7705,2.4875
5643,0.7710,2.4525
5644,0.7715,2.4572
5645,0.8009,2.4657
5646,0.7718,2.5054
5647,0.7720,2.4647
5648,0.7711,2.4619
5649,0.7712,2.4635
5650,0.7720,2.5221
5651,0.7710,2.4616
5652,0.7719,2.4760
5653,0.7723,2.4679
5654,0.7718,2.7305
5655,0.7713,2.4626
5656,0.7708,2.4614
5657,0.7707,2.4623
5658,0.8063,2.6880
5659,0.7739,2.4605
5660,0.7741,2.4616
5661,0.7738,2.4612
5662,0.7740,2.5071
5663,0.7740,2.4600
5664,0.7743,2.4608
5665,0.7745,2.4639
5666,0.7736,2.4956
5667,0.7741,2.4609
5668,0.7742,2.4590
5669,0.7739,2.4627
5670,0.7744,2.4894
5671,0.8002,2.4601
5672,0.7719,2.4601
5673,0.7720,2.4677
5674,0.7718,2.4936
5675,0.7720,2.4612
5676,0.7723,2.4615
5677,0.7711,2.4614
5678,0.7720,2.4829
5679,0.7715,2.4611
5680,0.7725,2.4607
5681,0.7720,2.4605
5682,0.7879,2.5071
5683,0.7718,2.5951
5684,0.8034,2.4617
5685,0.7776,2.4616
5686,0.7728,2.5095
5687,0.7728,2.4604
5688,0.7717,2.4605
5689,0.7724,2.4612
5690,0.7725,2.4897
5691,0.7727,2.4632
5692,0.7742,2.4628
5693,0.7765,2.4634
5694,0.7752,2.5122
5695,0.7737,2.4624
5696,0.8155,2.4637
5697,0.7743,2.4629
5698,0.7732,2.4930
5699,0.7753,2.4603
5700,0.7729,2.4607
5701,0.7737,2.4610
5702,0.7732,2.5348
5703,0.7758,2.4604
5704,0.7732,2.4608
5705,0.7727,2.4597
5706,0.7720,2.4977
5707,0.7733,2.4493
5708,0.7736,2.4513
5709,0.8207,2.4636
5710,0.7727,2.4956
5711,0.7724,2.6132
5712,0.7724,2.4942
5713,0.7714,2.4621
5714,0.7727,2.4973
5715,0.7736,2.4623
5716,0.7743,2.4605
5717,0.7710,2.4676
5718,0.7726,2.5269
5719,0.7770,2.4635
5720,0.7764,2.4619
5721,0.7725,2.4609
5722,0.8048,2.4613
5723,0.7725,2.5062
5724,0.7731,2.4618
5725,0.7729,2.4610
5726,0.7725,2.4608
5727,0.7739,2.5455
5728,0.7751,2.4616
5729,0.7728,2.4617
5730,0.7740,2.4621
5731,0.7731,2.4978
5732,0.7729,2.4603
5733,0.7722,2.4606
5734,0.7742,2.4612
5735,0.8008,2.4945
5736,0.7739,2.5148
5737,0.7720,2.4626
5738,0.7725,2.6130
5739,0.7724,2.6724
5740,0.7723,2.4623
5741,0.7728,2.4621
5742,0.7749,2.4620
5743,0.7718,2.5082
5744,0.7732,2.4625
5745,0.7725,2.4622
5746,0.7754,2.4619
5747,0.7780,2.4885
5748,0.8217,2.4618
5749,0.7746,2.4622
5750,0.7759,2.4614
5751,0.7739,2.4888
5752,0.7754,2.4632
5753,0.7738,2.4623
5754,0.7746,2.4629
5755,0.7739,2.4983
5756,0.7795,2.4771
5757,0.7745,2.4614
5758,0.7737,2.4612
5759,0.7747,2.4880
5760,0.7732,2.4606
5761,0.8242,2.4613
5762,0.7731,2.4595
5763,0.7731,2.4917
5764,0.7737,2.4773
5765,0.7743,2.4974
5766,0.7754,2.5908
5767,0.7734,2.5889
5768,0.7732,2.4618
5769,0.7736,2.4627
5770,0.7727,2.4621
5771,0.7736,2.5000
5772,0.7732,2.4616
5773,0.7736,2.4615
5774,0.8058,2.4620
5775,0.7749,2.4978
5776,0.7741,2.4611
5777,0.7745,2.4611
5778,0.7740,2.4614
5779,0.7750,2.4883
5780,0.7739,2.4621
5781,0.7746,2.4623
5782,0.7734,2.4640
5783,0.7743,2.5052
5784,0.7736,2.4617
5785,0.7745,2.4619
5786,0.7741,2.4606
5787,0.8022,2.4943
5788,0.7734,2.4614
5789,0.7732,2.4624
5790,0.7721,2.4609
5791,0.7718,2.4935
5792,0.7730,2.4939
5793,0.7737,2.4622
5794,0.7723,2.5990
5795,0.7724,2.5651
5796,0.7736,2.4646
5797,0.7745,2.4620
5798,0.7734,2.4622
5799,0.8194,2.5165
5800,0.7721,2.4639
5801,0.7731,2.4629
5802,0.7741,2.4655
5803,0.7740,2.5636
5804,0.7726,2.4619
5805,0.7725,2.4616
5806,0.7729,2.4609
5807,0.7735,2.5236
5808,0.7731,2.4616
5809,0.7735,2.4612
5810,0.7736,2.4615
5811,0.7726,2.4942
5812,0.8221,2.4623
5813,0.8057,2.4615
5814,0.7775,2.4607
5815,0.7734,2.4948
5816,0.7719,2.4615
5817,0.7728,2.4627
5818,0.7731,2.4623
5819,0.7730,2.5057
5820,0.7751,2.4964
5821,0.7731,2.4629
5822,0.7738,2.6081
5823,0.7730,2.6917
5824,0.7722,2.4616
5825,0.7995,2.4617
5826,0.7733,2.4613
5827,0.7735,2.5058
5828,0.7737,2.4490
5829,0.7728,2.4607
5830,0.7717,2.4649
5831,0.7720,2.5062
5832,0.7722,2.4539
5833,0.7729,2.4624
5834,0.7738,2.4646
5835,0.7725,2.5056
5836,0.7718,2.4621
5837,0.7729,2.4609
5838,0.8003,2.4617
5839,0.7736,2.5079
5840,0.7729,2.4630
5841,0.7732,2.8780
5842,0.7739,2.8573
5843,0.7739,2.5182
5844,0.7737,2.4605
5845,0.7729,2.4979
5846,0.7731,2.4645
5847,0.7739,2.5107
5848,0.7738,2.4913
5849,0.7737,2.4623
5850,0.7728,2.6217
5851,0.8094,2.5611
5852,0.7746,2.4627
5853,0.7733,2.4633
5854,0.7733,2.4673
5855,0.7735,2.5007
5856,0.7732,2.4607
5857,0.7739,2.4615
5858,0.7733,2.4615
5859,0.7769,2.5075
5860,0.7734,2.4632
5861,0.7753,2.4616
5862,0.7751,2.4618
5863,0.7737,2.5002
5864,0.8344,2.4652
5865,0.7742,2.4624
5866,0.7760,2.5071
5867,0.7735,2.5132
5868,0.7742,2.4605
5869,0.7733,2.4608
5870,0.7746,2.4600
5871,0.7748,2.4959
5872,0.7739,2.4610
5873,0.7740,2.4606
5874,0.7760,2.4611
5875,0.7744,2.4928
5876,0.7743,2.5188
5877,0.8132,2.4609
5878,0.7740,2.4642
5879,0.7730,2.5010
5880,0.7733,2.4604
5881,0.7728,2.4613
5882,0.7715,2.4620
5883,0.7727,2.4815
5884,0.7718,2.4630
5885,0.7712,2.4629
5886,0.7737,2.4631
5887,0.7728,2.4855
5888,0.7758,2.4618
5889,0.8100,2.4615
5890,0.7716,2.4619
5891,0.7725,2.5035
5892,0.7904,2.4597
5893,0.7727,2.4607
5894,0.7734,2.4607
5895,0.7730,2.4940
5896,0.7749,2.4613
5897,0.7743,2.4616
5898,0.7781,2.4616
5899,0.7731,2.4608
5900,0.7737,2.4885
5901,0.7747,2.4619
5902,0.8000,2.4614
5903,0.7744,2.4617
5904,0.7742,2.5032
5905,0.7747,2.4620
5906,0.7740,2.4626
5907,0.7752,2.4621
5908,0.7752,2.4842
5909,0.7753,2.4604
5910,0.7753,2.4621
5911,0.7757,2.4606
5912,0.7748,2.6922
5913,0.7748,2.4610
5914,0.7740,2.4609
5915,0.7958,2.4604
5916,0.7737,2.4937
5917,0.7739,2.4603
5918,0.7725,2.4610
5919,0.7735,2.4605
5920,0.7738,2.4932
5921,0.7744,2.4607
5922,0.7734,2.4606
5923,0.7746,2.4619
5924,0.7728,2.4926
5925,0.7731,2.4623
5926,0.7735,2.4616
5927,0.7744,2.4615
5928,0.7907,2.5010
5929,0.7732,2.4603
5930,0.7743,2.4601
5931,0.7741,2.4613
5932,0.7747,2.4896
5933,0.7736,2.4618
5934,0.7733,2.4613
5935,0.7777,2.4602
5936,0.7783,2.4874
5937,0.7739,2.4612
5938,0.7718,2.4615
5939,0.7719,2.4614
5940,0.7735,2.4865
5941,0.8077,2.4611
5942,0.7721,2.4611
5943,0.7715,2.4608
5944,0.7704,2.4946
5945,0.7746,2.4611
5946,0.7731,2.4610
5947,0.7720,2.4611
5948,0.7719,2.5213
5949,0.7764,2.4606
5950,0.7786,2.4607
5951,0.7719,2.4608
5952,0.7729,2.4818
5953,0.7727,2.4685
5954,0.8041,2.4602
5955,0.7724,2.4600
5956,0.7733,2.4991
5957,0.7738,2.4614
5958,0.7726,2.4620
5959,0.7721,2.4610
5960,0.7723,2.4984
5961,0.7713,2.4606
5962,0.7729,2.4612
5963,0.7729,2.4610
5964,0.7722,2.5144
5965,0.7747,2.4599
5966,0.7719,2.4609
5967,0.8047,2.4606
5968,0.7736,2.5074
5969,0.7731,2.4608
5970,0.7735,2.4614
5971,0.7746,2.4619
5972,0.7718,2.5021
5973,0.7747,2.4616
5974,0.7753,2.4603
5975,0.7733,2.4604
5976,0.7727,2.4919
5977,0.7739,2.4605
5978,0.7736,2.4604
5979,0.7736,2.4600
5980,0.8186,2.4960
5981,0.7757,2.4610
5982,0.7749,2.4606
5983,0.7708,2.4604
5984,0.7709,2.4966
5985,0.7718,2.4614
5986,0.7708,2.4616
5987,0.7717,2.4643
5988,0.7710,2.4603
5989,0.7713,2.5032
5990,0.7712,2.4635
5991,0.7716,2.4871
5992,0.7695,2.5019
5993,0.7978,2.4893
5994,0.7746,2.4617
5995,0.7747,2.4623
5996,0.7739,2.4613
5997,0.7736,2.4945
5998,0.7735,2.4622
5999,0.7735,2.4617
6000,0.7770,2.4638
6001,0.7746,2.4998
6002,0.7732,2.4622
6003,0.7738,2.4654
6004,0.7745,2.8111
6005,0.8044,2.8776
6006,0.7898,2.5178
6007,0.7752,2.4927
6008,0.7752,2.5042
6009,0.7735,2.4635
6010,0.7749,2.4607
6011,0.7777,2.4607
6012,0.7743,2.4941
6013,0.7723,2.4607
6014,0.7781,2.4616
6015,0.7770,2.4613
6016,0.7725,2.6386
6017,0.7720,2.4621
6018,0.8201,2.4638
6019,0.7725,2.4635
6020,0.7723,2.4998
6021,0.7725,2.4685
6022,0.7732,2.4666
6023,0.7760,2.4638
6024,0.7726,2.4901
6025,0.7949,2.4657
6026,0.8120,2.4609
6027,0.8072,2.4666
6028,0.8091,2.4624
6029,0.7918,2.5054
6030,0.8025,2.4634
6031,0.8507,2.4618
6032,0.8505,2.4630
6033,0.7740,2.5082
6034,0.7730,2.4633
6035,0.7728,2.4630
6036,0.7736,2.4630
6037,0.7729,2.4929
6038,0.7749,2.4629
6039,0.7742,2.4621
6040,0.7744,2.4609
6041,0.7745,2.5025
6042,0.7737,2.4611
6043,0.7732,2.4619
6044,0.8185,2.4820
6045,0.7705,2.4980
6046,0.7715,2.4599
6047,0.7723,2.4609
6048,0.7725,2.4596
6049,0.7722,2.4831
6050,0.7721,2.4602
6051,0.7716,2.4599
6052,0.7716,2.4602
6053,0.7729,2.4938
6054,0.7709,2.4605
6055,0.7724,2.4608
6056,0.7725,2.4611
6057,0.8163,2.5176
6058,0.7731,2.4600
6059,0.7733,2.4609
6060,0.7734,2.4602
6061,0.7734,2.4923
6062,0.7729,2.4644
6063,0.7739,2.4637
6064,0.7730,2.4627
6065,0.7746,2.5065
6066,0.7741,2.4620
6067,0.7735,2.4610
6068,0.7735,2.4610
6069,0.8101,2.5023
6070,0.7749,2.4606
6071,0.7737,2.4606
6072,0.7742,2.4603
6073,0.7728,2.5346
6074,0.7743,2.4608
6075,0.7744,2.4618
6076,0.7731,2.4613
6077,0.7747,2.4968
6078,0.7741,2.4620
6079,0.7744,2.4616
6080,0.7751,2.4617
6081,0.7741,2.5023
6082,0.8111,2.4590
6083,0.7735,2.4601
6084,0.7746,2.4605
6085,0.7748,2.5178
6086,0.7755,2.4612
6087,0.7744,2.4615
6088,0.7755,2.4611
6089,0.7745,2.4917
6090,0.7725,2.4614
6091,0.7745,2.4599
6092,0.7736,2.4619
6093,0.7787,2.4919
6094,0.7748,2.4609
6095,0.8033,2.4605
6096,0.7740,2.4615
6097,0.7736,2.4997
6098,0.7746,2.4637
6099,0.7727,2.4616
6100,0.7726,2.4625
6101,0.7780,2.4943
6102,0.7732,2.4623
6103,0.7741,2.4611
6104,0.7722,2.4611
6105,0.7728,2.4988
6106,0.7732,2.4609
6107,0.7728,2.4606
6108,0.8237,2.4607
6109,0.7739,2.5120
6110,0.7741,2.4610
6111,0.7718,2.4605
6112,0.7732,2.4612
6113,0.7730,2.4612
6114,0.7738,2.4949
6115,0.7736,2.4604
6116,0.7731,2.4607
6117,0.7727,2.4603
6118,0.7736,2.4923
6119,0.7739,2.4598
6120,0.7741,2.4597
6121,0.8109,2.4604
6122,0.7706,2.4823
6123,0.7714,2.4614
6124,0.7715,2.4611
6125,0.7709,2.4612
6126,0.7712,2.4908
6127,0.7716,2.4609
6128,0.7714,2.4621
6129,0.7705,2.4608
6130,0.7709,2.5034
6131,0.7712,2.4616
6132,0.7711,2.5320
6133,0.7869,2.4888
6134,0.8148,2.5137
6135,0.7718,2.4619
6136,0.7743,2.4611
6137,0.7710,2.4624
6138,0.7719,2.5043
6139,0.7707,2.4616
6140,0.7710,2.4617
6141,0.7709,2.4606
6142,0.7710,2.5114
6143,0.7703,2.4620
6144,0.7709,2.7897
6145,0.7716,2.7452
6146,0.7712,2.5583
6147,0.8178,2.4748
6148,0.7731,2.4609
6149,0.7737,2.4611
6150,0.7713,2.5087
6151,0.7711,2.4615
6152,0.7730,2.4608
6153,0.7734,2.4606
6154,0.7721,2.4821
6155,0.7732,2.4646
6156,0.7743,2.4780
6157,0.7732,2.5556
6158,0.7727,2.4896
6159,0.7717,2.4582
6160,0.8140,2.4604
6161,0.7733,2.4670
6162,0.7740,2.4892
6163,0.7725,2.4515
6164,0.7731,2.4521
6165,0.7740,2.4496
6166,0.7731,2.4981
6167,0.7731,2.4697
6168,0.7737,2.4649
6169,0.7746,2.4640
6170,0.7720,2.5159
6171,0.7736,2.4647
6172,0.8191,2.4641
6173,0.7723,2.4637
6174,0.7721,2.4907
6175,0.7732,2.4647
6176,0.7729,2.4608
6177,0.7747,2.4660
6178,0.7739,2.5020
6179,0.7737,2.4596
6180,0.7750,2.4611
6181,0.7743,2.4643
6182,0.7734,2.4958
6183,0.7720,2.4641
6184,0.7740,2.4772
6185,0.8106,2.4615
6186,0.7728,2.4818
6187,0.7744,2.4598
6188,0.7732,2.4594
6189,0.7752,2.4603
6190,0.7727,2.4935
6191,0.7734,2.4601
6192,0.7725,2.4610
6193,0.7735,2.4602
6194,0.7733,2.5001
6195,0.7738,2.4594
6196,0.7724,2.4591
6197,0.7734,2.4597
6198,0.8200,2.4941
6199,0.7723,2.4618
6200,0.7711,2.4608
6201,0.7704,2.4616
6202,0.7712,2.4936
6203,0.7700,2.4638
6204,0.7712,2.4639
6205,0.7708,2.4633
6206,0.7701,2.4898
6207,0.7710,2.4605
6208,0.7718,2.4608
6209,0.7700,2.4633
6210,0.7703,2.4963
6211,0.8097,2.4612
6212,0.7729,2.4619
6213,0.7728,2.4606
6214,0.7722,2.4862
6215,0.7724,2.4611
6216,0.7714,2.4606
6217,0.7720,2.4597
6218,0.7720,2.4821
6219,0.7725,2.4613
6220,0.7737,2.4604
6221,0.7757,2.4604
6222,0.7754,2.4782
6223,0.7722,2.4620
6224,0.8279,2.4614
6225,0.7733,2.4607
6226,0.7726,2.4607
6227,0.7711,2.4946
6228,0.7732,2.4619
6229,0.7741,2.4616
6230,0.7732,2.4612
6231,0.7718,2.4884
6232,0.7720,2.4616
6233,0.7729,2.4602
6234,0.7731,2.4611
6235,0.7727,2.4919
6236,0.7733,2.4607
6237,0.8089,2.4605
6238,0.7736,2.4603
6239,0.7737,2.4804
6240,0.7718,2.4601
6241,0.7728,2.4595
6242,0.7732,2.4603
6243,0.7756,2.4802
6244,0.7732,2.4605
6245,0.7738,2.4604
6246,0.7726,2.4609
6247,0.7736,2.4848
6248,0.7717,2.4608
6249,0.7736,2.4610
6250,0.8039,2.4612
6251,0.7735,2.4882
6252,0.7719,2.4608
6253,0.7727,2.4608
6254,0.7734,2.4601
6255,0.7740,2.4763
6256,0.7727,2.4607
6257,0.7733,2.4599
6258,0.7758,2.4615
6259,0.7740,2.4810
6260,0.7734,2.4612
6261,0.7774,2.4616
6262,0.7738,2.4616
6263,0.8376,2.4811
6264,0.7746,2.4616
6265,0.7733,2.4651
6266,0.7787,2.4610
6267,0.7723,2.4825
6268,0.7737,2.4609
6269,0.7745,2.4605
6270,0.7715,2.4607
6271,0.7742,2.4914
6272,0.7738,2.4678
6273,0.7801,2.5203
6274,0.7740,2.4875
6275,0.8176,2.5056
6276,0.7722,2.4608
6277,0.7733,2.4605
6278,0.7727,2.4608
6279,0.7741,2.4899
6280,0.7731,2.4614
6281,0.7719,2.4614
6282,0.7738,2.4612
6283,0.7730,2.4943
6284,0.7736,2.6949
6285,0.7798,2.7676
6286,0.7729,2.4657
6287,0.7735,2.5431
6288,0.8003,2.4613
6289,0.7768,2.4618
6290,0.7727,2.4614
6291,0.7715,2.4848
6292,0.7716,2.4623
6293,0.7708,2.4620
6294,0.7722,2.4626
6295,0.7704,2.4803
6296,0.7713,2.4791
6297,0.7716,2.5474
6298,0.7785,2.4619
6299,0.7714,2.5047
6300,0.7717,2.4618
6301,0.7930,2.4612
6302,0.7724,2.4613
6303,0.7728,2.4802
6304,0.7708,2.4627
6305,0.7717,2.4626
6306,0.7698,2.4623
6307,0.7694,2.4814
6308,0.7717,2.4619
6309,0.7711,2.4614
6310,0.7724,2.4612
6311,0.7786,2.5161
6312,0.7719,2.4618
6313,0.7792,2.4621
6314,0.7952,2.4633
6315,0.7723,2.4822
6316,0.7738,2.4627
6317,0.7721,2.4626
6318,0.7720,2.4623
6319,0.7729,2.4858
6320,0.7721,2.4686
6321,0.7725,2.4645
6322,0.7717,2.4610
6323,0.7726,2.4884
6324,0.7775,2.4691
6325,0.7738,2.4685
6326,0.7719,2.4615
6327,0.7920,2.4852
6328,0.7714,2.4639
6329,0.7720,2.4607
6330,0.7715,2.4607
6331,0.7726,2.4625
6332,0.7724,2.4930
6333,0.7719,2.4625
6334,0.7733,2.4622
6335,0.7703,2.4626
6336,0.7771,2.4972
6337,0.7717,2.4618
6338,0.7713,2.4619
6339,0.7715,2.4620
6340,0.8109,2.5034
6341,0.7716,2.4611
6342,0.7721,2.4617
6343,0.7723,2.4614
6344,0.7727,2.4981
6345,0.7715,2.4663
6346,0.7718,2.4640
6347,0.7726,2.4627
6348,0.7723,2.5264
6349,0.7718,2.4614
6350,0.7715,2.4621
6351,0.7726,2.6974
6352,0.7726,3.1029
6353,0.7960,3.0876
6354,0.7730,3.1325
6355,0.7729,3.2828
6356,0.7728,3.3306
6357,0.7714,3.2628
6358,0.7721,3.3546
6359,0.7713,3.2248
6360,0.7730,3.2319
6361,0.7738,2.8119
6362,0.7731,2.5351
6363,0.7709,3.2011
6364,0.7780,3.3349
6365,0.7730,2.7555
6366,0.8009,2.4701
6367,0.7715,2.4693
6368,0.7730,2.5316
6369,0.7731,2.4618
6370,0.7719,2.4687
6371,0.7724,2.5619
6372,0.7724,2.6645
6373,0.7719,2.6462
6374,0.7724,2.4615
6375,0.7715,2.4622
6376,0.7719,2.5062
6377,0.7731,2.4643
6378,0.7715,2.4654
6379,0.7942,2.4636
6380,0.7734,2.5233
6381,0.7732,2.5328
6382,0.7723,2.4623
6383,0.7734,2.4624
6384,0.7746,2.4932
6385,0.7741,2.4538
6386,0.7738,2.4596
6387,0.7744,2.4686
6388,0.7751,2.4977
6389,0.7745,2.4555
6390,0.7738,2.4649
6391,0.7728,2.4646
6392,0.7914,2.6257
6393,0.7749,2.7935
6394,0.7746,2.6444
6395,0.7725,2.5079
6396,0.7744,2.5362
6397,0.7749,2.4609
6398,0.7746,2.4613
6399,0.7745,2.4614
6400,0.7721,2.4861
6401,0.7745,2.4634
6402,0.7740,2.4690
6403,0.7755,2.4649
6404,0.7931,2.5219
6405,0.7747,2.6324
6406,0.7743,2.4694
6407,0.7737,2.4647
6408,0.7736,2.5098
6409,0.7738,2.4669
6410,0.7738,2.4609
6411,0.7760,2.4610
6412,0.7749,2.4946
6413,0.7748,2.4603
6414,0.7749,2.4602
6415,0.7743,2.4620
6416,0.7741,2.4848
6417,0.7988,2.4604
6418,0.7776,2.4607
6419,0.7745,2.4605
6420,0.7733,2.4811
6421,0.7731,2.4617
6422,0.7734,2.4605
6423,0.7728,2.4607
6424,0.7730,2.4909
6425,0.7738,2.6182
6426,0.7730,2.6096
6427,0.7729,2.5587
6428,0.7734,2.4931
6429,0.7730,2.4644
6430,0.8216,2.4635
6431,0.7714,2.4694
6432,0.7712,2.5131
6433,0.7712,2.4612
6434,0.7704,2.4669
6435,0.7713,2.4664
6436,0.7723,2.4908
6437,0.7732,2.4621
6438,0.7721,2.4620
6439,0.7711,2.4616
6440,0.7715,2.5201
6441,0.7731,2.4598
6442,0.7753,2.4606
6443,0.8059,2.4608
6444,0.7734,2.4994
6445,0.7737,2.4613
6446,0.7742,2.4606
6447,0.7730,2.4612
6448,0.7740,2.4848
6449,0.7744,2.4611
6450,0.7726,2.4672
6451,0.7741,2.4596
6452,0.7767,2.4878
6453,0.7770,2.4602
6454,0.7735,2.4596
6455,0.7734,2.4595
6456,0.8276,2.4849
6457,0.7750,2.4605
6458,0.7772,2.4588
6459,0.7745,2.4597
6460,0.7764,2.4586
6461,0.7760,2.4885
6462,0.7776,2.4598
6463,0.7720,2.4595
6464,0.7755,2.4597
6465,0.7743,2.4870
6466,0.7725,2.4616
6467,0.7714,2.4605
6468,0.7714,2.4600
6469,0.8207,2.4798
6470,0.7744,2.4602
6471,0.7719,2.4600
6472,0.7759,2.4603
6473,0.7738,2.4816
6474,0.7718,2.4589
6475,0.7716,2.4617
6476,0.7794,2.4618
6477,0.8330,2.5117
6478,0.8499,2.4612
6479,0.8326,2.4612
6480,0.8441,2.4607
6481,0.8287,2.4835
6482,0.7710,2.4611
6483,0.7707,2.4600
6484,0.7722,2.4622
6485,0.7713,2.4874
6486,0.7709,2.4633
6487,0.7721,2.4604
6488,0.7696,2.4609
6489,0.7707,2.5333
6490,0.7701,2.4605
6491,0.7711,2.4603
6492,0.7746,2.4599
6493,0.7707,2.4804
6494,0.8024,2.4606
6495,0.7742,2.4599
6496,0.7720,2.4607
6497,0.7755,2.4817
6498,0.7749,2.4608
6499,0.7733,2.4607
6500,0.7736,2.4603
6501,0.7732,2.4795
6502,0.7731,2.4613
6503,0.7738,2.4615
6504,0.7743,2.4612
6505,0.7737,2.4867
6506,0.7736,2.4613
6507,0.7958,2.4614
6508,0.7730,2.4614
6509,0.7734,2.4801
6510,0.7728,2.4593
6511,0.7739,2.4592
6512,0.7736,2.4590
6513,0.7754,2.4831
6514,0.7785,2.4595
6515,0.7735,2.4739
6516,0.7735,2.5528
6517,0.7742,2.4931
6518,0.7744,2.4634
6519,0.7731,2.4639
6520,0.7994,2.5266
6521,0.7737,2.4903
6522,0.7721,2.4625
6523,0.7747,2.4629
6524,0.7740,2.4636
6525,0.7741,2.4846
6526,0.7729,2.4658
6527,0.7734,2.4640
6528,0.7744,2.4692
6529,0.7784,2.4947
6530,0.7737,2.4650
6531,0.7746,2.4680
6532,0.7735,2.4661
6533,0.8017,2.5199
6534,0.7753,2.5613
6535,0.7758,2.5051
6536,0.7745,2.4849
6537,0.7754,2.4975
6538,0.7744,2.4620
6539,0.7754,2.4621
6540,0.7744,2.4617
6541,0.7744,2.4882
6542,0.7747,2.4622
6543,0.7754,2.4620
6544,0.7738,2.4622
6545,0.7763,2.5423
6546,0.7947,2.4976
6547,0.7757,2.4618
6548,0.7725,2.4613
6549,0.7793,2.4854
6550,0.7741,2.4638
6551,0.7751,2.4626
6552,0.7742,2.4623
6553,0.7729,2.4634
6554,0.7750,2.4957
6555,0.7741,2.4621
6556,0.7758,2.4621
6557,0.7748,2.4615
6558,0.7764,2.4838
6559,0.8068,2.4613
6560,0.7744,2.4612
6561,0.7757,2.4613
6562,0.7751,2.5156
6563,0.7794,2.4614
6564,0.7755,2.4613
6565,0.7740,2.4615
6566,0.7745,2.4865
6567,0.7732,2.4606
6568,0.7781,2.4606
6569,0.7796,2.4604
6570,0.7734,2.4840
6571,0.8122,2.4608
6572,0.7752,2.4620
6573,0.7753,2.4757
6574,0.7750,2.4833
6575,0.7745,2.4597
6576,0.7749,2.4596
6577,0.7922,2.4766
6578,0.7723,2.4845
6579,0.7730,2.4597
6580,0.7723,2.4596
6581,0.7728,2.4595
6582,0.7732,2.4842
6583,0.7730,2.4606
6584,0.8301,2.4609
6585,0.7729,2.4608
6586,0.7724,2.4799
6587,0.7730,2.4604
6588,0.7736,2.4599
6589,0.7739,2.4603
6590,0.7775,2.4814
6591,0.7739,2.4609
6592,0.7730,2.4594
6593,0.7731,2.4595
6594,0.7713,2.4840
6595,0.7729,2.4603
6596,0.7734,2.4602
6597,0.8065,2.4597
6598,0.7716,2.4790
6599,0.7712,2.4604
6600,0.7732,2.4597
6601,0.7721,2.4609
6602,0.7724,2.4803
6603,0.7722,2.4601
6604,0.7723,2.5128
6605,0.7722,3.0225
6606,0.7732,3.0708
6607,0.7740,2.4646
6608,0.7767,2.4663
6609,0.7767,2.4798
6610,0.8247,2.5176
6611,0.7769,2.4635
6612,0.7744,2.4737
6613,0.7743,2.4631
6614,0.7727,2.5040
6615,0.7728,2.4752
6616,0.7730,2.4603
6617,0.7740,2.4607
6618,0.7745,2.5142
6619,0.7746,2.4614
6620,0.7737,2.4616
6621,0.7737,2.4735
6622,0.7771,2.6977
6623,0.8128,3.1763
6624,0.7747,3.2208
6625,0.7732,3.3655
6626,0.7741,3.2603
6627,0.7757,2.8645
6628,0.7746,2.5643
6629,0.7743,2.7247
6630,0.7752,2.5643
6631,0.7739,2.4773
6632,0.7747,2.6689
6633,0.7747,2.7861
6634,0.7755,2.4609
6635,0.7739,2.4602
6636,0.8092,2.5305
6637,0.7725,2.4628
6638,0.7706,2.4615
6639,0.7711,2.4616
6640,0.7764,2.4912
6641,0.7735,2.4606
6642,0.7730,2.4618
6643,0.7728,2.4611
6644,0.7718,2.4993
6645,0.7718,2.4612
6646,0.7735,2.4611
6647,0.7738,2.4615
6648,0.7729,2.4999
6649,0.8144,2.4602
6650,0.7752,2.4601
6651,0.7732,2.4609
6652,0.7731,2.4848
6653,0.7719,2.4606
6654,0.7727,2.5195
6655,0.7733,2.5196
6656,0.7738,2.4952
6657,0.7735,2.7123
6658,0.7748,3.1259
6659,0.7722,3.1890
6660,0.7745,3.2998
6661,0.8112,3.2074
6662,0.7775,3.2393
6663,0.7727,3.2456
6664,0.7730,3.0821
6665,0.7743,3.1029
6666,0.7742,3.2695
6667,0.7734,3.1764
6668,0.7735,3.3163
6669,0.7748,3.2699
6670,0.7737,3.1330
6671,0.7750,3.1735
6672,0.7726,3.1212
6673,0.7724,3.3688
6674,0.8099,3.3009
6675,0.7750,3.2711
6676,0.7741,3.1728
6677,0.7742,3.0055
6678,0.7737,3.1225
6679,0.7731,3.0317
6680,0.7735,3.2666
6681,0.7729,3.2819
6682,0.7726,3.1538
6683,0.7726,3.2128
6684,0.7725,3.4022
6685,0.7742,3.0658
6686,0.7775,3.2157
6687,0.8224,3.2922
6688,0.7738,3.3022
6689,0.7756,3.2550
6690,0.7750,3.1953
6691,0.7755,3.2777
6692,0.7746,2.9379
6693,0.7769,3.0897
6694,0.7782,3.2578
6695,0.7739,3.2543
6696,0.7747,3.2088
6697,0.7777,3.2728
6698,0.7720,3.1977
6699,0.7755,2.9640
6700,0.8142,3.3751
6701,0.7748,3.1531
6702,0.7748,3.1880
6703,0.7762,3.3610
6704,0.7747,3.2552
6705,0.7751,3.2970
6706,0.7744,3.0959
6707,0.7749,4.4014
6708,0.7753,3.2755
6709,0.7754,2.7377
6710,0.7755,2.6820
6711,0.7759,2.5969
6712,0.7765,2.6065
6713,0.8105,2.6318
6714,0.7757,2.5806
6715,0.7761,2.6752
6716,0.7742,2.5325
6717,0.7747,2.6163
6718,0.7744,2.5487
6719,0.7746,2.5361
6720,0.7743,2.5349
6721,0.7744,2.5631
6722,0.7742,2.5277
6723,0.7744,2.5273
6724,0.7743,2.5290
6725,0.7730,2.5996
6726,0.8021,2.5318
6727,0.7727,2.4891
6728,0.7737,2.4633
6729,0.7734,3.1006
6730,0.7729,2.4739
6731,0.7738,2.4678
6732,0.7733,2.4619
6733,0.7741,2.5364
6734,0.7731,2.4685
6735,0.7739,2.4630
6736,0.7729,2.4638
6737,0.7765,2.5064
6738,0.7730,2.4595
6739,0.8019,2.4587
6740,0.7728,2.4595
6741,0.7744,2.4909
6742,0.7731,2.4590
6743,0.7729,2.4597
6744,0.7734,2.4588
6745,0.7764,2.4820
6746,0.7737,2.4596
6747,0.7729,2.4593
6748,0.7760,2.4600
6749,0.7732,2.4975
6750,0.7742,2.4620
6751,0.7761,2.4596
6752,0.8015,2.4598
6753,0.7737,2.5161
6754,0.7734,2.7321
6755,0.7754,2.4819
6756,0.7793,2.4624
6757,0.7762,2.4846
6758,0.7786,2.4526
6759,0.7734,2.4657
6760,0.7751,2.4619
6761,0.7722,2.4820
6762,0.7731,2.4555
6763,0.8057,2.4685
6764,0.8333,2.4679
6765,0.7741,2.4995
6766,0.7743,2.4608
6767,0.7724,2.4611
6768,0.7731,2.4607
6769,0.7731,2.4953
6770,0.7726,2.4601
6771,0.7734,2.4603
6772,0.7724,2.4990
6773,0.7731,2.4798
6774,0.7720,2.4552
6775,0.7728,2.4655
6776,0.7726,2.4651
6777,0.8313,2.4856
6778,0.8013,2.4626
6779,0.8324,2.4646
6780,0.8214,2.4656
6781,0.7792,2.4873
6782,0.7913,2.5200
6783,0.8181,2.4614
6784,0.7859,2.4771
6785,0.7779,2.4889
6786,0.7738,2.4797
6787,0.7832,2.4618
6788,0.7734,2.4616
6789,0.7736,2.4871
6790,0.8135,2.4606
6791,0.7753,2.4618
6792,0.7742,2.4603
6793,0.7751,2.4820
6794,0.7731,2.4624
6795,0.7728,2.4607
6796,0.7728,2.4608
6797,0.7779,2.4910
6798,0.7740,2.4607
6799,0.7729,2.4598
6800,0.7736,2.4597
6801,0.7730,2.5758
6802,0.7745,2.4617
6803,0.8502,2.4613
6804,0.7723,2.4617
6805,0.7736,2.4830
6806,0.7722,2.4624
6807,0.7740,2.4626
6808,0.7741,2.4624
6809,0.7726,2.4831
6810,0.7733,2.5232
6811,0.7724,2.6498
6812,0.7734,2.6712
6813,0.7738,2.4974
6814,0.7755,2.4668
6815,0.8143,2.4637
6816,0.7745,2.4648
6817,0.7733,2.4980
6818,0.7757,2.4626
6819,0.7715,2.4635
6820,0.7739,2.4640
6821,0.7729,2.5048
6822,0.7721,2.4625
6823,0.7723,2.4704
6824,0.7726,2.4769
6825,0.7705,2.5859
6826,0.7754,2.4633
6827,0.7732,2.4622
6828,0.8048,2.4638
6829,0.7731,2.4986
6830,0.7727,2.4628
6831,0.7729,2.4623
6832,0.7736,2.4622
6833,0.7717,2.4992
6834,0.7728,2.4622
6835,0.7743,2.4625
6836,0.7724,2.4690
6837,0.7733,2.5220
6838,0.7746,2.4629
6839,0.7733,2.4942
6840,0.7733,2.4623
6841,0.8118,2.4820
6842,0.7793,2.4623
6843,0.7745,2.4624
6844,0.7733,2.4636
6845,0.7754,2.4820
6846,0.7743,2.4606
6847,0.7755,2.4604
6848,0.7748,2.4606
6849,0.7740,2.4873
6850,0.7728,2.4641
6851,0.7764,2.4625
6852,0.7751,2.4623
6853,0.7775,2.4627
6854,0.8175,2.4819
6855,0.7716,2.4614
6856,0.7725,2.4636
6857,0.7727,2.4629
6858,0.7719,2.4801
6859,0.7722,2.4607
6860,0.7742,2.4610
6861,0.7771,2.4602
6862,0.7732,2.4873
6863,0.7721,2.4602
6864,0.7720,2.4725
6865,0.7737,2.4604
6866,0.7792,2.4800
6867,0.8268,2.4623
6868,0.7808,2.4616
6869,0.7731,2.4618
6870,0.7747,2.4912
6871,0.7748,2.4625
6872,0.7739,2.4631
6873,0.7744,2.4630
6874,0.7736,2.4828
6875,0.7749,2.4615
6876,0.7739,2.4615
6877,0.7730,2.4616
6878,0.7751,2.4818
6879,0.7803,2.4637
6880,0.8129,2.4638
6881,0.7743,2.4682
6882,0.7739,2.4887
6883,0.7734,2.4676
6884,0.7730,2.4680
6885,0.7736,2.5903
6886,0.7737,2.4960
6887,0.7723,2.5357
6888,0.7741,2.4670
6889,0.7714,2.4694
6890,0.7732,2.5052
6891,0.7729,2.4607
6892,0.7728,2.4620
6893,0.8097,2.4614
6894,0.7708,2.5015
6895,0.7759,2.4617
6896,0.7719,2.4616
6897,0.7703,2.4624
6898,0.9158,2.5001
6899,0.7772,2.4623
6900,0.7764,2.4628
6901,0.7711,2.4620
6902,0.7724,2.4954
6903,0.7722,2.4620
6904,0.7720,2.4617
6905,0.7979,2.4622
6906,0.7736,2.5079
6907,0.7743,2.4621
6908,0.7737,2.4619
6909,0.7748,2.4615
6910,0.7741,2.4854
6911,0.7745,2.4605
6912,0.7742,2.4603
6913,0.7746,2.4599
6914,0.7745,2.4821
6915,0.7745,2.4610
6916,0.7747,2.4599
6917,0.7738,2.4611
6918,0.8139,2.4849
6919,1.0195,2.4591
6920,0.9031,2.4602
6921,0.7728,2.4618
6922,0.7731,2.9612
6923,0.7741,2.4608
6924,0.7723,2.4609
6925,0.7722,2.4604
6926,0.7743,2.4922
6927,0.7729,2.4615
6928,0.7726,2.4617
6929,0.7738,2.4613
6930,0.7730,2.4871
6931,0.8235,2.4620
6932,0.7705,2.4629
6933,0.7717,2.4695
6934,0.7700,2.4907
6935,0.8002,2.4613
6936,0.7732,2.4620
6937,0.7759,2.4609
6938,0.7719,2.4817
6939,0.7718,2.4597
6940,0.7714,2.4593
6941,0.7767,2.4597
6942,0.7733,2.4849
6943,0.8081,2.4597
6944,0.7740,2.4595
6945,0.7741,2.4589
6946,0.7749,2.4847
6947,0.7748,2.4617
6948,0.7748,2.4632
6949,0.7738,2.4607
6950,0.7742,2.4830
6951,0.7738,2.4613
6952,0.7747,2.4613
6953,0.7743,2.4615
6954,0.7739,2.4608
6955,0.7747,2.4957
6956,0.8002,2.4615
6957,0.7710,2.4612
6958,0.7717,2.4617
6959,0.7727,2.4834
6960,0.7730,2.4603
6961,0.7734,2.4624
6962,0.7735,2.4618
6963,0.7752,2.4846
6964,0.7748,2.4613
6965,0.7738,2.4604
6966,0.7762,2.4613
6967,0.7720,2.4893
6968,0.7734,2.4617
6969,0.8415,2.4600
6970,0.7736,2.4609
6971,0.7714,2.4822
6972,0.7714,2.4597
6973,0.7749,2.5725
6974,0.7701,2.4613
6975,0.7723,2.4964
6976,0.7704,2.4624
6977,0.7722,2.4632
6978,0.7713,2.4627
6979,0.7716,2.4855
6980,0.7693,2.4626
6981,0.7728,2.4621
6982,0.8388,2.4629
6983,0.7741,2.4846
6984,0.7726,2.9374
6985,0.7727,2.4632
6986,0.7732,2.4629
6987,0.7728,2.4983
6988,0.7726,2.4619
6989,0.7748,2.4616
6990,0.7729,2.4620
6991,0.7731,2.4863
6992,0.7726,2.4608
6993,0.7736,2.4657
6994,0.7737,2.4605
6995,0.8163,2.4835
6996,0.7735,2.4602
6997,0.7747,2.4598
6998,0.7747,2.4604
6999,0.7773,2.4892
7000,0.7747,2.4619
7001,0.7723,2.4607
7002,0.7763,2.4603
7003,0.7752,2.4995
7004,0.7739,2.4615
7005,0.7751,2.4608
7006,0.7745,2.4620
7007,0.7753,2.4997
7008,0.8082,2.4610
7009,0.7763,2.4611
7010,0.7729,2.5125
7011,0.7730,2.4956
7012,0.7735,2.4611
7013,0.7727,2.4616
7014,0.7730,2.4601
7015,0.7732,2.4824
7016,0.7731,2.4594
7017,0.7713,2.4597
7018,0.7744,2.4601
7019,0.7727,2.4834
7020,0.7739,2.4597
7021,0.8121,2.4596
7022,0.7733,2.4609
7023,0.7741,2.4793
7024,0.7733,2.4584
7025,0.7735,2.4585
7026,0.7747,2.4587
7027,0.7744,2.5418
7028,0.7729,2.4617
7029,0.7752,2.4620
7030,0.7779,2.4619
7031,0.7735,2.4888
7032,0.7738,2.4614
7033,0.8186,2.4619
7034,0.7762,2.5075
7035,0.7732,2.4976
7036,0.7727,2.4609
7037,0.7741,2.4608
7038,0.7739,2.4612
7039,0.7739,2.4996
7040,0.7728,2.4620
7041,0.7718,2.4865
7042,0.7733,2.4619
7043,0.7731,2.4820
7044,0.7741,2.4609
7045,0.7742,2.4609
7046,0.8202,2.4630
7047,0.7719,2.4883
7048,0.7725,2.4619
7049,0.7732,2.4611
7050,0.7722,2.4612
7051,0.7730,2.4856
7052,0.7737,2.4624
7053,0.7729,2.4621
7054,0.7733,2.4618
7055,0.7733,2.4858
7056,0.7743,2.4624
7057,0.7730,2.4612
7058,0.7728,2.4611
7059,0.8070,2.5668
7060,0.7762,2.4616
7061,0.7728,2.4616
7062,0.7729,2.4609
7063,0.7740,2.4642
7064,0.7750,2.4815
7065,0.7726,2.4532
7066,0.7737,2.4572
7067,0.7733,2.4619
7068,0.7786,2.4828
7069,0.7735,2.4641
7070,0.7801,2.4663
7071,0.7754,2.4653
7072,0.8221,2.4937
7073,0.7942,2.4599
7074,0.7729,2.4632
7075,0.7718,2.4656
7076,0.7714,2.4726
7077,0.7731,2.4482
7078,0.7733,2.4477
7079,0.7737,2.4505
7080,0.7723,2.4974
7081,0.7733,2.4693
7082,0.7723,2.4690
7083,0.7732,2.4657
7084,0.7735,2.4824
7085,0.8205,2.4634
7086,0.7752,2.4583
7087,0.7759,2.4603
7088,0.7742,2.4878
7089,0.7747,2.4625
7090,0.7752,2.4601
7091,0.7747,2.4597
7092,0.7745,2.4784
7093,0.7748,2.4591
7094,0.7781,2.4586
7095,0.7769,2.4598
7096,0.7754,2.4861
7097,0.7730,2.4614
7098,0.8381,2.4611
7099,0.7754,2.4608
7100,0.7734,2.4834
7101,0.7760,2.4612
7102,0.7719,2.4616
7103,0.7732,2.4625
7104,0.7743,2.4825
7105,0.7746,2.4613
7106,0.7724,2.4618
7107,0.7733,2.4618
7108,0.7736,2.5229
7109,0.7785,2.4615
7110,0.7750,2.4606
7111,0.8178,2.4608
7112,0.7753,2.4849
7113,0.7742,2.4624
7114,0.7727,2.4606
7115,0.7741,2.4607
7116,0.7755,2.4998
7117,0.7748,2.4619
7118,0.7750,2.4707
7119,0.7750,2.4615
7120,0.7737,2.4796
7121,0.7731,2.4610
7122,0.7748,2.4621
7123,0.8027,2.4617
7124,0.7794,2.4832
7125,0.7743,2.4627
7126,0.7746,2.4613
7127,0.7737,2.4616
7128,0.7750,2.4854
7129,0.7769,2.4615
7130,0.7736,2.4620
7131,0.7733,2.4616
7132,0.7734,2.4775
7133,0.7738,2.4611
7134,0.7741,2.4602
7135,0.7727,2.4606
7136,0.8082,2.4855
7137,0.7736,2.4614
7138,0.7738,2.4619
7139,0.7720,2.4637
7140,0.7758,2.4607
7141,0.7752,2.4953
7142,0.7750,2.4622
7143,0.7751,2.4615
7144,0.7751,2.4621
7145,0.7748,2.4910
7146,0.7749,2.4617
7147,0.7755,2.4608
7148,0.7745,2.4613
7149,0.8112,2.4823
7150,0.7737,2.4612
7151,0.7769,2.4616
7152,0.7734,2.4616
7153,0.7721,2.4997
7154,0.7733,2.4614
7155,0.7730,2.4607
7156,0.7732,2.4602
7157,0.7731,2.4803
7158,0.7729,2.4613
7159,0.7727,2.4614
7160,0.7730,2.4615
7161,0.7729,2.4766
7162,0.8279,2.4617
7163,0.7747,2.4615
7164,0.7748,2.4612
7165,0.7752,2.4782
7166,0.7753,2.4609
7167,0.7744,2.4600
7168,0.7747,2.4601
7169,0.7743,2.4878
7170,0.7744,2.4608
7171,0.7752,2.4604
7172,0.7752,2.4785
7173,0.7756,2.4887
7174,0.7746,2.5039
7175,0.8019,2.4634
7176,0.7740,2.4867
7177,0.7751,2.4815
7178,0.7744,2.4609
7179,0.7750,2.4613
7180,1.1164,2.4614
7181,0.7728,2.4786
7182,0.7742,2.4607
7183,0.7739,2.4610
7184,0.7734,2.4613
7185,0.7728,2.4824
7186,0.7735,2.4612
7187,0.7966,2.4623
7188,0.7728,2.4629
7189,0.7741,2.4905
7190,0.7740,2.4604
7191,0.7737,2.4931
7192,1.1354,2.4946
7193,0.8203,2.8140
7194,0.7704,2.4624
7195,0.7731,2.5367
7196,0.7755,2.4647
7197,0.7730,2.5251
7198,0.7729,2.4615
7199,0.7730,2.4615
7200,0.8122,2.4610
7201,0.7728,2.5133
7202,0.7723,2.4625
7203,0.7697,2.4621
7204,0.7712,2.4620
7205,0.7736,2.4852
7206,0.7711,2.4627
7207,0.7728,2.4623
7208,0.7754,2.4668
7209,0.7725,2.5086
7210,0.7774,2.4628
7211,0.7712,2.4626
7212,0.7714,2.4619
7213,0.8087,2.4885
7214,0.7742,2.4610
7215,0.7753,2.5297
7216,0.7737,2.6154
7217,0.7788,2.6933
7218,0.7715,2.4574
7219,0.7784,2.4626
7220,0.7733,2.4635
7221,0.7802,2.4986
7222,0.7797,2.4626
7223,0.7730,2.4624
7224,0.7735,2.4628
7225,0.8275,2.4996
7226,0.7782,2.4593
7227,0.7884,2.4612
7228,0.7734,2.4645
7229,0.7892,2.4945
7230,0.7725,2.4558
7231,0.7740,2.4600
7232,0.7786,2.4611
7233,0.7726,2.4987
7234,0.7742,2.4525
7235,0.7767,2.4633
7236,0.7733,2.4638
7237,0.7893,2.5042
7238,0.8618,2.4637
7239,0.7754,2.4629
7240,0.7722,2.4629
7241,0.7731,2.4964
7242,0.7785,2.4612
7243,0.7843,2.5274
7244,0.7758,2.4612
7245,0.7736,2.4954
7246,0.7767,2.4613
7247,0.7843,2.4700
7248,0.7799,2.5578
7249,0.7736,2.4986
7250,0.7772,2.4584
7251,0.8761,2.4634
7252,0.7774,2.4648
7253,0.7809,2.5068
7254,0.7717,2.5891
7255,0.7734,2.4670
7256,0.7719,2.4858
7257,0.7754,2.5027
7258,0.7724,2.5099
7259,0.7749,2.4632
7260,0.7771,2.4835
7261,0.7774,2.4956
7262,0.7751,2.4605
7263,0.7723,2.4604
7264,0.8422,2.4591
7265,0.7732,2.4597
7266,0.7736,2.4872
7267,0.7728,2.4627
7268,0.7714,2.4611
7269,0.7726,2.4623
7270,0.7720,2.4952
7271,0.7721,2.4621
7272,0.7754,2.4619
7273,0.7732,2.4630
7274,0.7735,2.4851
7275,0.7729,2.4617
7276,0.7747,2.4619
7277,0.8187,2.4629
7278,0.7709,2.4878
7279,0.7711,2.4618
7280,0.7736,2.4646
7281,0.7744,2.4615
7282,0.7730,2.4907
7283,0.7731,2.4618
7284,0.7743,2.4607
7285,0.7728,2.4607
7286,0.7752,2.4916
7287,0.7736,2.4605
7288,0.7766,2.4613
7289,0.8088,2.4682
7290,0.7726,2.4862
7291,0.7720,2.5943
7292,0.7713,2.4627
7293,0.7729,2.4614
7294,0.7745,2.4990
7295,0.7746,2.4603
7296,0.7738,2.4600
7297,0.7728,2.4629
7298,0.7743,2.4980
7299,0.7721,2.4615
7300,0.7749,2.4621
7301,0.7727,2.4612
7302,0.8358,2.4997
7303,0.7717,2.4625
7304,0.7721,2.4624
7305,0.7725,2.4605
7306,0.7709,2.5024
7307,0.7720,2.4608
7308,0.7728,2.4610
7309,0.7722,2.4613
7310,0.7730,2.5320
7311,0.7732,2.4607
7312,0.7711,2.4607
7313,0.7719,2.4609
7314,0.7719,2.5493
7315,0.8195,2.4627
7316,0.7736,2.4617
7317,0.7733,2.4616
7318,0.7700,2.5089
7319,0.7726,2.4601
7320,0.7721,2.4604
7321,0.7718,2.4607
7322,0.7709,2.4996
7323,0.7716,2.4605
7324,0.7714,2.4629
7325,0.7716,2.4614
7326,0.7717,2.5095
7327,0.7715,2.4614
7328,0.8348,2.4641
7329,0.7726,2.4650
7330,0.7741,2.5536
7331,0.7722,2.4618
7332,0.7719,2.4611
7333,0.7716,2.4622
7334,0.7720,2.4887
7335,0.7732,2.4611
7336,0.7731,2.4631
7337,0.7722,2.4602
7338,0.7724,2.4810
7339,0.7725,2.4616
7340,0.7724,2.4660
7341,0.8119,2.4617
7342,0.7731,2.4876
7343,0.7740,2.4626
7344,0.7723,2.4617
7345,0.7726,2.4607
7346,0.7730,2.4865
7347,0.7736,2.4618
7348,0.7746,2.4626
7349,0.7723,2.4620
7350,0.7726,2.4876
7351,0.7722,2.4628
7352,0.7724,2.4619
7353,0.7709,2.4622
7354,0.8323,2.4954
7355,0.7906,2.4612
7356,0.7728,2.4607
7357,0.7735,2.4611
7358,0.7734,2.4605
7359,0.7746,2.4798
7360,0.7740,2.4600
7361,0.7752,2.4612
7362,0.7754,2.4615
7363,0.7747,2.4813
7364,0.7745,2.4610
7365,0.7736,2.4605
7366,0.7760,2.4595
7367,0.8098,2.4865
7368,0.7718,2.4611
7369,0.7714,2.4617
7370,0.7721,2.4619
7371,0.7714,2.4832
7372,0.7718,2.4609
7373,0.7710,2.4612
7374,0.7712,2.4612
7375,0.7714,2.4803
7376,0.7720,2.4613
7377,0.7720,2.4868
7378,0.7738,2.4625
7379,0.7719,2.4951
7380,0.8398,2.4618
7381,0.7730,2.4615
7382,0.7726,2.4608
7383,0.7731,2.5014
7384,0.7721,2.4610
7385,0.7757,2.4603
7386,0.7736,2.4609
7387,0.7729,2.4827
7388,0.7769,2.4569
7389,0.7733,2.4654
7390,0.7752,2.4676
7391,0.7747,2.5069
7392,0.8172,2.4589
7393,0.7703,2.4610
7394,0.7714,2.4720
7395,0.7713,2.5555
7396,0.7702,2.4624
7397,0.7711,2.4612
7398,0.7718,2.4607
7399,0.7699,2.4924
7400,0.7707,2.4514
7401,0.7706,2.4508
7402,0.7712,2.4650
7403,0.7695,2.5063
7404,0.7694,2.4604
7405,0.8193,2.4608
7406,0.7741,2.4599
7407,0.7737,2.5039
7408,0.7723,2.4830
7409,0.7729,2.4606
7410,0.7731,2.4606
7411,0.7754,2.5006
7412,0.7734,3.3575
7413,0.7741,4.8831
7414,0.7752,3.5570
7415,0.7738,2.4640
7416,0.7735,2.5106
7417,0.7747,2.5470
7418,0.8329,2.4644
7419,0.7709,2.4654
7420,0.7704,2.4709
7421,0.7712,2.5214
7422,0.7714,2.4656
7423,0.7706,2.4604
7424,0.7707,2.4609
7425,0.7706,2.4840
7426,0.7710,2.4611
7427,0.7714,2.4592
7428,0.7716,2.4596
7429,0.7705,2.4596
7430,0.7698,2.4785
7431,0.8407,2.4598
7432,0.7740,2.4598
7433,0.7730,2.4598
7434,0.7724,2.4778
7435,0.7724,2.4605
7436,0.7726,2.4598
7437,0.7736,2.4611
7438,0.7732,2.4814
7439,0.7737,2.4606
7440,0.7732,2.4607
7441,0.7732,2.4611
7442,0.7774,2.4823
7443,0.7729,2.4986
7444,0.8201,2.4631
7445,0.7747,2.4612
7446,0.7739,2.4905
7447,0.7731,2.4633
7448,0.7730,2.4614
7449,0.7737,2.4631
7450,0.7728,2.5057
7451,0.7734,2.4608
7452,0.7738,2.4609
7453,0.7727,2.5069
7454,0.7746,2.4904
7455,0.7751,2.4627
7456,0.7725,2.4626
7457,0.8239,2.4648
7458,0.7775,2.4871
7459,0.7760,2.4614
7460,0.7772,2.4618
7461,0.7808,2.4616
7462,0.7791,2.4975
7463,0.7726,2.4613
7464,0.7770,2.4616
7465,0.7737,2.4616
7466,0.7756,2.4959
7467,0.7747,2.4607
7468,0.7732,2.4608
7469,0.7759,2.4746
7470,0.8293,2.4890
7471,0.7786,2.4619
7472,0.7740,2.4614
7473,0.7717,2.4610
7474,0.7723,2.4803
7475,0.7743,2.4617
7476,0.7728,2.4622
7477,0.7729,2.4623
7478,0.7740,2.4878
7479,0.7733,2.4602
7480,0.7725,2.4605
7481,0.7729,2.4609
7482,0.8039,2.4809
7483,0.7730,2.4617
7484,0.7727,2.4607
7485,0.7727,2.4613
7486,0.7721,2.4822
7487,0.7784,2.4599
7488,0.7726,2.4600
7489,0.7734,2.4605
7490,0.7707,2.4838
7491,0.7721,2.4613
7492,0.7726,2.4613
7493,0.7731,2.4611
7494,0.7711,2.4857
7495,0.7995,2.4610
7496,0.7747,2.4613
7497,0.7737,2.4608
7498,0.7730,2.4827
7499,0.7747,2.4619
7500,0.7737,2.4617
7501,0.7737,2.4618
7502,0.7742,2.4874
7503,0.7742,2.4615
7504,0.7761,2.4622
7505,0.7758,2.4611
7506,0.7778,2.4914
7507,0.7739,2.4626
7508,0.8050,2.4605
7509,0.7753,2.4608
7510,0.7728,2.4611
7511,0.7766,2.5153
7512,0.7747,2.4621
7513,0.7747,2.4618
7514,0.7748,2.4622
7515,0.7759,2.4815
7516,0.7746,2.4597
7517,0.7746,2.4596
7518,0.7732,2.4597
7519,0.8212,2.4861
7520,0.7909,2.4600
7521,0.7986,2.4764
7522,0.7744,2.4599
7523,0.7733,2.4809
7524,0.7760,2.4612
7525,0.7740,2.4608
7526,0.7754,2.4600
7527,0.7729,2.4859
7528,0.7989,2.4606
7529,0.8152,2.4608
7530,0.8121,2.4608
7531,0.8046,2.4831
7532,0.8039,2.4617
7533,0.7957,2.4614
7534,0.8375,2.4619
7535,0.8780,2.4966
7536,0.7748,2.4611
7537,0.7710,2.4611
7538,0.7742,2.4605
7539,0.7716,2.4826
7540,0.7766,2.4611
7541,0.7727,2.4609
7542,0.7786,2.4612
7543,0.7737,2.4802
7544,0.7736,2.4604
7545,0.7743,2.4622
7546,0.8070,2.4611
7547,0.7733,2.4905
7548,0.7719,2.4610
7549,0.7725,2.4619
7550,0.7734,2.4619
7551,0.7743,2.4969
7552,0.7743,2.4632
7553,0.7737,2.4623
7554,0.7731,2.4616
7555,0.7719,2.5177
7556,0.7730,2.4607
7557,0.7748,2.4610
7558,0.7740,2.4602
7559,0.8204,2.4816
7560,0.7743,2.4611
7561,0.7744,2.4606
7562,0.7738,2.4615
7563,0.7729,2.5136
7564,0.7809,2.4614
7565,0.7787,2.4607
7566,0.7741,2.4605
7567,0.7762,2.4939
7568,0.7749,2.4621
7569,0.7759,2.4617
7570,0.7735,2.4616
7571,0.7758,2.4936
7572,0.8075,2.4614
7573,0.7753,2.4610
7574,0.7743,2.4616
7575,0.7735,2.4910
7576,0.7743,2.4614
7577,0.7753,2.4600
7578,0.7747,2.4887
7579,0.7739,2.4956
7580,0.7748,2.4624
7581,0.7744,2.4613
7582,0.7736,2.4615
7583,0.7801,2.4829
7584,0.7728,2.4624
7585,0.8132,2.4622
7586,0.7713,2.4624
7587,0.7709,2.4834
7588,0.7703,2.4616
7589,0.7767,2.4667
7590,0.7709,2.4618
7591,0.7720,2.4620
7592,0.7717,2.4825
7593,0.7725,2.5006
7594,0.7711,2.4607
7595,0.7763,2.4608
7596,0.7772,2.4838
7597,0.7722,2.4632
7598,0.8105,2.4633
7599,0.7713,2.4634
7600,0.7712,2.4832
7601,0.7715,2.4625
7602,0.7710,2.4618
7603,0.7711,2.4771
7604,0.7745,2.4842
7605,0.7706,2.4613
7606,0.7760,2.4603
7607,0.7704,2.4610
7608,0.7713,2.4860
7609,0.7711,2.4612
7610,0.7715,2.4612
7611,0.8042,2.4611
7612,0.7722,2.4846
7613,0.7717,2.4616
7614,0.7712,2.4619
7615,0.7703,2.4613
7616,0.7720,2.5477
7617,0.7708,2.6426
7618,0.7723,2.6659
7619,0.7714,2.4624
7620,0.7724,2.4976
7621,0.7757,2.4622
7622,0.7722,2.4630
7623,0.7724,2.4622
7624,0.7954,2.5017
7625,0.7729,2.4627
7626,0.7742,2.4620
7627,0.7737,2.4626
7628,0.7729,2.4989
7629,0.7742,2.4627
7630,0.7766,2.4627
7631,0.7728,2.4631
7632,0.7729,2.4790
7633,0.7764,2.4491
7634,0.7728,2.4607
7635,0.7742,2.4646
7636,0.8035,2.4883
7637,0.7814,2.4616
7638,0.8403,2.4618
7639,0.8725,2.4626
7640,0.9485,2.4964
7641,1.1859,2.4533
7642,1.1779,2.4536
7643,0.9002,2.4629
7644,0.9467,2.4928
7645,1.2245,2.4841
7646,1.2469,2.4617
7647,0.8314,2.4610
7648,0.7723,2.4907
7649,0.7714,2.4620
7650,0.7737,2.6413
7651,0.7733,2.5531
7652,0.7739,2.6052
7653,0.7742,2.5674
7654,0.7741,2.4749
7655,0.7730,2.4637
7656,0.7733,2.5143
7657,0.7730,2.4636
7658,0.7718,2.4639
7659,0.8159,2.4626
7660,0.7740,2.5131
7661,0.7805,2.4629
7662,0.7739,2.4620
7663,0.7732,2.4617
7664,0.7793,2.4926
7665,0.7746,2.4612
7666,0.7740,2.4608
7667,0.7742,2.4632
7668,0.7738,2.5003
7669,0.7731,2.4609
7670,0.7723,2.4612
7671,0.7785,2.4598
7672,0.8060,2.4980
7673,0.7735,2.4610
7674,0.7742,2.4602
7675,0.7765,2.4617
7676,0.7733,2.4944
7677,0.7730,2.5084
7678,0.7747,2.5111
7679,0.7740,2.4937
7680,0.7737,2.6233
7681,0.7736,2.4864
7682,0.7744,2.4613
7683,0.7736,2.4619
7684,0.7749,2.5143
7685,0.8101,2.4611
7686,0.7727,2.4613
7687,0.7731,2.4608
7688,0.7733,2.4941
7689,0.7735,2.4609
7690,0.7723,2.4610
7691,0.7724,2.4604
7692,0.7727,2.4948
7693,0.7744,2.4612
7694,0.7734,2.4618
7695,0.7733,2.4614
7696,0.7730,2.6023
7697,0.7727,2.4570
7698,0.8296,2.4599
7699,0.7731,2.4625
7700,0.7724,2.5024
7701,0.7725,2.4613
7702,0.7742,2.4609
7703,0.7743,2.4615
7704,0.7762,2.4990
7705,0.7759,2.4615
7706,0.7723,2.5285
7707,0.7728,2.4612
7708,0.7726,2.5031
7709,0.7757,2.4617
7710,0.7729,2.4613
7711,0.8238,2.4616
7712,0.7721,2.5127
7713,0.7736,2.4607
7714,0.7721,2.4611
7715,0.7731,2.4613
7716,0.7742,2.4943
7717,0.7729,2.4628
7718,0.7731,2.4619
7719,0.7735,2.4623
7720,0.7784,2.4822
7721,0.7723,2.4620
7722,0.7724,2.4611
7723,0.8052,2.4610
7724,0.7735,2.4608
7725,0.7732,2.4818
7726,0.7722,2.4616
7727,0.7728,2.4604
7728,0.7736,2.4606
7729,0.7736,2.4828
7730,0.7754,2.4607
7731,0.7769,2.4597
7732,0.7748,2.4603
7733,0.7795,2.4856
7734,0.7752,2.4608
7735,0.7742,2.4611
7736,0.8097,2.4605
7737,0.7728,2.4834
7738,0.7727,2.4629
7739,0.7721,2.4610
7740,0.7743,2.4614
7741,0.7720,2.4907
7742,0.7727,2.4598
7743,0.7710,2.4597
7744,0.7719,2.4605
7745,0.7717,2.4789
7746,0.7727,2.4599
7747,0.7742,2.4592
7748,0.7719,2.4598
7749,0.8348,2.4939
7750,0.7705,2.4622
7751,0.7701,2.4625
7752,0.7728,2.4613
7753,0.7716,2.4802
7754,0.7758,2.4602
7755,0.7731,2.4606
7756,0.7744,2.4609
7757,0.7717,2.4779
7758,0.7713,2.4608
7759,0.7725,2.4601
7760,0.7752,2.4653
7761,0.7707,2.4790
7762,0.8410,2.4623
7763,0.7733,2.4607
7764,0.7739,2.4631
7765,0.7743,2.4817
7766,0.7754,2.4715
7767,0.7800,2.4617
7768,0.7734,2.4617
7769,0.7735,2.4852
7770,0.7743,2.4536
7771,0.7755,2.4611
7772,0.7736,2.4637
7773,0.7730,2.4857
7774,0.7737,2.4675
7775,0.8289,2.4631
7776,0.7739,2.4640
7777,0.7745,2.4846
7778,0.7715,2.4672
7779,0.7790,2.4663
7780,0.7742,2.4897
7781,0.7747,2.4843
7782,0.7741,2.4624
7783,0.7746,2.4719
7784,0.7750,2.4614
7785,0.7746,2.5014
7786,0.7740,2.4620
7787,0.7738,2.4614
7788,0.8055,2.4614
7789,0.7744,2.5011
7790,0.7736,2.4678
7791,0.7740,2.4611
7792,0.7726,2.4609
7793,0.7739,2.4901
7794,0.7726,2.4618
7795,0.7722,2.4616
7796,0.7741,2.4622
7797,0.7739,2.5993
7798,0.7760,2.4623
7799,0.7716,2.4626
7800,0.7736,2.4625
7801,0.8141,2.4798
7802,0.7712,2.4505
7803,0.7714,2.4493
7804,0.7769,2.4612
7805,0.7740,2.4727
7806,0.7732,2.4868
7807,0.7719,2.4600
7808,0.7713,2.4596
7809,0.7692,2.4603
7810,0.7724,2.4828
7811,0.7721,2.4606
7812,0.7709,2.5432
7813,0.8068,2.4615
7814,0.7781,2.4906
7815,0.7742,2.4632
7816,0.7727,2.4639
7817,0.7725,2.4631
7818,0.7727,2.4924
7819,0.7731,2.4625
7820,0.7747,2.4615
7821,0.7751,2.4613
7822,0.7732,2.4841
7823,0.7738,2.4622
7824,0.7741,2.4638
7825,0.7765,2.4654
7826,0.7989,2.5142
7827,0.7703,2.4672
7828,0.7710,2.4707
7829,0.7713,2.4923
7830,0.7721,2.5026
7831,0.7715,2.4605
7832,0.7714,2.4628
7833,0.7720,2.4618
7834,0.7709,2.5048
7835,0.7720,2.4654
7836,0.7730,2.4674
7837,0.7727,2.4690
7838,0.7717,2.4973
7839,0.8058,2.4851
7840,0.7739,2.4593
7841,0.7742,2.4602
7842,0.7725,2.4920
7843,0.7735,2.4615
7844,0.7734,2.4617
7845,0.7735,2.4611
7846,0.7723,2.5266
7847,0.7743,2.4818
7848,0.7721,2.4615
7849,0.7699,2.4680
7850,0.7730,2.4884
7851,0.7743,2.4623
7852,0.8050,2.4623
7853,0.7741,2.4619
7854,0.7749,2.4889
7855,0.7730,2.4607
7856,0.7750,2.4610
7857,0.7750,2.4625
7858,0.7742,2.4922
7859,0.7759,2.4615
7860,0.7757,2.4600
7861,0.7751,2.4606
7862,0.7746,2.4840
7863,0.7747,2.4604
7864,0.7745,2.4607
7865,0.8085,2.4601
7866,0.7729,2.4902
7867,0.7722,2.4599
7868,0.7723,2.4604
7869,0.7706,2.4604
7870,0.7727,2.4942
7871,0.7733,2.4604
7872,0.7725,2.4602
7873,0.7722,2.4606
7874,0.7723,2.4794
7875,0.7722,2.4604
7876,0.7731,2.4598
7877,0.7734,2.4600
7878,0.8026,2.4806
7879,0.7739,2.4604
7880,0.7766,2.4601
7881,0.7747,2.4596
7882,0.7758,2.4843
7883,0.7747,2.4603
7884,0.7752,2.4596
7885,0.7739,2.4598
7886,0.7755,2.4828
7887,0.7726,2.4596
7888,0.7724,2.4599
7889,0.7716,2.4618
7890,0.7736,2.4764
7891,0.7932,2.4614
7892,0.7721,2.4597
7893,0.7722,2.4606
7894,0.7724,2.4603
7895,0.7722,2.4819
7896,0.7718,2.4599
7897,0.7723,2.4607
7898,0.7719,2.4607
7899,0.7726,2.4866
7900,0.7701,2.4616
7901,0.7724,2.4614
7902,0.7713,2.4608
7903,0.7728,2.4840
7904,0.8155,2.4598
7905,0.7724,2.4587
7906,0.7727,2.4593
7907,0.7732,2.4776
7908,0.7718,2.4605
7909,0.7730,2.4601
7910,0.7733,2.4601
7911,0.7721,2.4793
7912,0.7731,2.4603
7913,0.7772,2.4602
7914,0.7720,2.4604
7915,0.7780,2.5289
7916,0.7733,2.4611
7917,0.8104,2.4613
7918,0.7718,2.4612
7919,0.7722,2.4810
7920,0.7715,2.4626
7921,0.7719,2.4619
7922,0.7769,2.4622
7923,0.7720,2.4801
7924,0.7734,2.4621
7925,0.7733,2.4618
7926,0.7724,2.4627
7927,0.7731,2.4810
7928,0.7777,2.4624
7929,0.7949,2.4619
7930,0.7792,2.4620
7931,0.7753,2.4847
7932,0.7731,2.4620
7933,0.7741,2.4611
7934,0.7755,2.4620
7935,0.7750,2.4901
7936,0.7735,2.4599
7937,0.7754,2.4600
7938,0.7746,2.4601
7939,0.7798,2.4779
7940,0.7750,2.4610
7941,0.7746,2.4611
7942,0.8047,2.4605
7943,0.7750,2.4831
7944,0.7744,2.4612
7945,0.7744,2.4603
7946,0.7730,2.4597
7947,0.7753,2.4932
7948,0.7742,2.4598
7949,0.7736,2.4596
7950,0.7744,2.4593
7951,0.7795,2.4825
7952,0.7755,2.4614
7953,0.7745,2.4613
7954,0.7775,2.4621
7955,0.8106,2.5109
7956,0.7771,2.4608
7957,0.7765,2.4614
7958,0.7726,2.4603
7959,0.7719,2.4997
7960,0.7735,2.4617
7961,0.7725,2.4610
7962,0.7715,2.4595
7963,0.7723,2.4908
7964,0.7718,2.4598
7965,0.7786,2.4595
7966,0.7726,2.4596
7967,0.7737,2.4767
7968,0.8126,2.4616
7969,0.7745,2.4588
7970,0.7748,2.4593
7971,0.7743,2.4586
7972,0.7741,2.4929
7973,0.7743,2.4626
7974,0.7745,2.4624
7975,0.7743,2.4629
7976,0.7740,2.4796
7977,0.7744,2.4615
7978,0.7745,2.4616
7979,0.7734,2.4634
7980,0.7735,2.4878
7981,0.7947,2.4607
7982,0.7737,2.4888
7983,0.7748,2.4616
7984,0.7744,2.5008
7985,0.7754,2.4620
7986,0.7737,2.4770
7987,0.7731,2.4845
7988,0.7724,2.4843
7989,0.7737,2.4619
7990,0.7753,2.4620
7991,0.7752,2.4608
7992,0.7729,2.4785
7993,0.7756,2.4621
7994,0.7963,2.4617
7995,0.7748,2.4622
7996,0.7747,2.4793
7997,0.7750,2.4622
7998,0.7801,2.4618
7999,0.7754,2.4615
8000,0.7744,2.4827
8001,0.7744,2.4600
8002,0.7751,2.4595
8003,0.7716,2.4594
8004,0.7749,2.4796
8005,0.7741,2.4603
8006,0.7754,2.4605
8007,0.7913,2.4712
8008,0.7745,2.4783
8009,0.7722,2.4601
8010,0.7736,2.4604
8011,0.7733,2.4607
8012,0.7727,2.4920
8013,0.7722,2.4601
8014,0.7730,2.4599
8015,0.7724,2.4602
8016,0.7722,2.4842
8017,0.7727,2.4608
8018,0.7732,2.4618
8019,0.7732,2.4606
8020,0.8000,2.4852
8021,0.7736,2.4592
8022,0.7728,2.5102
8023,0.7723,2.6284
8024,0.7729,2.6875
8025,0.7732,2.4612
8026,0.7717,2.4773
8027,0.7727,2.4614
8028,0.7738,2.4983
8029,0.7732,2.4657
8030,0.7715,2.4640
8031,0.7718,2.4638
8032,0.7982,2.5059
8033,0.7702,2.4632
8034,0.7727,2.4630
8035,0.7709,2.4632
8036,0.7717,2.4983
8037,0.7731,2.4620
8038,0.7733,2.4618
8039,0.7734,2.4617
8040,0.7726,2.4906
8041,0.7729,2.4622
8042,0.7718,2.4660
8043,0.7737,2.4666
8044,0.7722,2.4909
8045,0.8101,2.4547
8046,0.7753,2.4639
8047,0.7740,2.4646
8048,0.7746,2.4978
8049,0.7748,2.4627
8050,0.7757,2.4847
8051,0.7758,2.4618
8052,0.7752,2.4875
8053,0.7755,2.4621
8054,0.7758,2.4617
8055,0.7757,2.4624
8056,0.7748,2.4873
8057,0.7818,2.4630
8058,0.7920,2.4650
8059,0.7748,2.4611
8060,0.7755,2.4879
8061,0.7716,2.4619
8062,0.7747,2.4623
8063,0.7751,2.4618
8064,0.7752,2.4613
8065,0.7753,2.4844
8066,0.7743,2.4613
8067,0.7748,2.4615
8068,0.7740,2.4663
8069,0.7797,2.4863
8070,0.7741,2.4626
8071,0.8081,2.4623
8072,0.7740,2.4614
8073,0.7739,2.4869
8074,0.7735,2.4627
8075,0.7756,2.4621
8076,0.7743,2.4611
8077,0.7742,2.4904
8078,0.7756,2.4779
8079,0.7759,2.4626
8080,0.7792,2.4630
8081,0.7774,2.4860
8082,0.7731,2.4613
8083,0.7754,2.4777
8084,0.8010,2.4615
8085,0.7745,2.4867
8086,0.7744,2.4611
8087,0.7740,2.4652
8088,0.7752,2.4618
8089,0.7732,2.4919
8090,0.7740,2.4621
8091,0.7766,2.4623
8092,0.7734,2.4631
8093,0.7745,2.4834
8094,0.7746,2.4620
8095,0.7743,2.4619
8096,0.7749,2.4615
8097,0.7967,2.4888
8098,0.7733,2.4616
8099,0.7757,2.4618
8100,0.7733,2.4611
8101,0.7750,2.4843
8102,0.7752,2.4627
8103,0.7735,2.5474
8104,0.7748,2.4614
8105,0.7731,2.4944
8106,0.7752,2.4604
8107,0.7739,2.4595
8108,0.7733,2.4600
8109,0.7741,2.4883
8110,0.7997,2.4557
8111,0.7759,2.4640
8112,0.7733,2.4642
8113,0.7752,2.4977
8114,0.7744,2.4615
8115,0.7731,2.4612
8116,0.7756,2.4604
8117,0.7758,2.5071
8118,0.7746,2.4593
8119,0.7730,2.4602
8120,0.7748,2.4596
8121,0.7751,2.4833
8122,0.7775,2.4598
8123,0.7922,2.4607
8124,0.7741,2.4611
8125,0.7754,2.4873
8126,0.7741,2.4611
8127,0.7742,2.5034
8128,0.7747,2.4619
8129,0.7739,2.4939
8130,0.7755,2.4463
8131,0.7721,2.4596
8132,0.7777,2.4602
8133,0.7752,2.4851
8134,0.7748,2.4625
8135,0.8328,2.4621
8136,0.7761,2.4693
8137,0.7725,2.4918
8138,0.7732,2.4654
8139,0.7723,2.4660
8140,0.7717,2.4698
8141,0.7727,2.4947
8142,0.7733,2.4606
8143,0.7714,2.4607
8144,0.7717,2.4607
8145,0.7724,2.4806
8146,0.7724,2.4617
8147,0.7723,2.4614
8148,0.7971,2.4612
8149,0.7719,2.4617
8150,0.7740,2.4811
8151,0.7747,2.4611
8152,0.7745,2.4618
8153,0.7744,2.4610
8154,0.7912,2.4842
8155,0.8179,2.4603
8156,0.7717,2.4596
8157,0.7723,2.4602
8158,0.7711,2.4862
8159,0.7706,2.4600
8160,0.7724,2.4609
8161,0.7953,2.4599
8162,0.7743,2.4774
8163,0.7729,2.4601
8164,0.7736,2.4598
8165,0.7742,2.4776
8166,0.7738,2.4837
8167,0.7735,2.4619
8168,0.7733,2.4614
8169,0.7738,2.4617
8170,0.7726,2.4830
8171,0.7739,2.4622
8172,0.7731,2.4612
8173,0.7788,2.4617
8174,0.8077,2.4856
8175,0.7741,2.4611
8176,0.7723,2.4614
8177,0.7772,2.4611
8178,0.7739,2.4856
8179,0.7736,2.4613
8180,0.7738,2.4611
8181,0.7733,2.4610
8182,0.7725,2.4870
8183,0.7733,2.4602
8184,0.7757,2.4597
8185,0.7728,2.4931
8186,0.7727,2.4857
8187,0.7997,2.4609
8188,0.7731,2.4619
8189,0.7736,2.4606
8190,0.7733,2.4794
8191,0.7727,2.4604
8192,0.7739,2.4612
8193,0.7741,2.4608
8194,0.7737,2.4826
8195,0.7728,2.4605
8196,0.7728,2.4599
8197,0.7719,2.4590
8198,0.7766,2.4846
8199,0.7727,2.4596
8200,0.7978,2.4594
8201,0.7741,2.4595
8202,0.7757,2.4797
8203,0.7745,2.4607
8204,0.7751,2.4608
8205,0.7731,2.4603
8206,0.7799,2.4802
8207,0.7746,2.4601
8208,0.7754,2.4610
8209,0.7747,2.4623
8210,0.7737,2.5062
8211,0.7743,2.4600
8212,0.7764,2.4601
8213,0.8044,2.4600
8214,0.7729,2.4842
8215,0.7749,2.4860
8216,0.7768,2.4619
8217,0.7750,2.4623
8218,0.7751,2.5679
8219,0.7736,2.4611
8220,0.7738,2.4603
8221,0.7748,2.4617
8222,0.7747,2.4826
8223,0.7753,2.4606
8224,0.7752,2.4614
8225,0.7743,2.4605
8226,0.7917,2.4867
8227,0.7738,2.4611
8228,0.7747,2.4600
8229,0.7738,2.4603
8230,0.7730,2.4723
8231,0.7745,2.4858
8232,0.7738,2.4625
8233,0.7745,2.4626
8234,0.7722,2.4621
8235,0.7740,2.4840
8236,0.7747,2.4622
8237,0.7738,2.4626
8238,0.8061,2.4622
8239,0.7746,2.5040
8240,0.7748,2.4606
8241,0.7746,2.4602
8242,0.7739,2.4631
8243,0.7745,2.4940
8244,0.7740,2.4611
8245,0.7777,2.4611
8246,0.7746,2.4967
8247,0.7758,2.5040
8248,0.7790,2.4609
8249,0.7748,2.4616
8250,0.7756,2.4609
8251,0.8042,2.5000
8252,0.7722,2.4986
8253,0.7721,2.4619
8254,0.7703,2.4883
8255,0.7735,2.4931
8256,0.7732,2.4616
8257,0.7721,2.4615
8258,0.7722,2.4616
8259,0.7726,2.4891
8260,0.7729,2.4645
8261,0.7731,2.4618
8262,0.7725,2.4622
8263,0.7722,2.4871
8264,0.8061,2.4606
8265,0.7743,2.4618
8266,0.7831,2.4616
8267,0.7833,2.6271
8268,0.7737,3.0794
8269,0.7731,2.8954
8270,0.7744,2.9182
8271,0.7746,2.8704
8272,0.7729,2.6460
8273,0.7739,2.4614
8274,0.7745,2.5350
8275,0.7740,2.4610
8276,0.7753,2.4759
8277,0.8013,2.4604
8278,0.7704,2.4878
8279,0.7713,2.4601
8280,0.7744,2.4607
8281,0.7710,2.4634
8282,0.7715,2.4825
8283,0.7702,2.4632
8284,0.7711,2.4626
8285,0.7716,2.4621
8286,0.7730,2.4917
8287,0.7790,2.4622
8288,0.7711,2.4632
8289,0.7707,2.4642
8290,0.8038,2.4996
8291,0.7728,2.4684
8292,0.7727,2.4630
8293,0.7729,2.4623
8294,0.7731,2.4876
8295,0.7738,2.4598
8296,0.7733,2.4616
8297,0.7727,2.4618
8298,0.7735,2.4818
8299,0.7727,2.4615
8300,0.7729,2.4615
8301,0.7735,2.4637
8302,0.7746,2.4924
8303,0.8031,2.4626
8304,0.7750,2.4619
8305,0.7761,2.4612
8306,0.7749,2.4985
8307,0.7733,2.4615
8308,0.7723,2.4606
8309,0.7763,2.4612
8310,0.7733,2.4603
8311,0.7741,2.4904
8312,0.7754,2.4628
8313,0.7741,2.4616
8314,0.7798,2.4608
8315,0.7742,2.5037
8316,0.8136,2.4602
8317,0.7750,2.4610
8318,0.7737,2.4613
8319,0.7752,2.5485
8320,0.7743,2.4600
8321,0.7741,2.4605
8322,0.7735,2.4605
8323,0.7747,2.4864
8324,0.7744,2.4621
8325,0.7728,2.4616
8326,0.7735,2.4616
8327,0.7738,2.4918
8328,0.7746,2.4619
8329,0.8140,2.4617
8330,0.7709,2.4632
8331,0.7704,2.4947
8332,0.7700,2.4621
8333,0.7698,2.4625
8334,0.7695,2.4628
8335,0.7700,2.4891
8336,0.7723,2.4618
8337,0.7695,2.4612
8338,0.7708,2.4613
8339,0.7703,2.4880
8340,0.7703,2.4614
8341,0.8031,2.4614
8342,0.7728,2.4620
8343,0.7710,2.4928
8344,0.7726,2.4616
8345,0.7723,2.4614
8346,0.7753,2.4611
8347,0.7725,2.4869
8348,0.7731,2.4604
8349,0.7737,2.4599
8350,0.7761,2.4601
8351,0.7757,2.4905
8352,0.7721,2.4606
8353,0.7714,2.4609
8354,0.8037,2.4605
8355,0.7742,2.5050
8356,0.7752,2.4616
8357,0.7742,2.4621
8358,0.7729,2.4608
8359,0.7731,2.4914
8360,0.7734,2.4609
8361,0.7742,2.4623
8362,0.7738,2.4623
8363,0.7734,2.5257
8364,0.7733,2.4618
8365,0.7735,2.4619
8366,0.7735,2.4655
8367,0.7977,2.4999
8368,0.7743,2.4622
8369,0.7739,2.4624
8370,0.7738,2.4693
8371,0.7738,2.4968
8372,0.7735,2.4606
8373,0.7728,2.4611
8374,0.7746,2.4614
8375,0.7741,2.4864
8376,0.7729,2.4618
8377,0.7718,2.4619
8378,0.7795,2.4618
8379,0.7732,2.4845
8380,0.8084,2.4613
8381,0.7726,2.4610
8382,0.7725,2.4619
8383,0.7729,2.4800
8384,0.7716,2.4613
8385,0.7721,2.4612
8386,0.7739,2.4928
8387,0.7716,2.4829
8388,0.7722,2.4609
8389,0.7727,2.4568
8390,0.7725,2.4625
8391,0.7726,2.4835
8392,0.7739,2.4602
8393,0.8084,2.4595
8394,0.7727,2.4660
8395,0.7716,2.4692
8396,0.7783,2.4837
8397,0.7727,2.4636
8398,0.7770,2.4694
8399,0.7722,2.4696
8400,0.7722,2.4886
8401,0.7727,2.4650
8402,0.7726,2.4638
8403,0.7731,2.4620
8404,0.7724,2.4838
8405,0.7728,2.4595
8406,0.8024,2.4593
8407,0.7741,2.4651
8408,0.7741,2.4740
8409,0.7731,2.4501
8410,0.7744,2.4499
8411,0.7753,2.4504
8412,0.7743,2.4769
8413,0.7740,2.4556
8414,0.7751,2.4676
8415,0.7740,2.4655
8416,0.7742,2.4867
8417,0.7753,2.4630
8418,0.7744,2.4679
8419,0.8030,2.4642
8420,0.7738,2.4869
8421,0.7729,2.4598
8422,0.7727,2.4640
8423,0.7731,2.4651
8424,0.7733,2.5109
8425,0.7721,2.4620
8426,0.7707,2.6014
8427,0.7724,2.6080
8428,0.7723,2.6258
8429,0.7728,2.4502
8430,0.7721,2.4678
8431,0.7724,2.4659
8432,0.8140,2.5052
8433,0.7713,2.4660
8434,0.7699,2.5228
8435,0.7702,2.7808
8436,0.7706,2.5073
8437,0.7710,2.4626
8438,0.7703,2.4628
8439,0.7707,2.4622
8440,0.7716,2.5006
8441,0.7705,2.4623
8442,0.7708,2.4608
8443,0.7707,2.4600
8444,0.7710,2.5392
8445,0.8091,2.4784
8446,0.7741,2.4613
8447,0.7735,2.4671
8448,0.7727,2.5092
8449,0.7729,2.4655
8450,0.7732,2.4628
8451,0.7726,2.4625
8452,0.7734,2.8335
8453,0.7730,2.4949
8454,0.7727,2.4598
8455,0.7731,2.4612
8456,0.7733,2.4949
8457,0.7974,2.4599
8458,0.7751,2.4604
8459,0.7742,2.4617
8460,0.7734,2.4861
8461,0.7748,2.5116
8462,0.7755,2.4483
8463,0.7751,2.4494
8464,0.7752,2.4869
8465,0.7743,2.4626
8466,0.7750,2.4621
8467,0.7742,2.4624
8468,0.7739,2.4881
8469,0.7739,2.4608
8470,0.8066,2.4608
8471,0.7735,2.4612
8472,0.7744,2.4991
8473,0.7747,2.4615
8474,0.7783,2.4614
8475,0.7754,2.4601
8476,0.7740,2.4873
8477,0.7748,2.4601
8478,0.7781,2.4605
8479,0.7801,2.4607
8480,0.7738,2.5130
8481,0.7790,2.4614
8482,0.7748,2.4604
8483,0.8140,2.4615
8484,0.7715,2.4910
8485,0.7730,2.4618
8486,0.7714,2.4634
8487,0.7709,2.4648
8488,0.7723,2.4993
8489,0.7719,2.4605
8490,0.7729,2.4619
8491,0.7715,2.4607
8492,0.7733,2.4867
8493,0.7718,2.4613
8494,0.7718,2.4626
8495,0.7726,2.4608
8496,0.8100,2.4907
8497,0.7759,2.4617
8498,0.7733,2.4624
8499,0.7730,2.4616
8500,0.7742,2.5932
8501,0.7745,2.4618
8502,0.7741,2.4613
8503,0.7745,2.4614
8504,0.7737,2.4946
8505,0.7742,2.5352
8506,0.7749,2.4605
8507,0.7734,2.4613
8508,0.7753,2.5458
8509,0.8036,2.5557
8510,0.7733,2.4625
8511,0.7720,2.4615
8512,0.7739,2.5122
8513,0.7711,2.4575
8514,0.7720,2.4605
8515,0.7716,2.4666
8516,0.7731,2.5162
8517,0.7734,2.4669
8518,0.7731,2.4624
8519,0.7728,2.4612
8520,0.7736,2.5279
8521,0.7727,2.4662
8522,0.7994,2.4614
8523,0.7724,2.4621
8524,0.7727,2.4895
8525,0.7737,2.4614
8526,0.7732,2.4608
8527,0.7726,2.4607
8528,0.7743,2.4790
8529,0.7741,2.4634
8530,0.7742,2.4607
8531,0.7724,2.4615
8532,0.7725,2.4613
8533,0.7727,2.4828
8534,0.7731,2.4617
8535,0.7993,2.4618
8536,0.7737,2.4617
8537,0.7735,2.4820
8538,0.7729,2.4613
8539,0.7733,2.4614
8540,0.7729,2.4612
8541,0.7755,2.4817
8542,0.7734,2.4625
8543,0.7729,2.4627
8544,0.7722,2.4610
8545,0.7744,2.4946
8546,0.7728,2.4642
8547,0.7722,2.4615
8548,0.8266,2.4618
8549,0.7719,2.5136
8550,0.7696,2.4613
8551,0.7725,2.4616
8552,0.7714,2.4609
8553,0.7718,2.5244
8554,0.7721,2.4626
8555,0.7724,2.4625
8556,0.7708,2.4646
8557,0.7710,2.4873
8558,0.7707,2.4611
8559,0.7715,2.4616
8560,0.7706,2.4611
8561,0.7989,2.5209
8562,0.7742,2.4605
8563,0.7735,2.4669
8564,0.7737,2.4617
8565,0.7744,2.5074
8566,0.7794,2.4631
8567,0.7722,2.4634
8568,0.7746,2.4636
8569,0.7741,2.5110
8570,0.7744,2.4614
8571,0.7775,2.4606
8572,0.7735,2.4611
8573,0.7948,2.5000
8574,0.7756,2.4607
8575,0.7740,2.4610
8576,0.7731,2.4614
8577,0.7742,2.4943
8578,0.7740,2.4611
8579,0.7744,2.4610
8580,0.7734,2.4612
8581,0.7734,2.5096
8582,0.7742,2.4612
8583,0.7731,2.4605
8584,0.7757,2.4599
8585,0.7748,2.4951
8586,0.7945,2.4617
8587,0.7728,2.4626
8588,0.7736,2.4917
8589,0.7735,2.4814
8590,0.7738,2.4611
8591,0.7732,2.4618
8592,0.7740,2.4623
8593,0.7746,2.4927
8594,0.7747,2.4620
8595,0.7738,2.4630
8596,0.7736,2.4643
8597,0.7732,2.4909
8598,0.7728,2.4637
8599,0.8130,2.4651
8600,0.7705,2.4642
8601,0.7706,2.4863
8602,0.7720,2.4611
8603,0.7720,2.4611
8604,0.7717,2.4612
8605,0.7728,2.4823
8606,0.7712,2.4603
8607,0.7725,2.4603
8608,0.7730,2.4604
8609,0.7723,2.4898
8610,0.7712,2.4616
8611,0.7718,2.4621
8612,0.8423,2.4607
8613,0.7747,2.4829
8614,0.7742,2.4607
8615,0.7744,2.4625
8616,0.7741,2.4609
8617,0.7747,2.4612
8618,0.7745,2.5047
8619,0.7749,2.4622
8620,0.7747,2.4623
8621,0.7779,2.4627
8622,0.7753,2.4816
8623,0.7731,2.4607
8624,0.7752,2.4607
8625,0.8108,2.4608
8626,0.7733,2.4830
8627,0.7741,2.4601
8628,0.7746,2.4604
8629,0.7740,2.4605
8630,0.7739,2.4948
8631,0.7742,2.4611
8632,0.7737,2.4609
8633,0.7749,2.4623
8634,0.7745,2.4939
8635,0.7746,2.4615
8636,0.7754,2.4617
8637,0.7732,2.4607
8638,0.8009,2.4826
8639,0.7740,2.4612
8640,0.7748,2.4611
8641,0.7743,2.4604
8642,0.7744,2.4897
8643,0.7746,2.4601
8644,0.7742,2.4607
8645,0.7733,2.4613
8646,0.7749,2.5015
8647,0.7743,2.4633
8648,0.7736,2.4631
8649,0.7738,2.4615
8650,0.7744,2.4998
8651,0.7991,2.9314
8652,0.7748,3.2342
8653,0.7762,3.3506
8654,0.7739,3.2046
8655,0.7794,3.2098
8656,0.7756,3.2160
8657,0.7750,3.1824
8658,0.7744,3.2086
8659,0.7745,2.9749
8660,0.7751,2.9425
8661,0.7738,2.4686
8662,0.7745,2.4642
8663,0.7740,2.5608
8664,0.8038,2.4636
8665,0.7714,2.4870
8666,0.7696,2.4843
8667,0.7708,2.4990
8668,0.7701,2.4833
8669,0.7715,2.4775
8670,0.7710,2.4606
8671,0.7711,2.5183
8672,0.7712,2.4541
8673,0.7705,2.4828
8674,0.7705,2.4609
8675,0.7722,2.4872
8676,0.7993,2.4617
8677,0.7737,2.4616
8678,0.7706,2.4618
8679,0.7706,2.4628
8680,0.7700,2.4870
8681,0.7717,2.4621
8682,0.7703,2.4627
8683,0.7708,2.4616
8684,0.7714,2.4939
8685,0.7715,2.4608
8686,0.7770,2.4613
8687,0.7705,2.4605
8688,0.7711,2.4901
8689,0.8033,2.4612
8690,0.7717,2.4767
8691,0.7719,2.4696
8692,0.7716,2.4876
8693,0.7703,2.4751
8694,0.7701,2.4591
8695,0.7714,2.4596
8696,0.7719,2.4880
8697,0.7710,2.4593
8698,0.7705,2.4598
8699,0.7714,2.4596
8700,0.7713,2.4810
8701,0.7698,2.4603
8702,0.7866,2.4596
8703,0.7710,2.4599
8704,0.7722,2.4815
8705,0.7716,2.4605
8706,0.7727,2.4598
8707,0.7713,2.4604
8708,0.7720,2.4841
8709,0.7709,2.4616
8710,0.7713,2.4607
8711,0.7716,2.4612
8712,0.7707,2.4864
8713,0.7710,2.4621
8714,0.7699,2.4618
8715,0.8120,2.4617
8716,0.7702,2.4864
8717,0.7713,2.4608
8718,0.7707,2.4606
8719,0.7748,2.4607
8720,0.7713,2.5345
8721,0.7703,2.4611
8722,0.7700,2.4621
8723,0.7690,2.4625
8724,0.7723,2.5031
8725,0.7703,2.4608
8726,0.7700,2.4608
8727,0.7717,2.4612
8728,0.7955,2.4785
8729,0.7736,2.5441
8730,0.7728,2.4676
8731,0.7740,2.4610
8732,0.7744,2.5083
8733,0.7750,2.4606
8734,0.7783,2.4610
8735,0.7733,2.4615
8736,0.7743,2.4857
8737,0.7738,2.4601
8738,0.7776,2.4610
8739,0.7736,2.4599
8740,0.7737,2.4833
8741,0.8025,2.4607
8742,0.7742,2.4617
8743,0.7741,2.4604
8744,0.7741,2.4876
8745,0.7743,2.4609
8746,0.7743,2.4602
8747,0.7749,2.4604
8748,0.7744,2.4908
8749,0.7745,2.4607
8750,0.7740,2.4602
8751,0.7735,2.4601
8752,0.7736,2.4925
8753,0.7741,2.4592
8754,0.8056,2.4598
8755,0.7719,2.4604
8756,0.7710,2.5034
8757,0.7737,2.4603
8758,0.7789,2.4603
8759,0.7727,2.4602
8760,0.7747,2.5070
8761,0.7743,2.4609
8762,0.7736,2.4620
8763,0.7754,2.4618
8764,0.7718,2.4601
8765,0.7782,2.5193
8766,0.7739,2.4612
8767,0.8143,2.4608
8768,0.7739,2.4609
8769,0.7703,2.4925
8770,0.7730,2.4604
8771,0.7752,2.4615
8772,0.7717,2.4613
8773,0.7725,2.5070
8774,0.7725,2.4610
8775,0.7724,2.4607
8776,0.7735,2.4610
8777,0.7732,2.5014
8778,0.7717,2.4615
8779,0.7723,2.4606
8780,0.8044,2.4615
8781,0.7736,2.4937
8782,0.7738,2.4592
8783,0.7749,2.4592
8784,0.7746,2.4592
8785,0.7736,2.4849
8786,0.7751,2.4596
8787,0.7753,2.4909
8788,0.7749,2.4613
8789,0.7743,2.4835
8790,0.7743,2.4598
8791,0.7787,2.4762
8792,0.7745,2.4601
8793,0.7980,2.4804
8794,0.7732,2.4595
8795,0.7754,2.4584
8796,0.7744,2.4591
8797,0.7754,2.5169
8798,0.7748,2.4603
8799,0.7736,2.4609
8800,0.7911,2.4606
8801,0.7731,2.4861
8802,0.7720,2.4608
8803,0.7731,2.4610
8804,0.7742,2.4606
8805,0.7938,2.4870
8806,0.7747,2.4610
8807,0.7747,2.4604
8808,0.7794,2.4781
8809,0.7796,2.4938
8810,0.7751,2.4613
8811,0.7740,2.4626
8812,0.7730,2.4615
8813,0.7747,2.4886
8814,0.7744,2.4619
8815,0.7733,2.4626
8816,0.7833,2.4634
8817,0.7991,2.4826
8818,0.8527,2.4603
8819,0.8112,2.4605
8820,0.7996,2.4608
8821,0.7946,2.4980
8822,0.7949,2.4614
8823,0.7935,2.4622
8824,0.8080,2.4610
8825,0.8717,2.4862
8826,0.8047,2.4609
8827,0.8041,2.5804
8828,0.8044,2.6399
8829,0.8042,2.8572
8830,0.7779,2.5330
8831,0.8103,2.4613
8832,0.7716,2.4610
8833,0.7742,2.4903
8834,0.7716,2.4529
8835,0.7736,2.4638
8836,0.7739,2.4644
8837,0.7731,2.5002
8838,0.7787,2.4613
8839,0.7754,2.4620
8840,0.7741,2.4611
8841,0.7749,2.4955
8842,0.7751,2.4630
8843,0.7940,2.4621
8844,0.7717,2.4626
8845,0.7727,2.4946
8846,0.7731,2.4608
8847,0.7714,2.4624
8848,0.7727,2.4621
8849,0.7701,2.4925
8850,0.7726,2.4628
8851,0.7722,2.4632
8852,0.7732,2.4624
8853,0.7734,2.5015
8854,0.7723,2.4622
8855,0.7725,2.4862
8856,0.8099,2.4619
8857,0.7722,2.4871
8858,0.7734,2.4644
8859,0.7767,2.4634
8860,0.7730,2.4629
8861,0.7732,2.4922
8862,0.7753,2.4624
8863,0.7741,2.4634
8864,0.7726,2.4628
8865,0.7734,2.4875
8866,0.7724,2.4611
8867,0.7730,2.4617
8868,0.7763,2.4620
8869,0.7945,2.4807
8870,0.7779,2.4610
8871,0.7750,2.4605
8872,0.7803,2.4611
8873,0.7742,2.4609
8874,0.7736,2.4866
8875,0.7744,2.4620
8876,0.7793,2.4618
8877,0.7742,2.4621
8878,0.7743,2.4812
8879,0.7755,2.4615
8880,0.7753,2.4606
8881,0.7765,2.4599
8882,0.7955,2.4883
8883,0.7750,2.4646
8884,0.7749,2.4668
8885,0.7758,2.4676
8886,0.7745,2.4864
8887,0.7752,2.4632
8888,0.7746,2.4625
8889,0.7764,2.4643
8890,0.7763,2.4935
8891,0.7746,2.4629
8892,0.7784,2.4577
8893,0.7789,2.4613
8894,0.7757,2.4860
8895,0.8093,2.4589
8896,0.7752,2.4595
8897,0.7755,2.4593
8898,0.7753,2.4884
8899,0.7756,2.4617
8900,0.7733,2.4629
8901,0.7788,2.4623
8902,0.7789,2.4891
8903,0.7761,2.4620
8904,0.7745,2.4606
8905,0.7771,2.4616
8906,0.7747,2.4844
8907,0.7753,2.4609
8908,0.7932,2.4620
8909,0.7757,2.4616
8910,0.7799,2.4859
8911,0.7752,2.4612
8912,0.7773,2.4780
8913,0.7754,2.5758
8914,0.7767,2.4949
8915,0.7750,2.4619
8916,0.7746,2.4612
8917,0.7745,2.4614
8918,0.7755,2.5057
8919,0.7748,2.4616
8920,0.7763,2.4623
8921,0.7956,2.4621
8922,0.7752,2.5160
8923,0.7748,2.4607
8924,0.7756,2.4612
8925,0.7745,2.4871
8926,0.7748,2.4824
8927,0.7743,2.4619
8928,0.7758,2.4608
8929,0.7743,2.4629
8930,0.7752,2.4943
8931,0.7757,2.4612
8932,0.7751,2.4610
8933,0.8166,2.4616
8934,0.7716,2.4850
8935,0.7730,2.4620
8936,0.7742,2.4627
8937,0.7721,2.4620
8938,0.7729,2.4859
8939,0.7720,2.4616
8940,0.7726,2.4619
8941,0.7735,2.4616
8942,0.7731,2.4841
8943,0.7723,2.4616
8944,0.7730,2.4611
8945,0.7738,2.4611
8946,0.8105,2.4896
8947,0.7744,2.4620
8948,0.7732,2.4617
8949,0.7745,2.4620
8950,0.7756,2.4877
8951,0.7746,2.4627
8952,0.7740,2.4623
8953,0.7749,2.4627
8954,0.7758,2.4829
8955,0.7754,2.4645
8956,0.7746,2.4634
8957,0.7722,2.4632
8958,0.7747,2.4630
8959,0.8014,2.4832
8960,0.7748,2.4619
8961,0.7745,2.4614
8962,0.7738,2.4622
8963,0.7745,2.4814
8964,0.7748,2.4610
8965,0.7751,2.4610
8966,0.7748,2.4623
8967,0.7742,2.4924
8968,0.7747,2.4626
8969,0.7741,2.4609
8970,0.7748,2.4604
8971,0.7731,2.4837
8972,0.8049,2.4606
8973,0.7744,2.4605
8974,0.7727,2.4751
8975,0.7741,2.4887
8976,0.7731,2.4618
8977,0.7735,2.4607
8978,0.7730,2.4609
8979,0.7735,2.4867
8980,0.7732,2.4626
8981,0.7741,2.4764
8982,0.7719,2.4618
8983,0.7709,2.4854
8984,0.7737,2.4612
8985,0.8076,2.4614
8986,0.7735,2.4611
8987,0.7727,2.4877
8988,0.7737,2.4612
8989,0.7727,2.4724
8990,0.7742,2.4775
8991,0.7730,2.4867
8992,0.7733,2.4639
8993,0.7731,2.4623
8994,0.7747,2.4636
8995,0.7729,2.4823
8996,0.7746,2.4635
8997,0.7735,2.4630
8998,0.8000,2.4631
8999,0.7738,2.4806
9000,0.7742,2.4631
9001,0.7723,2.4630
9002,0.7759,2.4626
9003,0.7757,2.4914
9004,0.7765,2.4633
9005,0.7739,2.4620
9006,0.7746,2.4625
9007,0.7735,2.4825
9008,0.7731,2.4603
9009,0.7743,2.4605
9010,0.7727,2.4608
9011,0.7952,2.4759
9012,0.7740,2.4601
9013,0.7740,2.4609
9014,0.7730,2.4604
9015,0.7748,2.4834
9016,0.7735,2.4630
9017,0.7732,2.4615
9018,0.7736,2.4617
9019,0.7726,2.4821
9020,0.7728,2.4623
9021,0.7741,2.4625
9022,0.7736,2.4631
9023,0.7729,2.4818
9024,0.7978,2.4624
9025,0.7741,2.4627
9026,0.7739,2.4620
9027,0.7732,2.4803
9028,0.7726,2.4618
9029,0.7730,2.4611
9030,0.7738,2.4612
9031,0.7731,2.4810
9032,0.7740,2.4622
9033,0.7734,2.4620
9034,0.7740,2.4617
9035,0.7737,2.4778
9036,0.7725,2.4622
9037,0.7953,2.4615
9038,0.7733,2.4618
9039,0.7731,2.4616
9040,0.7740,2.4876
9041,0.7733,2.4616
9042,0.7745,2.4606
9043,0.7736,2.4618
9044,0.7734,2.4879
9045,0.7732,2.4616
9046,0.7742,2.4612
9047,0.7732,2.4612
9048,0.7737,2.4906
9049,1.6150,2.4615
9050,0.7749,2.4628
9051,0.7768,2.4622
9052,0.7731,2.4873
9053,0.7734,2.4692
9054,0.7740,2.4663
9055,0.7738,2.4624
9056,0.7767,2.5041
9057,0.7737,2.4920
9058,0.7737,2.4598
9059,0.7791,2.4599
9060,0.7731,2.4821
9061,0.8114,2.4593
9062,0.7737,2.4592
9063,0.7747,2.4662
9064,0.7743,2.4911
9065,0.7733,2.4597
9066,0.7733,2.4609
9067,0.7731,2.4602
9068,0.7734,2.4862
9069,0.7740,2.4620
9070,0.7747,2.4619
9071,0.7737,2.4611
9072,0.7739,2.4910
9073,0.7732,2.4607
9074,0.8061,2.4604
9075,0.7714,2.4603
9076,0.7713,2.4846
9077,0.7744,2.4609
9078,0.7719,2.4610
9079,0.7780,2.4619
9080,0.7767,2.4790
9081,0.7710,2.4620
9082,0.7743,2.4616
9083,0.7706,2.4623
9084,0.7719,2.4839
9085,0.7728,2.4623
9086,0.7733,2.4622
9087,0.8228,2.4627
9088,0.7714,2.4856
9089,0.7713,2.4619
9090,0.7725,2.4618
9091,0.7763,2.4615
9092,0.7733,2.4813
9093,0.7706,2.4598
9094,0.7720,2.4618
9095,0.7720,2.4614
9096,0.7712,2.4821
9097,0.7716,2.4610
9098,0.7706,2.4619
9099,0.7712,2.4612
9100,0.7960,2.4825
9101,0.7711,2.4620
9102,0.7733,2.4616
9103,0.7752,2.4619
9104,0.7719,2.4816
9105,0.7716,2.4625
9106,0.7734,2.4615
9107,0.7725,2.4613
9108,0.7721,2.4781
9109,0.7720,2.4620
9110,0.7723,2.4617
9111,0.7725,2.4620
9112,0.7717,2.4823
9113,0.7954,2.4606
9114,0.7717,2.4599
9115,0.7732,2.4603
9116,0.7723,2.4600
9117,0.7745,2.4812
9118,0.7739,2.4600
9119,0.7737,2.4617
9120,0.7737,2.4617
9121,0.7735,2.4799
9122,0.7725,2.4604
9123,0.7740,2.4778
9124,0.7726,2.4604
9125,0.7732,2.5085
9126,0.8054,2.4702
9127,0.7740,2.4643
9128,0.7746,2.4626
9129,0.7730,2.4912
9130,0.7739,2.4613
9131,0.7739,2.4611
9132,0.7735,2.4610
9133,0.7739,2.4844
9134,0.7740,2.4612
9135,0.7739,2.4601
9136,0.7740,2.4606
9137,0.7767,2.4888
9138,0.7803,2.4609
9139,0.7997,2.4601
9140,0.7819,2.4604
9141,0.7739,2.4755
9142,0.7744,2.4611
9143,0.7733,2.4599
9144,0.7727,2.4610
9145,0.7719,2.4798
9146,0.7735,2.4602
9147,0.7731,2.4600
9148,0.7729,2.4601
9149,0.7735,2.4775
9150,0.7756,2.4610
9151,0.8120,2.4600
9152,0.7731,2.4609
9153,0.7729,2.4792
9154,0.7725,2.4595
9155,0.7721,2.4608
9156,0.7736,2.4613
9157,0.7721,2.4804
9158,0.7727,2.4616
9159,0.7728,2.4604
9160,0.7716,2.4603
9161,0.7720,2.4822
9162,0.7726,2.4610
9163,0.7733,2.4603
9164,0.7945,2.4603
9165,0.7742,2.4816
9166,0.7738,2.4606
9167,0.7736,2.4598
9168,0.7738,2.4591
9169,0.7740,2.4924
9170,0.7749,2.4606
9171,0.7737,2.4611
9172,0.7742,2.4615
9173,0.7740,2.4812
9174,0.7748,2.4629
9175,0.7758,2.6406
9176,0.7738,2.8344
9177,0.8020,2.9654
9178,0.7745,3.2144
9179,0.7740,3.2015
9180,0.7735,3.2419
9181,0.7746,3.1017
9182,0.7737,3.1215
9183,0.7747,3.1759
9184,0.7746,3.1484
9185,0.7750,3.1247
9186,0.7750,3.1599
9187,0.7739,3.1908
9188,0.7740,3.1841
9189,0.7743,2.9657
9190,0.8141,2.5321
9191,0.7740,2.4628
9192,0.7736,2.4616
9193,0.7718,2.4613
9194,0.7742,2.4846
9195,0.7749,2.4625
9196,0.7730,2.4622
9197,0.7744,2.4621
9198,0.7744,2.4836
9199,0.7752,2.4659
9200,0.7722,2.4624
9201,0.7768,2.4644
9202,0.7727,2.4879
9203,0.8124,2.4618
9204,0.7737,2.4621
9205,0.7725,2.4621
9206,0.7741,2.4833
9207,0.7768,2.4615
9208,0.7731,2.4660
9209,0.7746,2.4645
9210,0.7733,2.4902
9211,0.7737,2.4631
9212,0.7741,2.4642
9213,0.7733,2.4635
9214,0.7741,2.4981
9215,0.7740,2.4611
9216,0.7988,2.4608
9217,0.7748,2.4609
9218,0.7757,2.4824
9219,0.7734,2.4930
9220,0.7733,2.4605
9221,0.7880,2.4610
9222,0.8108,2.4994
9223,0.7684,2.4612
9224,0.7696,2.4608
9225,0.7705,2.6208
9226,0.7703,2.6415
9227,0.7704,2.6135
9228,0.7737,2.4534
9229,0.7968,2.4657
9230,0.7738,2.5056
9231,0.7726,2.4632
9232,0.7744,2.4614
9233,0.7716,2.4651
9234,0.7747,2.5055
9235,0.7740,2.4631
9236,0.7733,2.4625
9237,0.7737,2.4625
9238,0.7726,2.5095
9239,0.7730,2.4638
9240,0.7735,2.4632
9241,0.7736,2.4644
9242,0.8168,2.4946
9243,0.7720,2.4632
9244,0.7730,2.4681
9245,0.7726,2.4699
9246,0.7722,2.5037
9247,0.7735,2.4603
9248,0.7722,2.4650
9249,0.7726,2.4606
9250,0.7723,2.5044
9251,0.7729,2.4612
9252,0.7713,2.4630
9253,0.7720,2.4619
9254,0.8040,2.4869
9255,0.7748,2.4629
9256,0.7739,2.4620
9257,0.7747,2.4625
9258,0.7734,2.4901
9259,0.7742,2.4629
9260,0.7748,2.4627
9261,0.7740,2.4628
9262,0.7748,2.4872
9263,0.7738,2.4620
9264,0.7747,2.4615
9265,0.7754,2.4607
9266,0.7738,2.4893
9267,0.7975,2.4614
9268,0.7745,2.4604
9269,0.7761,2.4605
9270,0.7746,2.4603
9271,0.7752,2.9497
9272,0.7743,2.4622
9273,0.7739,2.4609
9274,0.7742,2.6808
9275,0.7746,2.5860
9276,0.7750,2.4617
9277,0.7749,2.4607
9278,0.7741,2.5043
9279,0.7734,2.4624
9280,0.8012,2.4613
9281,0.7753,2.4609
9282,0.7752,2.4925
9283,0.7744,2.4602
9284,0.7755,2.4603
9285,0.7751,2.4590
9286,0.7758,2.4819
9287,0.7752,2.9059
9288,0.7754,2.6372
9289,0.7732,2.5248
9290,0.7763,2.4975
9291,0.7751,2.4627
9292,0.7745,2.4608
9293,0.8020,2.4613
9294,0.7756,2.4939
9295,0.7746,2.4646
9296,0.7774,2.4624
9297,0.7764,2.4617
9298,0.7740,2.4970
9299,0.7752,2.4611
9300,0.7753,2.4610
9301,0.7750,2.4606
9302,0.7751,2.5000
9303,0.7757,2.4608
9304,0.7757,2.4618
9305,0.7748,2.4611
9306,0.7950,2.4920
9307,0.7738,2.4618
9308,0.7737,2.4611
9309,0.7731,2.4615
9310,0.7750,2.4963
9311,0.7737,2.4623
9312,0.7721,2.4605
9313,0.7736,2.4611
9314,0.7744,2.5917
9315,0.7731,2.5775
9316,0.7734,2.4599
9317,0.7734,2.4604
9318,0.7738,2.4840
9319,0.7898,2.4514
9320,0.7719,2.4581
9321,0.7721,2.4652
9322,0.7733,2.4846
9323,0.7713,2.4666
9324,0.7710,2.4650
9325,0.7764,2.4668
9326,0.7723,2.4643
9327,0.7718,2.4879
9328,0.7711,2.9556
9329,0.7698,2.4606
9330,0.7707,2.4826
9331,0.7705,2.4607
9332,0.7997,2.4599
9333,0.7735,2.4612
9334,0.7771,2.4837
9335,0.7739,2.4609
9336,0.7733,2.4614
9337,0.7729,2.4638
9338,0.7738,2.4612
9339,0.7743,2.4901
9340,0.7735,2.4608
9341,0.7742,2.4608
9342,0.7727,2.9046
9343,0.7721,2.4611
9344,0.7744,2.4603
9345,0.7975,2.5877
9346,0.7735,2.5402
9347,0.7727,2.4609
9348,0.7725,2.4610
9349,0.7738,2.5760
9350,0.7724,2.4801
9351,0.7732,2.4616
9352,0.7739,2.4606
9353,0.7730,2.4604
9354,0.7731,2.4794
9355,0.7774,2.4607
9356,0.7735,2.4602
9357,0.7740,2.4617
9358,0.7990,2.4840
9359,0.7721,2.4624
9360,0.7720,2.4617
9361,0.7729,2.4620
9362,0.7730,2.4641
9363,0.7736,2.4908
9364,0.7727,2.4618
9365,0.7733,2.4621
9366,0.7718,2.4614
9367,0.7733,2.4862
9368,0.7712,2.4605
9369,0.7742,2.4606
9370,0.7879,2.4618
9371,0.7740,2.5385
9372,0.7733,2.4606
9373,0.7730,2.4600
9374,0.7735,2.4606
9375,0.7736,2.4870
9376,0.7736,2.4611
9377,0.7738,2.4618
9378,0.7738,2.4626
9379,0.7723,2.4827
9380,0.7730,2.4605
9381,0.7724,2.4605
9382,0.7725,2.4607
9383,0.7930,2.4833
9384,0.7740,2.7259
9385,0.7739,2.4617
9386,0.7742,2.4611
9387,0.7739,2.7058
9388,0.7746,2.8266
9389,0.7733,2.4684
9390,0.7714,2.4725
9391,0.7724,2.5113
9392,0.7726,2.4619
9393,0.7743,2.4621
9394,0.7740,2.4640
9395,0.7736,2.4931
9396,0.8012,2.4630
9397,0.7727,2.4769
9398,0.7727,2.4618
9399,0.7717,2.4822
9400,0.7728,3.2331
9401,0.7729,2.4654
9402,0.7714,2.5655
9403,0.7716,2.5676
9404,0.7729,2.4620
9405,0.7731,2.4631
9406,0.7729,2.4846
9407,0.7729,2.4628
9408,0.7718,2.4619
9409,0.7995,2.4634
9410,0.7728,2.4827
9411,0.7708,2.4607
9412,0.7729,2.4608
9413,0.7724,2.4617
9414,0.7721,2.4864
9415,0.7714,2.4621
9416,0.7726,2.4616
9417,0.7731,2.4612
9418,0.7711,2.4770
9419,0.7723,2.4622
9420,0.7726,2.4610
9421,0.7718,2.4771
9422,0.7970,2.4776
9423,0.7747,2.4893
9424,0.7744,2.4615
9425,0.7744,2.4645
9426,0.7739,2.4614
9427,0.7730,2.5661
9428,0.7738,2.4621
9429,0.7781,2.4615
9430,0.7738,2.4641
9431,0.7764,2.4849
9432,0.7727,2.4629
9433,0.7780,2.4619
9434,0.7739,2.4625
9435,0.8055,2.4845
9436,0.7808,2.4615
9437,0.7746,2.7406
9438,0.7738,2.4615
9439,0.7733,2.4813
9440,0.7756,2.4602
9441,0.7752,2.4630
9442,0.7741,2.4599
9443,0.7745,2.4840
9444,0.7773,2.4615
9445,0.7748,2.4616
9446,0.7737,2.4614
9447,0.7786,2.4802
9448,0.8033,2.4611
9449,0.7730,2.4619
9450,0.7742,2.4603
9451,0.7753,3.0079
9452,0.7732,2.6129
9453,0.7742,2.6307
9454,0.7742,2.4891
9455,0.7739,2.4615
9456,0.7749,2.9192
9457,0.7725,2.4950
9458,0.7736,2.5017
9459,0.7739,2.7000
9460,0.7743,2.4611
9461,0.7941,2.4801
9462,0.7744,2.6640
9463,0.7737,2.5521
9464,0.7757,2.4609
9465,0.7750,2.4607
9466,0.7744,2.5135
9467,0.7719,2.5644
9468,0.7755,2.4619
9469,0.7732,2.4612
9470,0.7736,2.5005
9471,0.7736,2.4619
9472,0.7723,2.4617
9473,0.7756,2.4662
9474,0.8124,2.4838
9475,0.7730,2.4619
9476,0.7723,2.4617
9477,0.7721,2.4646
9478,0.7713,2.5688
9479,0.7728,2.4624
9480,0.7725,2.4662
9481,0.7733,2.5281
9482,0.7726,2.4841
9483,0.7723,2.4508
9484,0.7718,2.4578
9485,0.7728,2.4638
9486,0.7930,2.4842
9487,0.7725,2.4565
9488,0.7713,2.4554
9489,0.7706,2.4651
9490,0.7700,2.8815
9491,0.7715,2.4852
9492,0.7717,2.4624
9493,0.7721,2.4616
9494,0.7718,2.4965
9495,0.7712,2.4619
9496,0.7723,2.4618
9497,0.7726,2.4618
9498,0.7722,2.5142
9499,0.7942,2.4616
9500,0.7721,2.4617
9501,0.7713,2.4619
9502,0.7730,2.4881
9503,0.7707,2.4603
9504,0.7743,2.7416
9505,0.7717,2.8073
9506,0.7730,2.5672
9507,0.7716,2.4622
9508,0.7720,2.4630
9509,0.7719,2.4627
9510,0.7732,3.1017
9511,0.7724,2.5824
9512,0.7931,2.4620
9513,0.7720,2.4623
9514,0.7732,2.4813
9515,0.7720,2.4632
9516,0.7715,2.4633
9517,0.7725,2.4623
9518,0.7727,2.4911
9519,0.7723,2.4631
9520,0.7748,2.4630
9521,0.7734,2.4615
9522,0.7723,2.4923
9523,0.7744,2.4608
9524,0.7727,2.4605
9525,0.7961,2.4619
9526,0.7733,2.4849
9527,0.7739,2.4614
9528,0.7730,2.4627
9529,0.7734,2.4623
9530,0.7718,2.5444
9531,0.7731,2.4612
9532,0.7717,2.4617
9533,0.7763,2.4611
9534,0.7729,2.4842
9535,0.7732,2.4614
9536,0.7723,2.4622
9537,0.7732,2.4623
9538,0.8120,2.4880
9539,0.7713,2.4626
9540,0.7710,2.4622
9541,0.7709,2.4623
9542,0.7703,2.4945
9543,0.7705,2.7578
9544,0.7711,2.4617
9545,0.7711,2.4626
9546,0.7708,2.4914
9547,0.7702,2.4626
9548,0.7706,2.4615
9549,0.7694,2.4623
9550,0.7712,2.4883
9551,0.8007,2.4611
9552,0.7720,2.4614
9553,0.7737,2.4630
9554,0.7734,2.4972
9555,0.7723,2.4637
9556,0.7740,2.4617
9557,0.7728,2.4630
9558,0.7742,2.4930
9559,0.7732,2.4622
9560,0.7743,2.4620
9561,0.7733,2.4791
9562,0.7738,2.7231
9563,0.7726,2.6345
9564,0.8019,2.4613
9565,0.7726,2.9978
9566,0.7721,2.6142
9567,0.7737,2.4533
9568,0.7714,2.4604
9569,0.7706,2.4628
9570,0.7709,2.4861
9571,0.7704,2.4623
9572,0.7716,2.4607
9573,0.7707,2.4630
9574,0.7706,2.4842
9575,0.7708,2.4614
9576,0.7703,2.4612
9577,0.8077,2.4619
9578,0.7722,2.4899
9579,0.7710,2.4628
9580,0.7699,2.4611
9581,0.7704,2.4654
9582,0.7711,2.5033
9583,0.7704,2.4625
9584,0.7702,2.4653
9585,0.7722,2.4640
9586,0.7706,2.5697
9587,0.7708,2.4640
9588,0.7686,2.4615
9589,0.7710,2.5076
9590,0.7937,2.5050
9591,0.7702,2.4611
9592,0.7719,2.4630
9593,0.7714,2.4639
9594,0.7708,2.4886
9595,0.7714,2.4623
9596,0.7718,2.8641
9597,0.7703,2.4613
9598,0.7698,2.4917
9599,0.7704,2.4608
9600,0.7719,2.4609
9601,0.7701,2.4606
9602,0.7703,2.4901
9603,0.7931,2.4609
9604,0.7712,2.4599
9605,0.7755,2.4601
9606,0.7717,2.4842
9607,0.7720,2.4608
9608,0.7691,2.4600
9609,0.7703,2.4604
9610,0.7719,2.4782
9611,0.7715,2.4607
9612,0.7723,2.4599
9613,0.7706,2.9115
9614,0.7712,2.4900
9615,0.7708,2.4614
9616,0.7993,2.6098
9617,0.7727,2.4610
9618,0.7728,2.4788
9619,0.7725,2.9396
9620,0.7742,2.4612
9621,0.7741,2.4607
9622,0.7723,2.4937
9623,0.7734,2.4612
9624,0.7724,2.4609
9625,0.7727,2.4620
9626,0.7739,2.4806
9627,0.7722,2.4891
9628,0.7765,2.6295
9629,0.7897,2.6014
9630,0.7709,2.5949
9631,0.7705,2.4632
9632,0.7718,2.4641
9633,0.7704,2.4645
9634,0.7711,2.4945
9635,0.7698,2.4540
9636,0.7704,2.4639
9637,0.7711,2.4664
9638,0.7712,2.5767
9639,0.7709,2.4624
9640,0.7705,2.4624
9641,0.7969,2.4625
9642,0.7725,2.4988
9643,0.7720,2.4622
9644,0.7735,2.4613
9645,0.7733,2.4627
9646,0.7736,2.4977
9647,0.7732,2.4620
9648,0.7721,2.4622
9649,0.7732,2.4617
9650,0.7713,2.4926
9651,0.7739,2.4627
9652,0.7728,2.4624
9653,0.7737,2.4627
9654,0.8110,2.4872
9655,0.7741,2.4888
9656,0.7737,2.4867
9657,0.7732,2.4609
9658,0.7739,2.5023
9659,0.7734,2.4609
9660,0.7726,2.4607
9661,0.7742,2.4605
9662,0.7731,2.5063
9663,0.7778,2.4604
9664,0.7728,2.4604
9665,0.7727,2.4607
9666,0.7755,3.1174
9667,0.8241,2.4613
9668,0.7773,2.4617
9669,0.7757,2.5709
9670,0.7752,2.4957
9671,0.7750,2.4603
9672,0.7746,2.4642
9673,0.7748,2.4603
9674,0.7748,2.7352
9675,0.7754,2.4603
9676,0.7729,2.4621
9677,0.7751,2.4605
9678,0.7748,2.4899
9679,0.7757,2.4617
9680,0.8019,2.4620
9681,0.7745,2.4626
9682,0.7735,2.4837
9683,0.7739,2.4619
9684,0.7733,2.4622
9685,0.7753,2.4614
9686,0.7737,2.4949
9687,0.7747,2.4652
9688,0.7738,2.4613
9689,0.7745,2.4620
9690,0.7731,2.4845
9691,0.7750,2.4601
9692,0.7750,2.4614
9693,0.8226,2.4594
9694,0.7716,2.4800
9695,0.7721,2.4602
9696,0.7732,2.4591
9697,0.7729,2.4589
9698,0.7735,2.4822
9699,0.7725,2.4720
9700,0.7717,2.4715
9701,0.7756,2.4720
9702,0.7775,2.4967
9703,0.7755,2.4603
9704,0.7726,2.4612
9705,0.7713,2.4604
9706,0.7968,2.5292
9707,0.7730,2.4616
9708,0.7735,2.4625
9709,0.7737,2.4632
9710,0.7744,2.5048
9711,0.7739,2.4629
9712,0.7733,2.4610
9713,0.7739,2.4607
9714,0.7751,2.4630
9715,0.7740,2.5020
9716,0.7749,2.4605
9717,0.7743,2.5933
9718,0.7741,2.4618
9719,0.7958,2.5023
9720,0.7751,2.9332
9721,0.7742,2.4661
9722,0.7742,2.8269
9723,0.7751,2.4626
9724,0.7749,2.4619
9725,0.7749,2.5307
9726,0.7740,2.4878
9727,0.7748,2.4621
9728,0.7792,2.6562
9729,0.7749,2.4614
9730,0.7774,2.4854
9731,0.7743,2.4624
9732,0.7976,2.4614
9733,0.7725,2.4612
9734,0.7737,2.4877
9735,0.7748,2.4615
9736,0.7751,2.4622
9737,0.7736,2.4617
9738,0.7723,2.4874
9739,0.7736,2.4608
9740,0.7743,2.4607
9741,0.7796,2.4616
9742,0.7748,2.4944
9743,0.7750,2.4612
9744,0.8161,2.4628
9745,0.7717,2.4609
9746,0.7694,2.4896
9747,0.7692,2.4619
9748,0.7683,2.4622
9749,0.7685,2.4618
9750,0.7698,2.4963
9751,0.7685,2.4632
9752,0.7681,2.4602
9753,0.7696,2.4606
9754,0.7686,2.4624
9755,0.7723,2.4881
9756,0.7694,2.4594
9757,0.8010,2.4605
9758,0.7725,2.4611
9759,0.7726,2.4886
9760,0.7714,2.4599
9761,0.7720,2.4586
9762,0.7732,2.4607
9763,0.7712,2.5305
9764,0.7717,2.4600
9765,0.7724,2.4617
9766,0.7721,2.4605
9767,0.7723,2.4880
9768,0.7726,2.4623
9769,0.7708,2.4615
9770,0.7931,2.4616
9771,0.7717,2.4836
9772,0.7736,2.4608
9773,0.7751,2.9241
9774,0.7729,2.6648
9775,0.7739,2.4977
9776,0.7734,2.7236
9777,0.7722,2.4589
9778,0.7741,2.5034
9779,0.7743,2.4628
9780,0.7729,2.4612
9781,0.7748,2.9774
9782,0.7727,2.4998
9783,0.7991,2.4609
9784,0.7743,2.4601
9785,0.7727,2.4618
9786,0.7749,2.5119
9787,0.7720,2.4615
9788,0.7740,2.4615
9789,0.7752,2.5031
9790,0.7735,2.4928
9791,0.7746,2.4635
9792,0.7738,2.4633
9793,0.7736,2.4629
9794,0.7738,2.4940
9795,0.7789,2.4610
9796,0.8069,2.4642
9797,0.7708,2.4626
9798,0.7720,2.4849
9799,0.7769,2.4623
9800,0.7740,2.4638
9801,0.7731,2.4632
9802,0.7719,2.4622
9803,0.7718,2.4853
9804,0.7718,2.4641
9805,0.7771,2.4724
9806,0.7726,2.4625
9807,0.7716,2.5004
9808,0.7712,2.4619
9809,0.7972,2.4542
9810,0.7742,2.4521
9811,0.7743,2.4939
9812,0.7734,2.4494
9813,0.7735,2.4481
9814,0.7736,2.4492
9815,0.7734,2.5534
9816,0.7726,2.4620
9817,0.7730,2.4623
9818,0.7741,2.4617
9819,0.7731,2.5136
9820,0.7735,2.4598
9821,0.7745,2.4599
9822,0.8014,2.4599
9823,0.7712,2.8434
9824,0.7722,2.4617
9825,0.7699,2.4613
9826,0.7722,2.6523
9827,0.7708,2.5630
9828,0.7711,2.4609
9829,0.7712,2.8363
9830,0.7715,2.4976
9831,0.7700,2.4623
9832,0.7712,2.4627
9833,0.7717,2.4625
9834,0.7711,2.7405
9835,0.7857,2.4537
9836,0.7738,2.4505
9837,0.7715,2.6473
9838,0.7718,2.5129
9839,0.7731,2.4608
9840,0.7729,2.4628
9841,0.7761,2.4614
9842,0.7758,2.4940
9843,0.7710,2.4570
9844,0.7760,2.4620
9845,0.7722,2.4608
9846,0.7778,2.5198
9847,0.7771,2.4506
9848,0.8502,2.4493
9849,0.7772,2.4580
9850,0.7754,2.4678
9851,0.7745,2.6168
9852,0.7743,2.4603
9853,0.7755,2.4600
9854,0.7746,2.4605
9855,0.7750,2.5018
9856,0.7726,2.4951
9857,0.7742,2.4613
9858,0.7744,2.4609
9859,0.7743,2.4760
9860,0.8146,2.4547
9861,0.7806,2.4669
9862,0.7736,2.4678
9863,0.7735,2.4966
9864,0.7741,2.4651
9865,0.7757,2.4641
9866,0.7741,2.4676
9867,0.7953,2.5548
9868,0.7810,2.4597
9869,0.7707,2.4662
9870,0.7723,2.4694
9871,0.7743,2.4925
9872,0.7728,2.4498
9873,0.8030,2.4492
9874,0.7729,2.4509
9875,0.7732,2.4695
9876,0.7726,2.4485
9877,0.7725,2.4487
9878,0.7732,2.4485
9879,0.7735,2.7409
9880,0.7728,2.4604
9881,0.7739,2.4607
9882,0.7729,2.4609
9883,0.7727,2.4869
9884,0.7729,2.4627
9885,0.7731,2.5561
9886,0.7975,2.4620
9887,0.7750,2.4907
9888,0.7747,2.4615
9889,0.7744,2.4636
9890,0.7746,2.5994
9891,0.7745,2.4880
9892,0.7751,2.4615
9893,0.7748,2.6221
9894,0.7758,2.4617
9895,0.7745,2.4970
9896,0.7749,2.4609
9897,0.7751,2.4619
9898,0.7750,2.4601
9899,0.8051,2.4858
9900,0.7732,2.4610
9901,0.7728,2.4603
9902,0.7732,2.4959
9903,0.7727,2.4945
9904,0.7735,2.4490
9905,0.7733,2.7818
9906,0.7742,2.4614
9907,0.7723,2.7871
9908,0.7721,2.7682
9909,0.7724,2.4662
9910,0.7726,2.4538
9911,0.7734,2.5142
9912,0.7955,2.4611
9913,0.7754,2.4608
9914,0.7747,2.4612
9915,0.7753,2.5079
9916,0.7755,2.4619
9917,0.7751,2.4609
9918,0.7743,2.4613
9919,0.7758,2.5108
9920,0.7769,2.4621
9921,0.7757,2.4628
9922,0.7749,2.4623
9923,0.7752,2.5914
9924,0.7815,2.4609
9925,0.8035,2.4604
9926,0.7746,2.4619
9927,0.7755,2.5045
9928,0.7746,2.4614
9929,0.7760,2.4761
9930,0.7754,2.4940
9931,0.7755,2.5222
9932,0.7755,2.8463
9933,0.7759,2.4853
9934,0.7742,2.4630
9935,0.7763,2.4940
9936,0.7742,2.4604
9937,0.7777,2.4609
9938,0.7889,2.4609
9939,0.7762,2.4800
9940,0.7751,2.4611
9941,0.7751,2.6225
9942,0.7761,2.4611
9943,0.7758,2.4883
9944,0.7750,2.4602
9945,0.7760,2.6029
9946,0.7758,2.4624
9947,0.7756,2.4887
9948,0.7746,2.4619
9949,0.7753,2.5400
9950,0.7761,2.4605
9951,0.7965,2.4817
9952,0.7761,2.4618
9953,0.7752,2.4607
9954,0.7777,2.4615
9955,0.7746,2.6949
9956,0.7751,2.4624
9957,0.7758,2.4624
9958,0.7811,2.6532
9959,0.7758,2.6644
9960,0.7753,2.4537
9961,0.7749,2.4602
9962,0.7757,2.4595
9963,0.8014,2.4961
9964,0.7746,2.4621
9965,0.7740,2.4647
9966,0.7738,2.4685
9967,0.7760,2.5244
9968,0.7758,2.4609
9969,0.7744,2.4611
9970,0.7754,2.4613
9971,0.7745,2.4904
9972,0.7751,2.4535
9973,0.7753,2.4634
9974,0.7749,2.4683
9975,0.7750,2.5481
9976,0.8078,2.4614
9977,0.7718,2.4605
9978,0.7736,2.4603
9979,0.7728,2.5067
9980,0.7741,2.4604
9981,0.7719,2.4602
9982,0.7732,2.4603
9983,0.7704,2.5110
9984,0.7736,2.4611
9985,0.7727,2.4616
9986,0.7723,2.8391
9987,0.7741,2.4969
9988,0.7735,2.5474
9989,0.8041,2.5102
9990,0.7744,2.4600
9991,0.7745,2.5794
9992,0.7741,3.0858
9993,0.7746,3.1568
9994,0.7744,4.1673
9995,0.7756,3.5257
9996,0.7738,4.8303
9997,0.7747,3.1858
9998,0.7744,3.2230
9999,0.7745,3.4394
10000,0.7737,3.1649
